# Blender 4.4.1
# www.blender.org
mtllib titleFont.mtl
o テキスト.001
v -4.521600 0.800000 -0.200001
v -4.601600 0.752000 -0.200001
v -4.589247 0.718012 -0.200001
v -4.576244 0.682630 -0.200001
v -4.562675 0.646125 -0.200001
v -4.548622 0.608770 -0.200001
v -4.534169 0.570838 -0.200001
v -4.519400 0.532600 -0.200001
v -4.504397 0.494329 -0.200001
v -4.489244 0.456296 -0.200001
v -4.474025 0.418775 -0.200001
v -4.458822 0.382037 -0.200001
v -4.443719 0.346355 -0.200001
v -4.428800 0.312000 -0.200001
v -4.458134 0.280762 -0.200001
v -4.483868 0.250230 -0.200001
v -4.506201 0.220375 -0.200001
v -4.525334 0.191170 -0.200001
v -4.541467 0.162588 -0.200001
v -4.554801 0.134600 -0.200001
v -4.565534 0.107179 -0.200001
v -4.573867 0.080296 -0.200001
v -4.580000 0.053925 -0.200001
v -4.584133 0.028037 -0.200001
v -4.586466 0.002605 -0.200001
v -4.587200 -0.022400 -0.200001
v -4.586794 -0.043559 -0.200001
v -4.585556 -0.063807 -0.200001
v -4.583450 -0.083100 -0.200001
v -4.580444 -0.101393 -0.200001
v -4.576506 -0.118641 -0.200001
v -4.571600 -0.134800 -0.200001
v -4.565694 -0.149826 -0.200001
v -4.558755 -0.163674 -0.200001
v -4.550750 -0.176300 -0.200001
v -4.541644 -0.187659 -0.200001
v -4.531405 -0.197707 -0.200001
v -4.520000 -0.206400 -0.200001
v -4.514206 -0.210267 -0.200001
v -4.508045 -0.213867 -0.200001
v -4.501550 -0.217200 -0.200001
v -4.494756 -0.220267 -0.200001
v -4.487695 -0.223067 -0.200001
v -4.480400 -0.225600 -0.200001
v -4.472906 -0.227867 -0.200001
v -4.465244 -0.229867 -0.200001
v -4.457450 -0.231600 -0.200001
v -4.449555 -0.233067 -0.200001
v -4.441594 -0.234267 -0.200001
v -4.433599 -0.235200 -0.200001
v -4.424638 -0.235965 -0.200001
v -4.415377 -0.236652 -0.200001
v -4.405849 -0.237250 -0.200001
v -4.396089 -0.237748 -0.200001
v -4.386127 -0.238135 -0.200001
v -4.376000 -0.238400 -0.200001
v -4.365739 -0.238531 -0.200001
v -4.355378 -0.238519 -0.200001
v -4.344950 -0.238350 -0.200001
v -4.334489 -0.238015 -0.200001
v -4.324028 -0.237502 -0.200001
v -4.313600 -0.236800 -0.200001
v -4.313370 -0.228885 -0.200001
v -4.312690 -0.220415 -0.200001
v -4.311576 -0.211500 -0.200001
v -4.310045 -0.202252 -0.200001
v -4.308115 -0.192781 -0.200001
v -4.305800 -0.183200 -0.200001
v -4.303120 -0.173619 -0.200001
v -4.300089 -0.164148 -0.200001
v -4.296725 -0.154900 -0.200001
v -4.293044 -0.145985 -0.200001
v -4.289063 -0.137515 -0.200001
v -4.284800 -0.129600 -0.200001
v -4.294728 -0.130366 -0.200001
v -4.304496 -0.131059 -0.200001
v -4.314075 -0.131675 -0.200001
v -4.323437 -0.132207 -0.200001
v -4.332554 -0.132651 -0.200001
v -4.341400 -0.133000 -0.200001
v -4.349945 -0.133249 -0.200001
v -4.358163 -0.133393 -0.200001
v -4.366025 -0.133425 -0.200001
v -4.373504 -0.133341 -0.200001
v -4.380571 -0.133134 -0.200001
v -4.387200 -0.132800 -0.200001
v -4.392702 -0.132363 -0.200001
v -4.398015 -0.131837 -0.200001
v -4.403150 -0.131200 -0.200001
v -4.408118 -0.130430 -0.200001
v -4.412931 -0.129504 -0.200001
v -4.417600 -0.128400 -0.200001
v -4.422135 -0.127096 -0.200001
v -4.426548 -0.125570 -0.200001
v -4.430850 -0.123800 -0.200001
v -4.435052 -0.121763 -0.200001
v -4.439165 -0.119437 -0.200001
v -4.443200 -0.116800 -0.200001
v -4.449605 -0.111941 -0.200001
v -4.455251 -0.106193 -0.200001
v -4.460174 -0.099600 -0.200001
v -4.464414 -0.092207 -0.200001
v -4.468009 -0.084059 -0.200001
v -4.470999 -0.075200 -0.200001
v -4.473423 -0.065674 -0.200001
v -4.475318 -0.055526 -0.200001
v -4.476725 -0.044800 -0.200001
v -4.477681 -0.033541 -0.200001
v -4.478227 -0.021793 -0.200001
v -4.478400 -0.009600 -0.200001
v -4.477604 0.011967 -0.200001
v -4.475103 0.034267 -0.200001
v -4.470725 0.057300 -0.200001
v -4.464296 0.081067 -0.200001
v -4.455645 0.105567 -0.200001
v -4.444600 0.130800 -0.200001
v -4.430988 0.156767 -0.200001
v -4.414637 0.183467 -0.200001
v -4.395375 0.210900 -0.200001
v -4.373030 0.239067 -0.200001
v -4.347429 0.267967 -0.200001
v -4.318400 0.297600 -0.200001
v -4.331192 0.328625 -0.200001
v -4.343940 0.360733 -0.200001
v -4.356599 0.393675 -0.200001
v -4.369125 0.427200 -0.200001
v -4.381474 0.461058 -0.200001
v -4.393600 0.495000 -0.200001
v -4.405459 0.528775 -0.200001
v -4.417007 0.562133 -0.200001
v -4.428199 0.594825 -0.200001
v -4.438992 0.626600 -0.200001
v -4.449340 0.657208 -0.200001
v -4.459199 0.686400 -0.200001
v -4.236800 0.686400 -0.200001
v -4.236800 -0.608000 -0.200001
v -4.129600 -0.608000 -0.200001
v -4.129600 0.795200 -0.200001
v -4.504000 0.795200 -0.200001
v -4.990400 0.377600 -0.200002
v -4.737600 0.377600 -0.200002
v -4.737600 0.465600 -0.200002
v -4.725967 0.457668 -0.200002
v -4.714274 0.449874 -0.200002
v -4.702525 0.442225 -0.200002
v -4.690725 0.434726 -0.200002
v -4.678882 0.427382 -0.200002
v -4.666999 0.420200 -0.200001
v -4.655084 0.413184 -0.200001
v -4.643140 0.406341 -0.200001
v -4.631175 0.399675 -0.200001
v -4.619192 0.393193 -0.200001
v -4.607199 0.386899 -0.200001
v -4.595200 0.380800 -0.200001
v -4.591743 0.388281 -0.200001
v -4.587815 0.396252 -0.200001
v -4.583475 0.404600 -0.200001
v -4.578785 0.413215 -0.200001
v -4.573807 0.421985 -0.200001
v -4.568600 0.430800 -0.200001
v -4.563227 0.439548 -0.200001
v -4.557748 0.448119 -0.200001
v -4.552225 0.456400 -0.200001
v -4.546719 0.464281 -0.200001
v -4.541290 0.471652 -0.200001
v -4.536000 0.478400 -0.200001
v -4.581850 0.501050 -0.200001
v -4.627193 0.526400 -0.200001
v -4.671726 0.554150 -0.200002
v -4.715141 0.584000 -0.200002
v -4.757135 0.615650 -0.200002
v -4.797400 0.648800 -0.200002
v -4.835633 0.683150 -0.200002
v -4.871526 0.718400 -0.200002
v -4.904775 0.754250 -0.200002
v -4.935074 0.790400 -0.200002
v -4.962118 0.826550 -0.200002
v -4.985600 0.862400 -0.200002
v -5.096000 0.862400 -0.200002
v -5.126186 0.823932 -0.200002
v -5.158949 0.786259 -0.200002
v -5.194001 0.749575 -0.200002
v -5.231052 0.714074 -0.200002
v -5.269815 0.679951 -0.200002
v -5.310000 0.647400 -0.200002
v -5.351319 0.616616 -0.200002
v -5.393482 0.587793 -0.200002
v -5.436200 0.561125 -0.200002
v -5.479185 0.536807 -0.200002
v -5.522148 0.515034 -0.200002
v -5.564800 0.496000 -0.200002
v -5.559172 0.488882 -0.200002
v -5.553511 0.481193 -0.200002
v -5.547850 0.473025 -0.200002
v -5.542222 0.464474 -0.200002
v -5.536661 0.455634 -0.200002
v -5.531200 0.446600 -0.200002
v -5.525872 0.437466 -0.200002
v -5.520711 0.428326 -0.200002
v -5.515750 0.419275 -0.200002
v -5.511022 0.410407 -0.200002
v -5.506561 0.401818 -0.200002
v -5.502400 0.393600 -0.200002
v -5.491567 0.398899 -0.200002
v -5.480674 0.404393 -0.200002
v -5.469725 0.410075 -0.200002
v -5.458725 0.415941 -0.200002
v -5.447682 0.421984 -0.200002
v -5.436599 0.428200 -0.200002
v -5.425484 0.434582 -0.200002
v -5.414340 0.441126 -0.200002
v -5.403174 0.447825 -0.200002
v -5.391992 0.454674 -0.200002
v -5.380799 0.461668 -0.200002
v -5.369600 0.468800 -0.200002
v -5.369600 0.377600 -0.200002
v -5.100800 0.377600 -0.200002
v -5.100800 0.238400 -0.200002
v -5.464000 0.238400 -0.200002
v -5.464000 -0.172800 -0.200002
v -5.142400 -0.172800 -0.200002
v -5.166442 -0.219992 -0.200002
v -5.192207 -0.262600 -0.200002
v -5.219750 -0.300975 -0.200002
v -5.249126 -0.335467 -0.200002
v -5.280391 -0.366425 -0.200002
v -5.313600 -0.394200 -0.200002
v -5.348809 -0.419142 -0.200002
v -5.386074 -0.441600 -0.200002
v -5.425450 -0.461925 -0.200002
v -5.466992 -0.480467 -0.200002
v -5.510757 -0.497575 -0.200002
v -5.556800 -0.513600 -0.200002
v -5.549578 -0.520290 -0.200002
v -5.542356 -0.527519 -0.200002
v -5.535200 -0.535225 -0.200002
v -5.528178 -0.543348 -0.200002
v -5.521356 -0.551827 -0.200002
v -5.514800 -0.560600 -0.200002
v -5.508578 -0.569606 -0.200002
v -5.502756 -0.578785 -0.200002
v -5.497400 -0.588075 -0.200002
v -5.492578 -0.597415 -0.200002
v -5.488356 -0.606744 -0.200002
v -5.484800 -0.616000 -0.200002
v -5.437958 -0.597116 -0.200002
v -5.393393 -0.577059 -0.200002
v -5.351050 -0.555525 -0.200002
v -5.310874 -0.532207 -0.200002
v -5.272810 -0.506801 -0.200002
v -5.236800 -0.479000 -0.200002
v -5.202791 -0.448499 -0.200002
v -5.170726 -0.414993 -0.200002
v -5.140550 -0.378175 -0.200002
v -5.112207 -0.337741 -0.200002
v -5.085643 -0.293384 -0.200002
v -5.060800 -0.244800 -0.200002
v -5.044820 -0.280948 -0.200002
v -5.025496 -0.316519 -0.200002
v -5.002550 -0.351400 -0.200002
v -4.975703 -0.385482 -0.200002
v -4.944679 -0.418652 -0.200002
v -4.909200 -0.450800 -0.200002
v -4.868987 -0.481815 -0.200002
v -4.823762 -0.511585 -0.200002
v -4.773250 -0.540000 -0.200001
v -4.717170 -0.566948 -0.200001
v -4.655246 -0.592319 -0.200001
v -4.587200 -0.616000 -0.200001
v -4.583983 -0.609194 -0.200001
v -4.580007 -0.601689 -0.200001
v -4.575374 -0.593650 -0.200001
v -4.570192 -0.585244 -0.200001
v -4.564565 -0.576639 -0.200001
v -4.558599 -0.568000 -0.200001
v -4.552401 -0.559494 -0.200001
v -4.546074 -0.551289 -0.200001
v -4.539725 -0.543550 -0.200001
v -4.533459 -0.536444 -0.200001
v -4.527382 -0.530139 -0.200001
v -4.521600 -0.524800 -0.200001
v -4.591097 -0.501313 -0.200001
v -4.653444 -0.476504 -0.200001
v -4.709025 -0.450450 -0.200001
v -4.758222 -0.423230 -0.200001
v -4.801419 -0.394920 -0.200002
v -4.839000 -0.365600 -0.200002
v -4.871347 -0.335346 -0.200002
v -4.898844 -0.304237 -0.200002
v -4.921875 -0.272350 -0.200002
v -4.940822 -0.239763 -0.200002
v -4.956069 -0.206554 -0.200002
v -4.968000 -0.172800 -0.200002
v -4.641600 -0.172800 -0.200001
v -4.641600 0.238400 -0.200001
v -4.990400 0.238400 -0.200002
v -5.353600 0.480000 -0.200002
v -5.323751 0.500419 -0.200002
v -5.294281 0.521622 -0.200002
v -5.265300 0.543525 -0.200002
v -5.236918 0.566045 -0.200002
v -5.209248 0.589097 -0.200002
v -5.182400 0.612600 -0.200002
v -5.156485 0.636470 -0.200002
v -5.131615 0.660622 -0.200002
v -5.107900 0.684975 -0.200002
v -5.085452 0.709445 -0.200002
v -5.064381 0.733947 -0.200002
v -5.044800 0.758400 -0.200002
v -5.027981 0.735047 -0.200002
v -5.009585 0.711444 -0.200002
v -4.989700 0.687675 -0.200002
v -4.968415 0.663822 -0.200002
v -4.945818 0.639969 -0.200002
v -4.922000 0.616200 -0.200002
v -4.897048 0.592597 -0.200002
v -4.871052 0.569244 -0.200002
v -4.844100 0.546225 -0.200002
v -4.816281 0.523622 -0.200002
v -4.787685 0.501519 -0.200002
v -4.758399 0.480000 -0.200002
v -4.987200 -0.073600 -0.200002
v -4.987599 -0.067200 -0.200002
v -4.987992 -0.060800 -0.200002
v -4.988375 -0.054400 -0.200002
v -4.988740 -0.048000 -0.200002
v -4.989084 -0.041600 -0.200002
v -4.989399 -0.035200 -0.200002
v -4.989682 -0.028800 -0.200002
v -4.989925 -0.022400 -0.200002
v -4.990125 -0.016000 -0.200002
v -4.990274 -0.009600 -0.200002
v -4.990367 -0.003200 -0.200002
v -4.990400 0.003200 -0.200002
v -4.990400 0.140800 -0.200002
v -4.748800 0.140800 -0.200002
v -4.748800 -0.073600 -0.200002
v -5.097600 -0.073600 -0.200002
v -5.353600 -0.073600 -0.200002
v -5.353600 0.140800 -0.200002
v -5.100800 0.140800 -0.200002
v -5.100800 -0.000000 -0.200002
v -3.577600 -0.235200 -0.200001
v -3.577600 -0.118400 -0.200001
v -2.820800 -0.118400 -0.200001
v -2.820800 -0.235200 -0.200001
v -3.577600 0.084800 -0.200001
v -2.820800 0.084800 -0.200001
v -2.820800 -0.030400 -0.200001
v -3.577600 -0.030400 -0.200001
v -3.577600 -0.441600 -0.200001
v -3.577600 -0.321600 -0.200001
v -2.820800 -0.321600 -0.200001
v -2.820800 -0.441600 -0.200001
v -3.697600 -0.598400 -0.200001
v -3.577600 -0.598400 -0.200001
v -3.577600 -0.534400 -0.200001
v -2.820800 -0.534400 -0.200001
v -2.820800 -0.603200 -0.200001
v -2.705600 -0.603200 -0.200001
v -2.705600 0.176000 -0.200001
v -3.697600 0.176000 -0.200001
v -3.803200 0.249600 -0.200001
v -3.683200 0.249600 -0.200001
v -3.683200 0.697600 -0.200001
v -2.707200 0.697600 -0.200001
v -2.707200 0.246400 -0.200001
v -2.590400 0.246400 -0.200001
v -2.590400 0.788800 -0.200001
v -3.803200 0.788800 -0.200001
v -3.590400 0.502400 -0.200001
v -2.808000 0.502400 -0.200001
v -2.808000 0.590400 -0.200001
v -3.590400 0.590400 -0.200001
v -3.590400 0.299200 -0.200001
v -2.809600 0.299200 -0.200001
v -2.809600 0.387200 -0.200001
v -3.590400 0.387200 -0.200001
v -1.666788 0.829380 -0.200001
v -1.666304 0.795170 -0.200001
v -1.665675 0.759850 -0.200001
v -1.664829 0.723496 -0.200001
v -1.663695 0.686187 -0.200001
v -1.662200 0.648000 -0.200001
v -1.660271 0.609013 -0.200001
v -1.657837 0.569304 -0.200001
v -1.654825 0.528950 -0.200001
v -1.651163 0.488030 -0.200001
v -1.646778 0.446620 -0.200001
v -1.641600 0.404800 -0.200001
v -2.307200 0.404800 -0.200001
v -2.307200 0.281600 -0.200001
v -1.700800 0.281600 -0.200001
v -1.730835 0.194557 -0.200001
v -1.764948 0.110459 -0.200001
v -1.803150 0.029650 -0.200001
v -1.845452 -0.047526 -0.200001
v -1.891865 -0.120724 -0.200001
v -1.942400 -0.189600 -0.200001
v -1.997068 -0.253809 -0.200001
v -2.055882 -0.313007 -0.200001
v -2.118850 -0.366850 -0.200001
v -2.185985 -0.414993 -0.200001
v -2.257298 -0.457091 -0.200001
v -2.332800 -0.492800 -0.200001
v -2.325048 -0.500045 -0.200001
v -2.317052 -0.508096 -0.200001
v -2.308900 -0.516825 -0.200001
v -2.300682 -0.526104 -0.200001
v -2.292485 -0.535805 -0.200001
v -2.284400 -0.545800 -0.200001
v -2.276515 -0.555962 -0.200001
v -2.268919 -0.566163 -0.200001
v -2.261700 -0.576275 -0.200001
v -2.254948 -0.586170 -0.200001
v -2.248752 -0.595721 -0.200001
v -2.243200 -0.604800 -0.200001
v -2.167754 -0.565198 -0.200001
v -2.096563 -0.520118 -0.200001
v -2.029550 -0.469750 -0.200001
v -1.966637 -0.414281 -0.200001
v -1.907746 -0.353902 -0.200001
v -1.852800 -0.288800 -0.200001
v -1.801720 -0.219165 -0.200001
v -1.754429 -0.145185 -0.200001
v -1.710850 -0.067050 -0.200001
v -1.670904 0.015052 -0.200001
v -1.634513 0.100931 -0.200000
v -1.601600 0.190400 -0.200000
v -1.579962 0.113306 -0.200000
v -1.553963 0.036718 -0.200000
v -1.523175 -0.038925 -0.200000
v -1.487170 -0.113185 -0.200000
v -1.445521 -0.185623 -0.200000
v -1.397800 -0.255800 -0.200000
v -1.343578 -0.323277 -0.200000
v -1.282429 -0.387615 -0.200000
v -1.213925 -0.448375 -0.200000
v -1.137637 -0.505119 -0.200000
v -1.053138 -0.557406 -0.200000
v -0.960000 -0.604800 -0.200000
v -0.954814 -0.596951 -0.200000
v -0.948911 -0.588674 -0.200000
v -0.942375 -0.580075 -0.200000
v -0.935289 -0.571259 -0.200000
v -0.927736 -0.562332 -0.200000
v -0.919800 -0.553400 -0.200000
v -0.911564 -0.544568 -0.200000
v -0.903111 -0.535941 -0.200000
v -0.894525 -0.527625 -0.200000
v -0.885889 -0.519726 -0.200000
v -0.877286 -0.512349 -0.200000
v -0.868800 -0.505600 -0.200000
v -0.963883 -0.459617 -0.200000
v -1.049466 -0.408400 -0.200000
v -1.126050 -0.352450 -0.200000
v -1.194133 -0.292267 -0.200000
v -1.254216 -0.228350 -0.200000
v -1.306800 -0.161200 -0.200000
v -1.352383 -0.091317 -0.200000
v -1.391466 -0.019200 -0.200000
v -1.424550 0.054650 -0.200000
v -1.452133 0.129733 -0.200000
v -1.474717 0.205550 -0.200000
v -1.492800 0.281600 -0.200000
v -0.899200 0.281600 -0.200000
v -0.899200 0.404800 -0.200000
v -1.513600 0.404800 -0.200000
v -1.519083 0.447018 -0.200000
v -1.523600 0.488807 -0.200000
v -1.527250 0.530075 -0.200000
v -1.530133 0.570726 -0.200000
v -1.532350 0.610666 -0.200000
v -1.534000 0.649800 -0.200000
v -1.535183 0.688034 -0.200000
v -1.536000 0.725274 -0.200000
v -1.536550 0.761425 -0.200000
v -1.536933 0.796393 -0.200000
v -1.537250 0.830082 -0.200000
v -1.537600 0.862400 -0.200000
v -1.667200 0.862400 -0.200001
v 0.532532 -0.019280 -0.200000
v 0.527193 -0.062770 -0.200000
v 0.518775 -0.101750 -0.200000
v 0.507674 -0.136296 -0.200000
v 0.494284 -0.166487 -0.200000
v 0.479000 -0.192400 -0.200000
v 0.462216 -0.214113 -0.200000
v 0.444326 -0.231704 -0.200000
v 0.425725 -0.245250 -0.200000
v 0.406807 -0.254830 -0.200000
v 0.387968 -0.260520 -0.200000
v 0.369600 -0.262400 -0.200000
v 0.350607 -0.260134 -0.200000
v 0.331259 -0.253207 -0.200000
v 0.311600 -0.241425 -0.200000
v 0.291674 -0.224593 -0.200000
v 0.271526 -0.202516 -0.200000
v 0.251200 -0.175000 -0.200000
v 0.230741 -0.141851 -0.200000
v 0.210193 -0.102874 -0.200000
v 0.189600 -0.057875 -0.200000
v 0.169007 -0.006659 -0.200000
v 0.148459 0.050968 -0.200000
v 0.128000 0.115200 -0.200000
v 0.118170 0.148786 -0.200000
v 0.108696 0.183089 -0.200000
v 0.099600 0.218025 -0.200000
v 0.090904 0.253511 -0.200000
v 0.082630 0.289464 -0.200000
v 0.074800 0.325800 -0.200000
v 0.067437 0.362436 -0.200000
v 0.060563 0.399289 -0.200000
v 0.054200 0.436275 -0.200000
v 0.048370 0.473311 -0.200000
v 0.043096 0.510314 -0.200000
v 0.038400 0.547200 -0.200000
v 0.112693 0.533089 -0.200000
v 0.181808 0.510578 -0.200000
v 0.245500 0.480600 -0.200000
v 0.303526 0.444089 -0.200000
v 0.355641 0.401978 -0.200000
v 0.401600 0.355200 -0.200000
v 0.441159 0.304689 -0.200000
v 0.474074 0.251378 -0.200000
v 0.500100 0.196200 -0.200000
v 0.518993 0.140089 -0.200000
v 0.530507 0.083978 -0.200000
v 0.534400 0.028800 -0.200000
v 0.026596 0.008970 -0.200000
v 0.052770 -0.063304 -0.200000
v 0.080100 -0.128800 -0.200000
v 0.108563 -0.187496 -0.200000
v 0.138137 -0.239370 -0.200000
v 0.168800 -0.284400 -0.200000
v 0.200530 -0.322563 -0.200000
v 0.233304 -0.353837 -0.200000
v 0.267100 -0.378200 -0.200000
v 0.301896 -0.395630 -0.200000
v 0.337670 -0.406104 -0.200000
v 0.374400 -0.409600 -0.200000
v 0.409918 -0.406236 -0.200000
v 0.444941 -0.396289 -0.200000
v 0.478975 -0.379975 -0.200000
v 0.511526 -0.357511 -0.200000
v 0.542099 -0.329114 -0.200000
v 0.570200 -0.295000 -0.200000
v 0.595334 -0.255386 -0.200000
v 0.617007 -0.210489 -0.200000
v 0.634725 -0.160525 -0.200000
v 0.647993 -0.105711 -0.200000
v 0.656316 -0.046264 -0.200000
v 0.659200 0.017600 -0.200000
v 0.652898 0.103349 -0.200000
v 0.634519 0.186393 -0.200000
v 0.604850 0.265825 -0.200000
v 0.564681 0.340741 -0.200000
v 0.514802 0.410234 -0.200000
v 0.456000 0.473400 -0.200000
v 0.389065 0.529332 -0.200000
v 0.314785 0.577126 -0.200000
v 0.233950 0.615875 -0.200000
v 0.147348 0.644674 -0.200000
v 0.055769 0.662618 -0.200000
v -0.040000 0.668800 -0.200000
v -0.130707 0.663418 -0.200000
v -0.215393 0.647741 -0.200000
v -0.293700 0.622475 -0.200000
v -0.365274 0.588326 -0.200000
v -0.429759 0.545999 -0.200000
v -0.486800 0.496200 -0.200000
v -0.536041 0.439634 -0.200000
v -0.577126 0.377007 -0.200000
v -0.609700 0.309025 -0.200000
v -0.633407 0.236393 -0.200000
v -0.647893 0.159816 -0.200000
v -0.652800 0.080000 -0.200000
v -0.648236 -0.001631 -0.200000
v -0.634689 -0.078378 -0.200000
v -0.612375 -0.150025 -0.200000
v -0.581511 -0.216356 -0.200000
v -0.542314 -0.277153 -0.200000
v -0.495000 -0.332200 -0.200000
v -0.439786 -0.381281 -0.200000
v -0.376889 -0.424178 -0.200000
v -0.306525 -0.460675 -0.200000
v -0.228911 -0.490556 -0.200000
v -0.144264 -0.513603 -0.200000
v -0.052800 -0.529600 -0.200000
v 0.022400 -0.411200 -0.200000
v 0.009640 -0.409935 -0.200000
v -0.003015 -0.408548 -0.200000
v -0.015525 -0.407050 -0.200000
v -0.027852 -0.405452 -0.200000
v -0.039956 -0.403765 -0.200000
v -0.051800 -0.402000 -0.200000
v -0.063343 -0.400169 -0.200000
v -0.074548 -0.398281 -0.200000
v -0.085375 -0.396350 -0.200000
v -0.095785 -0.394385 -0.200000
v -0.105740 -0.392398 -0.200000
v -0.115200 -0.390400 -0.200000
v -0.166219 -0.376589 -0.200000
v -0.216415 -0.358311 -0.200000
v -0.265100 -0.335500 -0.200000
v -0.311585 -0.308089 -0.200000
v -0.355181 -0.276011 -0.200000
v -0.395200 -0.239200 -0.200000
v -0.430952 -0.197589 -0.200000
v -0.461748 -0.151111 -0.200000
v -0.486900 -0.099700 -0.200000
v -0.505718 -0.043289 -0.200000
v -0.517515 0.018189 -0.200000
v -0.521600 0.084800 -0.200000
v -0.518389 0.144256 -0.200000
v -0.508844 0.201511 -0.200000
v -0.493100 0.256100 -0.200000
v -0.471289 0.307555 -0.200000
v -0.443544 0.355411 -0.200000
v -0.410000 0.399200 -0.200000
v -0.370789 0.438455 -0.200000
v -0.326044 0.472711 -0.200000
v -0.275900 0.501500 -0.200000
v -0.220489 0.524356 -0.200000
v -0.159944 0.540811 -0.200000
v -0.094400 0.550400 -0.200000
v -0.088997 0.512549 -0.200000
v -0.083178 0.474259 -0.200000
v -0.076925 0.435625 -0.200000
v -0.070222 0.396741 -0.200000
v -0.063053 0.357701 -0.200000
v -0.055400 0.318600 -0.200000
v -0.047247 0.279532 -0.200000
v -0.038578 0.240593 -0.200000
v -0.029375 0.201875 -0.200000
v -0.019622 0.163474 -0.200000
v -0.009303 0.125484 -0.200000
v 0.001600 0.088000 -0.200000
v 1.203200 -0.520000 -0.200000
v 1.261590 -0.496546 -0.200000
v 1.329252 -0.472770 -0.200000
v 1.404525 -0.448950 -0.199999
v 1.485748 -0.425363 -0.199999
v 1.571260 -0.402287 -0.199999
v 1.659400 -0.380000 -0.199999
v 1.748506 -0.358780 -0.199999
v 1.836918 -0.338904 -0.199999
v 1.922975 -0.320650 -0.199999
v 2.005015 -0.304296 -0.199999
v 2.081377 -0.290120 -0.199999
v 2.150400 -0.278400 -0.199999
v 2.100800 -0.156800 -0.199999
v 2.029788 -0.168581 -0.199999
v 1.952170 -0.182911 -0.199999
v 1.869475 -0.199475 -0.199999
v 1.783230 -0.217956 -0.199999
v 1.694962 -0.238036 -0.199999
v 1.606200 -0.259400 -0.199999
v 1.518471 -0.281731 -0.199999
v 1.433304 -0.304711 -0.199999
v 1.352225 -0.328025 -0.199999
v 1.276763 -0.351356 -0.200000
v 1.208445 -0.374386 -0.200000
v 1.148800 -0.396800 -0.200000
v 1.152000 0.422400 -0.200000
v 1.205222 0.440385 -0.200000
v 1.266311 0.458948 -0.200000
v 1.333800 0.477800 -0.200000
v 1.406222 0.496652 -0.200000
v 1.482111 0.515215 -0.199999
v 1.560000 0.533200 -0.199999
v 1.638422 0.550318 -0.199999
v 1.715911 0.566281 -0.199999
v 1.791000 0.580800 -0.199999
v 1.862222 0.593585 -0.199999
v 1.928111 0.604348 -0.199999
v 1.987200 0.612800 -0.199999
v 1.940800 0.731200 -0.199999
v 1.884428 0.723515 -0.199999
v 1.820355 0.713452 -0.199999
v 1.750150 0.701300 -0.199999
v 1.675378 0.687348 -0.199999
v 1.597605 0.671885 -0.199999
v 1.518400 0.655200 -0.199999
v 1.439328 0.637582 -0.200000
v 1.361955 0.619319 -0.200000
v 1.287850 0.600700 -0.200000
v 1.218578 0.582015 -0.200000
v 1.155706 0.563552 -0.200000
v 1.100800 0.545600 -0.200000
v 1.257600 -0.006400 -0.200000
v 1.308054 0.012260 -0.200000
v 1.365763 0.031281 -0.200000
v 1.429450 0.050425 -0.199999
v 1.497837 0.069452 -0.199999
v 1.569646 0.088123 -0.199999
v 1.643600 0.106200 -0.199999
v 1.718420 0.123444 -0.199999
v 1.792830 0.139615 -0.199999
v 1.865550 0.154475 -0.199999
v 1.935304 0.167785 -0.199999
v 2.000813 0.179306 -0.199999
v 2.060800 0.188800 -0.199999
v 2.012800 0.308800 -0.199999
v 1.954706 0.298697 -0.199999
v 1.890845 0.286911 -0.199999
v 1.822450 0.273625 -0.199999
v 1.750756 0.259022 -0.199999
v 1.676995 0.243286 -0.199999
v 1.602400 0.226600 -0.199999
v 1.528206 0.209147 -0.199999
v 1.455644 0.191111 -0.199999
v 1.385950 0.172675 -0.200000
v 1.320356 0.154022 -0.200000
v 1.260094 0.135336 -0.200000
v 1.206400 0.116800 -0.200000
v 2.745600 0.564800 -0.199999
v 2.754016 0.581397 -0.199999
v 2.763193 0.599044 -0.199999
v 2.773025 0.617525 -0.199999
v 2.783407 0.636622 -0.199999
v 2.794234 0.656119 -0.199999
v 2.805400 0.675800 -0.199999
v 2.816799 0.695447 -0.199999
v 2.828326 0.714844 -0.199999
v 2.839875 0.733775 -0.199999
v 2.851341 0.752022 -0.199999
v 2.862617 0.769369 -0.199999
v 2.873600 0.785600 -0.199999
v 2.788800 0.822400 -0.199999
v 2.778428 0.806842 -0.199999
v 2.767422 0.789941 -0.199999
v 2.755950 0.771950 -0.199999
v 2.744178 0.753126 -0.199999
v 2.732272 0.733724 -0.199999
v 2.720400 0.714000 -0.199999
v 2.708728 0.694209 -0.199999
v 2.697422 0.674607 -0.199999
v 2.686650 0.655450 -0.199999
v 2.676578 0.636993 -0.199999
v 2.667372 0.619491 -0.199999
v 2.659200 0.603200 -0.199999
v 2.560000 0.622400 -0.199999
v 2.569151 0.640035 -0.199999
v 2.578941 0.658415 -0.199999
v 2.589275 0.677350 -0.199999
v 2.600059 0.696652 -0.199999
v 2.611199 0.716131 -0.199999
v 2.622600 0.735600 -0.199999
v 2.634167 0.754869 -0.199999
v 2.645807 0.773748 -0.199999
v 2.657425 0.792050 -0.199999
v 2.668926 0.809585 -0.199999
v 2.680216 0.826165 -0.199999
v 2.691200 0.841600 -0.199999
v 2.608000 0.878400 -0.199999
v 2.596861 0.862813 -0.199999
v 2.585155 0.845837 -0.199999
v 2.573050 0.827750 -0.199999
v 2.560711 0.808830 -0.199999
v 2.548305 0.789354 -0.199999
v 2.536000 0.769600 -0.199999
v 2.523961 0.749846 -0.199999
v 2.512355 0.730370 -0.199999
v 2.501350 0.711450 -0.199999
v 2.491111 0.693363 -0.199999
v 2.481805 0.676387 -0.199999
v 2.473600 0.660800 -0.199999
v 2.806547 0.457053 -0.199999
v 2.822911 0.419622 -0.199999
v 2.840975 0.380825 -0.199999
v 2.860622 0.340978 -0.199999
v 2.881736 0.300397 -0.199999
v 2.904200 0.259400 -0.199999
v 2.927897 0.218303 -0.199999
v 2.952711 0.177422 -0.199999
v 2.978525 0.137075 -0.199999
v 3.005222 0.097578 -0.199999
v 3.032686 0.059247 -0.199999
v 3.060800 0.022400 -0.199999
v 3.018302 -0.014848 -0.199999
v 2.975081 -0.054252 -0.199999
v 2.931550 -0.095300 -0.199999
v 2.888119 -0.137481 -0.199999
v 2.845198 -0.180285 -0.199999
v 2.803200 -0.223200 -0.199999
v 2.762535 -0.265715 -0.199999
v 2.723615 -0.307318 -0.199999
v 2.686850 -0.347500 -0.199999
v 2.652652 -0.385748 -0.199999
v 2.621431 -0.421552 -0.199999
v 2.593600 -0.454400 -0.199999
v 2.705600 -0.552000 -0.199999
v 2.733660 -0.515516 -0.199999
v 2.764081 -0.477459 -0.199999
v 2.796625 -0.438125 -0.199999
v 2.831052 -0.397807 -0.199999
v 2.867123 -0.356801 -0.199999
v 2.904600 -0.315400 -0.199999
v 2.943243 -0.273899 -0.199999
v 2.982815 -0.232593 -0.199999
v 3.023075 -0.191775 -0.199999
v 3.063785 -0.151741 -0.199999
v 3.104706 -0.112784 -0.199999
v 3.145600 -0.075200 -0.199999
v 3.189319 -0.121335 -0.199999
v 3.234822 -0.166815 -0.199999
v 3.282025 -0.211450 -0.199999
v 3.330844 -0.255052 -0.199999
v 3.381197 -0.297431 -0.199999
v 3.433000 -0.338400 -0.199999
v 3.486169 -0.377768 -0.199999
v 3.540622 -0.415348 -0.199999
v 3.596275 -0.450950 -0.199999
v 3.653044 -0.484385 -0.199999
v 3.710847 -0.515465 -0.199999
v 3.769600 -0.544000 -0.199999
v 3.872000 -0.436800 -0.199999
v 3.808063 -0.409789 -0.199999
v 3.745170 -0.379378 -0.199999
v 3.683500 -0.345900 -0.199999
v 3.623230 -0.309689 -0.199999
v 3.564537 -0.271078 -0.199999
v 3.507600 -0.230400 -0.199999
v 3.452596 -0.187989 -0.199999
v 3.399704 -0.144178 -0.199999
v 3.349100 -0.099300 -0.199999
v 3.300963 -0.053689 -0.199999
v 3.255470 -0.007678 -0.199999
v 3.212800 0.038400 -0.199999
v 3.185482 0.070528 -0.199999
v 3.158126 0.105022 -0.199999
v 3.131025 0.141450 -0.199999
v 3.104474 0.179378 -0.199999
v 3.078767 0.218372 -0.199999
v 3.054200 0.258000 -0.199999
v 3.031065 0.297828 -0.199999
v 3.009659 0.337422 -0.199999
v 2.990275 0.376350 -0.199999
v 2.973207 0.414178 -0.199999
v 2.958751 0.450472 -0.199999
v 2.947200 0.484800 -0.199999
v 2.970508 0.484800 -0.199999
v 3.009533 0.484800 -0.199999
v 3.061125 0.484800 -0.199999
v 3.122133 0.484800 -0.199999
v 3.189409 0.484800 -0.199999
v 3.259800 0.484800 -0.199999
v 3.330158 0.484800 -0.199999
v 3.397333 0.484800 -0.199999
v 3.458175 0.484800 -0.199999
v 3.509533 0.484800 -0.199999
v 3.548258 0.484800 -0.199999
v 3.571200 0.484800 -0.199999
v 3.585807 0.484673 -0.199999
v 3.601392 0.484319 -0.199999
v 3.617600 0.483775 -0.199999
v 3.634074 0.483082 -0.199999
v 3.650459 0.482277 -0.199999
v 3.666400 0.481400 -0.199999
v 3.681540 0.480490 -0.199999
v 3.695526 0.479585 -0.199999
v 3.708000 0.478725 -0.199999
v 3.718607 0.477948 -0.199999
v 3.726992 0.477294 -0.199999
v 3.732800 0.476800 -0.199999
v 3.732800 0.620800 -0.199999
v 3.725832 0.619939 -0.199999
v 3.716385 0.618978 -0.199999
v 3.704850 0.617950 -0.199999
v 3.691615 0.616889 -0.199999
v 3.677069 0.615828 -0.199999
v 3.661600 0.614800 -0.199999
v 3.645598 0.613839 -0.199999
v 3.629452 0.612978 -0.199999
v 3.613550 0.612250 -0.199999
v 3.598281 0.611689 -0.199999
v 3.584035 0.611328 -0.199999
v 3.571200 0.611200 -0.199999
v 3.546734 0.611200 -0.199999
v 3.507341 0.611200 -0.199999
v 3.456025 0.611200 -0.199999
v 3.395792 0.611200 -0.199999
v 3.329649 0.611200 -0.199999
v 3.260600 0.611200 -0.199999
v 3.191651 0.611200 -0.199999
v 3.125807 0.611200 -0.199999
v 3.066075 0.611200 -0.199999
v 3.015459 0.611200 -0.199999
v 2.976965 0.611200 -0.199999
v 2.953600 0.611200 -0.199999
v 2.940635 0.611299 -0.199999
v 2.928155 0.611593 -0.199999
v 2.916174 0.612075 -0.199999
v 2.904711 0.612741 -0.199999
v 2.893780 0.613584 -0.199999
v 2.883399 0.614600 -0.199999
v 2.873586 0.615782 -0.199999
v 2.864355 0.617126 -0.199999
v 2.855725 0.618625 -0.199999
v 2.847711 0.620274 -0.199999
v 2.840330 0.622068 -0.199999
v 2.833600 0.624000 -0.199999
v 2.752000 0.561600 -0.199999
v 2.754620 0.557955 -0.199999
v 2.757629 0.553504 -0.199999
v 2.760950 0.548375 -0.199999
v 2.764503 0.542696 -0.199999
v 2.768213 0.536595 -0.199999
v 2.772000 0.530200 -0.199999
v 2.775787 0.523638 -0.199999
v 2.779496 0.517037 -0.199999
v 2.783050 0.510525 -0.199999
v 2.786370 0.504230 -0.199999
v 2.789379 0.498279 -0.199999
v 2.792000 0.492800 -0.199999
v 4.504000 0.075200 -0.199998
v 4.467659 0.055755 -0.199998
v 4.433547 0.037237 -0.199999
v 4.401224 0.019375 -0.199999
v 4.370251 0.001896 -0.199999
v 4.340189 -0.015471 -0.199999
v 4.310599 -0.033000 -0.199999
v 4.281043 -0.050962 -0.199999
v 4.251081 -0.069630 -0.199999
v 4.220274 -0.089275 -0.199999
v 4.188185 -0.110170 -0.199999
v 4.154373 -0.132588 -0.199999
v 4.118400 -0.156800 -0.199999
v 4.201600 -0.265600 -0.199999
v 4.235557 -0.240768 -0.199999
v 4.268052 -0.217348 -0.199999
v 4.299425 -0.195150 -0.199999
v 4.330015 -0.173985 -0.199999
v 4.360160 -0.153665 -0.199999
v 4.390200 -0.134000 -0.199999
v 4.420473 -0.114802 -0.199999
v 4.451318 -0.095881 -0.199998
v 4.483074 -0.077050 -0.199998
v 4.516081 -0.058119 -0.199998
v 4.550676 -0.038898 -0.199998
v 4.587200 -0.019200 -0.199998
v 4.387509 0.367241 -0.199999
v 4.410741 0.341126 -0.199999
v 4.435950 0.313900 -0.199999
v 4.462993 0.285807 -0.199999
v 4.491724 0.257093 -0.199999
v 4.522000 0.228000 -0.199998
v 4.553676 0.198774 -0.199998
v 4.586607 0.169659 -0.199998
v 4.620649 0.140900 -0.199998
v 4.655659 0.112741 -0.199998
v 4.691490 0.085426 -0.199998
v 4.728000 0.059200 -0.199998
v 4.729599 -0.371200 -0.199998
v 4.729504 -0.385480 -0.199998
v 4.729230 -0.400237 -0.199998
v 4.728800 -0.415350 -0.199998
v 4.728237 -0.430696 -0.199998
v 4.727563 -0.446154 -0.199998
v 4.726800 -0.461600 -0.199998
v 4.725970 -0.476913 -0.199998
v 4.725096 -0.491970 -0.199998
v 4.724200 -0.506650 -0.199998
v 4.723303 -0.520830 -0.199998
v 4.722429 -0.534387 -0.199998
v 4.721600 -0.547200 -0.199998
v 4.867200 -0.547200 -0.199998
v 4.866002 -0.535059 -0.199998
v 4.864821 -0.521941 -0.199998
v 4.863674 -0.508000 -0.199998
v 4.862577 -0.493393 -0.199998
v 4.861547 -0.478274 -0.199998
v 4.860600 -0.462800 -0.199998
v 4.859752 -0.447126 -0.199998
v 4.859022 -0.431407 -0.199998
v 4.858425 -0.415800 -0.199998
v 4.857977 -0.400459 -0.199998
v 4.857697 -0.385541 -0.199998
v 4.857600 -0.371200 -0.199998
v 4.855999 -0.022400 -0.199998
v 4.893774 -0.043673 -0.199998
v 4.932725 -0.064319 -0.199998
v 4.972899 -0.084375 -0.199998
v 5.014340 -0.103881 -0.199998
v 5.057092 -0.122877 -0.199998
v 5.101200 -0.141400 -0.199998
v 5.146707 -0.159490 -0.199998
v 5.193659 -0.177185 -0.199998
v 5.242100 -0.194525 -0.199998
v 5.292074 -0.211548 -0.199998
v 5.343626 -0.228294 -0.199998
v 5.396800 -0.244800 -0.199998
v 5.473600 -0.126400 -0.199998
v 5.400105 -0.107726 -0.199998
v 5.330711 -0.087807 -0.199998
v 5.265250 -0.066800 -0.199998
v 5.203555 -0.044859 -0.199998
v 5.145461 -0.022141 -0.199998
v 5.090799 0.001200 -0.199998
v 5.039405 0.025007 -0.199998
v 4.991110 0.049126 -0.199998
v 4.945749 0.073400 -0.199998
v 4.903155 0.097674 -0.199998
v 4.863161 0.121793 -0.199998
v 4.825600 0.145600 -0.199998
v 4.790333 0.169083 -0.199998
v 4.755873 0.193733 -0.199998
v 4.722424 0.219250 -0.199998
v 4.690192 0.245333 -0.199998
v 4.659381 0.271683 -0.199998
v 4.630199 0.298000 -0.199998
v 4.602850 0.323983 -0.199998
v 4.577540 0.349333 -0.199998
v 4.554474 0.373750 -0.199998
v 4.533859 0.396933 -0.199998
v 4.515899 0.418583 -0.199998
v 4.500800 0.438400 -0.199999
v 4.528286 0.438400 -0.199998
v 4.571096 0.438400 -0.199998
v 4.626150 0.438400 -0.199998
v 4.690370 0.438400 -0.199998
v 4.760679 0.438400 -0.199998
v 4.834000 0.438400 -0.199998
v 4.907253 0.438400 -0.199998
v 4.977363 0.438400 -0.199998
v 5.041250 0.438400 -0.199998
v 5.095837 0.438400 -0.199998
v 5.138046 0.438400 -0.199998
v 5.164800 0.438400 -0.199998
v 5.179488 0.438335 -0.199998
v 5.195377 0.438148 -0.199998
v 5.212200 0.437850 -0.199998
v 5.229689 0.437452 -0.199998
v 5.247578 0.436965 -0.199998
v 5.265600 0.436400 -0.199998
v 5.283489 0.435769 -0.199998
v 5.300978 0.435081 -0.199998
v 5.317800 0.434350 -0.199998
v 5.333689 0.433585 -0.199998
v 5.348378 0.432798 -0.199998
v 5.361600 0.432000 -0.199998
v 5.361600 0.566400 -0.199998
v 5.348043 0.564898 -0.199998
v 5.333148 0.563585 -0.199998
v 5.317174 0.562450 -0.199998
v 5.300385 0.561481 -0.199998
v 5.283039 0.560668 -0.199998
v 5.265399 0.560000 -0.199998
v 5.247726 0.559465 -0.199998
v 5.230281 0.559052 -0.199998
v 5.213325 0.558750 -0.199998
v 5.197118 0.558548 -0.199998
v 5.181923 0.558435 -0.199998
v 5.168000 0.558400 -0.199998
v 4.854400 0.558400 -0.199998
v 4.854400 0.660800 -0.199998
v 4.854434 0.672309 -0.199998
v 4.854548 0.684341 -0.199998
v 4.854749 0.696750 -0.199998
v 4.855051 0.709393 -0.199998
v 4.855464 0.722124 -0.199998
v 4.855999 0.734800 -0.199998
v 4.856668 0.747276 -0.199998
v 4.857481 0.759407 -0.199998
v 4.858449 0.771050 -0.199998
v 4.859584 0.782059 -0.199998
v 4.860898 0.792291 -0.199998
v 4.862400 0.801600 -0.199998
v 4.715200 0.801600 -0.199998
v 4.716733 0.792291 -0.199998
v 4.718133 0.782059 -0.199998
v 4.719400 0.771050 -0.199998
v 4.720533 0.759407 -0.199998
v 4.721533 0.747276 -0.199998
v 4.722400 0.734800 -0.199998
v 4.723133 0.722124 -0.199998
v 4.723733 0.709393 -0.199998
v 4.724200 0.696750 -0.199998
v 4.724533 0.684341 -0.199998
v 4.724733 0.672309 -0.199998
v 4.724800 0.660800 -0.199998
v 4.724800 0.558400 -0.199998
v 4.460800 0.558400 -0.199999
v 4.451605 0.558436 -0.199999
v 4.442444 0.558556 -0.199999
v 4.433350 0.558775 -0.199999
v 4.424355 0.559111 -0.199999
v 4.415494 0.559581 -0.199999
v 4.406799 0.560200 -0.199999
v 4.398305 0.560986 -0.199999
v 4.390044 0.561956 -0.199999
v 4.382049 0.563125 -0.199999
v 4.374355 0.564511 -0.199999
v 4.366994 0.566131 -0.199999
v 4.360000 0.568000 -0.199999
v 4.276800 0.488000 -0.199999
v 4.284124 0.480275 -0.199999
v 4.291659 0.472333 -0.199999
v 4.299350 0.464225 -0.199999
v 4.307141 0.456000 -0.199999
v 4.314976 0.447708 -0.199999
v 4.322800 0.439400 -0.199999
v 4.330557 0.431125 -0.199999
v 4.338192 0.422933 -0.199999
v 4.345650 0.414875 -0.199999
v 4.352874 0.407000 -0.199999
v 4.359809 0.399358 -0.199999
v 4.366400 0.392000 -0.199999
v -4.521600 0.800000 0.199998
v -4.601600 0.752000 0.199998
v -4.589247 0.718012 0.199998
v -4.576244 0.682630 0.199998
v -4.562675 0.646125 0.199998
v -4.548622 0.608770 0.199998
v -4.534169 0.570838 0.199998
v -4.519400 0.532600 0.199998
v -4.504397 0.494329 0.199998
v -4.489244 0.456296 0.199998
v -4.474025 0.418775 0.199998
v -4.458822 0.382037 0.199998
v -4.443719 0.346355 0.199998
v -4.428800 0.312000 0.199998
v -4.458134 0.280762 0.199998
v -4.483868 0.250230 0.199998
v -4.506201 0.220375 0.199998
v -4.525334 0.191170 0.199998
v -4.541467 0.162588 0.199998
v -4.554801 0.134600 0.199998
v -4.565534 0.107179 0.199998
v -4.573867 0.080296 0.199998
v -4.580000 0.053925 0.199998
v -4.584133 0.028037 0.199998
v -4.586466 0.002605 0.199998
v -4.587200 -0.022400 0.199998
v -4.586794 -0.043559 0.199998
v -4.585556 -0.063807 0.199998
v -4.583450 -0.083100 0.199998
v -4.580444 -0.101393 0.199998
v -4.576506 -0.118641 0.199998
v -4.571600 -0.134800 0.199998
v -4.565694 -0.149826 0.199998
v -4.558755 -0.163674 0.199998
v -4.550750 -0.176300 0.199998
v -4.541644 -0.187659 0.199998
v -4.531405 -0.197707 0.199998
v -4.520000 -0.206400 0.199998
v -4.514206 -0.210267 0.199998
v -4.508045 -0.213867 0.199998
v -4.501550 -0.217200 0.199998
v -4.494756 -0.220267 0.199998
v -4.487695 -0.223067 0.199999
v -4.480400 -0.225600 0.199999
v -4.472906 -0.227867 0.199999
v -4.465244 -0.229867 0.199999
v -4.457450 -0.231600 0.199999
v -4.449555 -0.233067 0.199999
v -4.441594 -0.234267 0.199999
v -4.433599 -0.235200 0.199999
v -4.424638 -0.235965 0.199999
v -4.415377 -0.236652 0.199999
v -4.405849 -0.237250 0.199999
v -4.396089 -0.237748 0.199999
v -4.386127 -0.238135 0.199999
v -4.376000 -0.238400 0.199999
v -4.365739 -0.238531 0.199999
v -4.355378 -0.238518 0.199999
v -4.344950 -0.238350 0.199999
v -4.334489 -0.238015 0.199999
v -4.324028 -0.237502 0.199999
v -4.313600 -0.236800 0.199999
v -4.313370 -0.228885 0.199999
v -4.312690 -0.220415 0.199999
v -4.311576 -0.211500 0.199999
v -4.310045 -0.202252 0.199999
v -4.308115 -0.192781 0.199999
v -4.305800 -0.183200 0.199999
v -4.303120 -0.173619 0.199999
v -4.300089 -0.164148 0.199999
v -4.296725 -0.154900 0.199999
v -4.293044 -0.145985 0.199999
v -4.289063 -0.137515 0.199999
v -4.284800 -0.129600 0.199999
v -4.294728 -0.130366 0.199999
v -4.304496 -0.131059 0.199999
v -4.314075 -0.131675 0.199999
v -4.323437 -0.132207 0.199999
v -4.332554 -0.132651 0.199999
v -4.341400 -0.133000 0.199999
v -4.349945 -0.133249 0.199999
v -4.358163 -0.133393 0.199999
v -4.366025 -0.133425 0.199999
v -4.373504 -0.133341 0.199999
v -4.380571 -0.133134 0.199999
v -4.387200 -0.132800 0.199999
v -4.392702 -0.132363 0.199999
v -4.398015 -0.131837 0.199999
v -4.403150 -0.131200 0.199999
v -4.408118 -0.130430 0.199999
v -4.412931 -0.129504 0.199999
v -4.417600 -0.128400 0.199999
v -4.422135 -0.127096 0.199999
v -4.426548 -0.125570 0.199999
v -4.430850 -0.123800 0.199999
v -4.435052 -0.121763 0.199999
v -4.439165 -0.119437 0.199999
v -4.443200 -0.116800 0.199999
v -4.449605 -0.111941 0.199999
v -4.455251 -0.106193 0.199999
v -4.460174 -0.099600 0.199999
v -4.464414 -0.092207 0.199999
v -4.468009 -0.084059 0.199999
v -4.470999 -0.075200 0.199998
v -4.473423 -0.065674 0.199998
v -4.475318 -0.055526 0.199998
v -4.476725 -0.044800 0.199998
v -4.477681 -0.033541 0.199998
v -4.478227 -0.021793 0.199998
v -4.478400 -0.009600 0.199998
v -4.477604 0.011967 0.199998
v -4.475103 0.034267 0.199998
v -4.470725 0.057300 0.199998
v -4.464296 0.081067 0.199998
v -4.455645 0.105567 0.199998
v -4.444600 0.130800 0.199998
v -4.430988 0.156767 0.199999
v -4.414637 0.183467 0.199999
v -4.395375 0.210900 0.199999
v -4.373030 0.239067 0.199999
v -4.347429 0.267967 0.199999
v -4.318400 0.297600 0.199999
v -4.331192 0.328625 0.199999
v -4.343940 0.360733 0.199999
v -4.356599 0.393675 0.199999
v -4.369125 0.427200 0.199999
v -4.381474 0.461058 0.199999
v -4.393600 0.495000 0.199998
v -4.405459 0.528775 0.199998
v -4.417007 0.562133 0.199998
v -4.428199 0.594825 0.199998
v -4.438992 0.626600 0.199998
v -4.449340 0.657208 0.199998
v -4.459199 0.686400 0.199998
v -4.236800 0.686400 0.199999
v -4.236800 -0.608000 0.199999
v -4.129600 -0.608000 0.199999
v -4.129600 0.795200 0.199999
v -4.504000 0.795200 0.199998
v -4.990400 0.377600 0.199998
v -4.737600 0.377600 0.199998
v -4.737600 0.465600 0.199998
v -4.725967 0.457668 0.199998
v -4.714274 0.449874 0.199998
v -4.702525 0.442225 0.199998
v -4.690725 0.434726 0.199998
v -4.678882 0.427382 0.199998
v -4.666999 0.420200 0.199998
v -4.655084 0.413184 0.199998
v -4.643140 0.406341 0.199998
v -4.631175 0.399675 0.199998
v -4.619192 0.393193 0.199998
v -4.607199 0.386899 0.199998
v -4.595200 0.380800 0.199998
v -4.591743 0.388281 0.199998
v -4.587815 0.396252 0.199998
v -4.583475 0.404600 0.199998
v -4.578785 0.413215 0.199998
v -4.573807 0.421985 0.199998
v -4.568600 0.430800 0.199998
v -4.563227 0.439548 0.199998
v -4.557748 0.448119 0.199998
v -4.552225 0.456400 0.199998
v -4.546719 0.464281 0.199998
v -4.541290 0.471652 0.199998
v -4.536000 0.478400 0.199998
v -4.581850 0.501050 0.199998
v -4.627193 0.526400 0.199998
v -4.671726 0.554150 0.199998
v -4.715141 0.584000 0.199998
v -4.757135 0.615650 0.199998
v -4.797400 0.648800 0.199998
v -4.835633 0.683150 0.199998
v -4.871526 0.718400 0.199998
v -4.904775 0.754250 0.199998
v -4.935074 0.790400 0.199998
v -4.962118 0.826550 0.199998
v -4.985600 0.862400 0.199998
v -5.096000 0.862400 0.199998
v -5.126186 0.823932 0.199998
v -5.158949 0.786259 0.199998
v -5.194001 0.749575 0.199998
v -5.231052 0.714074 0.199998
v -5.269815 0.679951 0.199998
v -5.310000 0.647400 0.199998
v -5.351319 0.616616 0.199998
v -5.393482 0.587793 0.199998
v -5.436200 0.561125 0.199998
v -5.479185 0.536807 0.199998
v -5.522148 0.515034 0.199998
v -5.564800 0.496000 0.199998
v -5.559172 0.488882 0.199998
v -5.553511 0.481193 0.199998
v -5.547850 0.473025 0.199998
v -5.542222 0.464474 0.199998
v -5.536661 0.455634 0.199998
v -5.531200 0.446600 0.199998
v -5.525872 0.437466 0.199998
v -5.520711 0.428326 0.199998
v -5.515750 0.419275 0.199998
v -5.511022 0.410407 0.199998
v -5.506561 0.401818 0.199998
v -5.502400 0.393600 0.199998
v -5.491567 0.398899 0.199998
v -5.480674 0.404393 0.199998
v -5.469725 0.410075 0.199998
v -5.458725 0.415941 0.199998
v -5.447682 0.421984 0.199998
v -5.436599 0.428200 0.199998
v -5.425484 0.434582 0.199998
v -5.414340 0.441126 0.199998
v -5.403174 0.447825 0.199998
v -5.391992 0.454674 0.199998
v -5.380799 0.461668 0.199998
v -5.369600 0.468800 0.199998
v -5.369600 0.377600 0.199998
v -5.100800 0.377600 0.199998
v -5.100800 0.238400 0.199998
v -5.464000 0.238400 0.199998
v -5.464000 -0.172800 0.199998
v -5.142400 -0.172800 0.199998
v -5.166442 -0.219992 0.199998
v -5.192207 -0.262600 0.199998
v -5.219750 -0.300975 0.199998
v -5.249126 -0.335467 0.199998
v -5.280391 -0.366425 0.199998
v -5.313600 -0.394200 0.199998
v -5.348809 -0.419142 0.199998
v -5.386074 -0.441600 0.199998
v -5.425450 -0.461925 0.199998
v -5.466992 -0.480467 0.199998
v -5.510757 -0.497575 0.199998
v -5.556800 -0.513600 0.199998
v -5.549578 -0.520290 0.199998
v -5.542356 -0.527519 0.199998
v -5.535200 -0.535225 0.199998
v -5.528178 -0.543348 0.199998
v -5.521356 -0.551827 0.199998
v -5.514800 -0.560600 0.199998
v -5.508578 -0.569606 0.199998
v -5.502756 -0.578785 0.199998
v -5.497400 -0.588075 0.199998
v -5.492578 -0.597415 0.199998
v -5.488356 -0.606744 0.199998
v -5.484800 -0.616000 0.199998
v -5.437958 -0.597116 0.199998
v -5.393393 -0.577059 0.199998
v -5.351050 -0.555525 0.199998
v -5.310874 -0.532207 0.199998
v -5.272810 -0.506801 0.199998
v -5.236800 -0.479000 0.199998
v -5.202791 -0.448499 0.199998
v -5.170726 -0.414993 0.199998
v -5.140550 -0.378175 0.199998
v -5.112207 -0.337741 0.199998
v -5.085643 -0.293384 0.199998
v -5.060800 -0.244800 0.199998
v -5.044820 -0.280948 0.199998
v -5.025496 -0.316519 0.199998
v -5.002550 -0.351400 0.199998
v -4.975703 -0.385482 0.199998
v -4.944679 -0.418652 0.199998
v -4.909200 -0.450800 0.199998
v -4.868987 -0.481815 0.199998
v -4.823762 -0.511585 0.199998
v -4.773250 -0.540000 0.199998
v -4.717170 -0.566948 0.199998
v -4.655246 -0.592319 0.199998
v -4.587200 -0.616000 0.199998
v -4.583983 -0.609194 0.199998
v -4.580007 -0.601689 0.199998
v -4.575374 -0.593650 0.199998
v -4.570192 -0.585244 0.199998
v -4.564565 -0.576639 0.199998
v -4.558599 -0.568000 0.199998
v -4.552401 -0.559494 0.199998
v -4.546074 -0.551289 0.199998
v -4.539725 -0.543550 0.199998
v -4.533459 -0.536444 0.199998
v -4.527382 -0.530139 0.199999
v -4.521600 -0.524800 0.199999
v -4.591097 -0.501313 0.199998
v -4.653444 -0.476504 0.199998
v -4.709025 -0.450450 0.199998
v -4.758222 -0.423230 0.199998
v -4.801419 -0.394920 0.199998
v -4.839000 -0.365600 0.199998
v -4.871347 -0.335346 0.199998
v -4.898844 -0.304237 0.199998
v -4.921875 -0.272350 0.199998
v -4.940822 -0.239763 0.199998
v -4.956069 -0.206554 0.199998
v -4.968000 -0.172800 0.199998
v -4.641600 -0.172800 0.199998
v -4.641600 0.238400 0.199998
v -4.990400 0.238400 0.199998
v -5.353600 0.480000 0.199998
v -5.323751 0.500419 0.199998
v -5.294281 0.521622 0.199998
v -5.265300 0.543525 0.199998
v -5.236918 0.566045 0.199998
v -5.209248 0.589097 0.199998
v -5.182400 0.612600 0.199998
v -5.156485 0.636470 0.199998
v -5.131615 0.660622 0.199998
v -5.107900 0.684975 0.199998
v -5.085452 0.709445 0.199998
v -5.064381 0.733947 0.199998
v -5.044800 0.758400 0.199998
v -5.027981 0.735047 0.199998
v -5.009585 0.711444 0.199998
v -4.989700 0.687675 0.199998
v -4.968415 0.663822 0.199998
v -4.945818 0.639969 0.199998
v -4.922000 0.616200 0.199998
v -4.897048 0.592597 0.199998
v -4.871052 0.569244 0.199998
v -4.844100 0.546225 0.199998
v -4.816281 0.523622 0.199998
v -4.787685 0.501519 0.199998
v -4.758399 0.480000 0.199998
v -4.987200 -0.073600 0.199998
v -4.987599 -0.067200 0.199998
v -4.987992 -0.060800 0.199998
v -4.988375 -0.054400 0.199998
v -4.988740 -0.048000 0.199998
v -4.989084 -0.041600 0.199998
v -4.989399 -0.035200 0.199998
v -4.989682 -0.028800 0.199998
v -4.989925 -0.022400 0.199998
v -4.990125 -0.016000 0.199998
v -4.990274 -0.009600 0.199998
v -4.990367 -0.003200 0.199998
v -4.990400 0.003200 0.199998
v -4.990400 0.140800 0.199998
v -4.748800 0.140800 0.199998
v -4.748800 -0.073600 0.199998
v -5.097600 -0.073600 0.199998
v -5.353600 -0.073600 0.199998
v -5.353600 0.140800 0.199998
v -5.100800 0.140800 0.199998
v -5.100800 0.000000 0.199998
v -3.577600 -0.235200 0.199999
v -3.577600 -0.118400 0.199999
v -2.820800 -0.118400 0.199999
v -2.820800 -0.235200 0.199999
v -3.577600 0.084800 0.199999
v -2.820800 0.084800 0.199999
v -2.820800 -0.030400 0.199999
v -3.577600 -0.030400 0.199999
v -3.577600 -0.441600 0.199999
v -3.577600 -0.321600 0.199999
v -2.820800 -0.321600 0.199999
v -2.820800 -0.441600 0.199999
v -3.697600 -0.598400 0.199999
v -3.577600 -0.598400 0.199999
v -3.577600 -0.534400 0.199999
v -2.820800 -0.534400 0.199999
v -2.820800 -0.603200 0.199999
v -2.705600 -0.603200 0.199999
v -2.705600 0.176000 0.199999
v -3.697600 0.176000 0.199999
v -3.803200 0.249600 0.199999
v -3.683200 0.249600 0.199999
v -3.683200 0.697600 0.199999
v -2.707200 0.697600 0.199999
v -2.707200 0.246400 0.199999
v -2.590400 0.246400 0.199999
v -2.590400 0.788800 0.199999
v -3.803200 0.788800 0.199999
v -3.590400 0.502400 0.199999
v -2.808000 0.502400 0.199999
v -2.808000 0.590400 0.199999
v -3.590400 0.590400 0.199999
v -3.590400 0.299200 0.199999
v -2.809600 0.299200 0.199999
v -2.809600 0.387200 0.199999
v -3.590400 0.387200 0.199999
v -1.666788 0.829380 0.199999
v -1.666304 0.795170 0.199999
v -1.665675 0.759850 0.199999
v -1.664830 0.723496 0.199999
v -1.663695 0.686187 0.199999
v -1.662200 0.648000 0.199999
v -1.660271 0.609013 0.199999
v -1.657837 0.569304 0.199999
v -1.654825 0.528950 0.199999
v -1.651163 0.488030 0.199999
v -1.646779 0.446620 0.199999
v -1.641600 0.404800 0.199999
v -2.307200 0.404800 0.199999
v -2.307200 0.281600 0.199999
v -1.700800 0.281600 0.199999
v -1.730835 0.194557 0.199999
v -1.764948 0.110459 0.199999
v -1.803150 0.029650 0.199999
v -1.845452 -0.047526 0.199999
v -1.891865 -0.120724 0.199999
v -1.942400 -0.189600 0.199999
v -1.997069 -0.253809 0.199999
v -2.055882 -0.313007 0.199999
v -2.118850 -0.366850 0.199999
v -2.185985 -0.414993 0.199999
v -2.257298 -0.457091 0.199999
v -2.332800 -0.492800 0.199999
v -2.325048 -0.500045 0.199999
v -2.317052 -0.508096 0.199999
v -2.308900 -0.516825 0.199999
v -2.300682 -0.526104 0.199999
v -2.292485 -0.535805 0.199999
v -2.284400 -0.545800 0.199999
v -2.276515 -0.555962 0.199999
v -2.268919 -0.566163 0.199999
v -2.261700 -0.576275 0.199999
v -2.254948 -0.586170 0.199999
v -2.248752 -0.595721 0.199999
v -2.243200 -0.604800 0.199999
v -2.167754 -0.565198 0.199999
v -2.096563 -0.520118 0.199999
v -2.029550 -0.469750 0.199999
v -1.966637 -0.414281 0.199999
v -1.907746 -0.353902 0.199999
v -1.852800 -0.288800 0.199999
v -1.801720 -0.219165 0.199999
v -1.754430 -0.145185 0.199999
v -1.710850 -0.067050 0.199999
v -1.670904 0.015052 0.199999
v -1.634513 0.100932 0.199999
v -1.601600 0.190400 0.199999
v -1.579962 0.113306 0.199999
v -1.553963 0.036718 0.199999
v -1.523175 -0.038925 0.199999
v -1.487170 -0.113185 0.199999
v -1.445521 -0.185623 0.199999
v -1.397800 -0.255800 0.200000
v -1.343579 -0.323277 0.200000
v -1.282430 -0.387615 0.200000
v -1.213925 -0.448375 0.200000
v -1.137637 -0.505119 0.200000
v -1.053138 -0.557406 0.200000
v -0.960000 -0.604800 0.200000
v -0.954814 -0.596951 0.200000
v -0.948911 -0.588674 0.200000
v -0.942375 -0.580075 0.200000
v -0.935289 -0.571259 0.200000
v -0.927736 -0.562332 0.200000
v -0.919800 -0.553400 0.200000
v -0.911564 -0.544568 0.200000
v -0.903111 -0.535941 0.200000
v -0.894525 -0.527625 0.200000
v -0.885889 -0.519726 0.200000
v -0.877286 -0.512349 0.200000
v -0.868800 -0.505600 0.200000
v -0.963883 -0.459617 0.200000
v -1.049467 -0.408400 0.200000
v -1.126050 -0.352450 0.200000
v -1.194133 -0.292267 0.200000
v -1.254217 -0.228350 0.200000
v -1.306800 -0.161200 0.200000
v -1.352383 -0.091317 0.200000
v -1.391467 -0.019200 0.200000
v -1.424550 0.054650 0.199999
v -1.452133 0.129733 0.199999
v -1.474717 0.205550 0.199999
v -1.492800 0.281600 0.199999
v -0.899200 0.281600 0.200000
v -0.899200 0.404800 0.200000
v -1.513600 0.404800 0.199999
v -1.519083 0.447018 0.199999
v -1.523600 0.488807 0.199999
v -1.527250 0.530075 0.199999
v -1.530133 0.570726 0.199999
v -1.532350 0.610666 0.199999
v -1.534000 0.649800 0.199999
v -1.535183 0.688034 0.199999
v -1.536000 0.725274 0.199999
v -1.536550 0.761425 0.199999
v -1.536933 0.796393 0.199999
v -1.537250 0.830082 0.199999
v -1.537600 0.862400 0.199999
v -1.667200 0.862400 0.199999
v 0.532532 -0.019280 0.200000
v 0.527192 -0.062770 0.200000
v 0.518775 -0.101750 0.200000
v 0.507674 -0.136296 0.200000
v 0.494284 -0.166487 0.200000
v 0.479000 -0.192400 0.200000
v 0.462216 -0.214113 0.200000
v 0.444326 -0.231704 0.200000
v 0.425725 -0.245250 0.200000
v 0.406807 -0.254830 0.200000
v 0.387967 -0.260520 0.200000
v 0.369600 -0.262400 0.200000
v 0.350607 -0.260134 0.200000
v 0.331259 -0.253207 0.200000
v 0.311600 -0.241425 0.200000
v 0.291674 -0.224593 0.200000
v 0.271526 -0.202516 0.200000
v 0.251200 -0.175000 0.200000
v 0.230741 -0.141851 0.200000
v 0.210192 -0.102874 0.200000
v 0.189600 -0.057875 0.200000
v 0.169007 -0.006659 0.200000
v 0.148459 0.050968 0.200000
v 0.128000 0.115200 0.200000
v 0.118170 0.148786 0.200000
v 0.108696 0.183089 0.200000
v 0.099600 0.218025 0.200000
v 0.090904 0.253511 0.200000
v 0.082630 0.289464 0.200000
v 0.074800 0.325800 0.200000
v 0.067437 0.362436 0.200000
v 0.060563 0.399289 0.200000
v 0.054200 0.436275 0.200000
v 0.048370 0.473311 0.200000
v 0.043096 0.510314 0.200000
v 0.038400 0.547200 0.200000
v 0.112693 0.533089 0.200000
v 0.181807 0.510578 0.200000
v 0.245500 0.480600 0.200000
v 0.303526 0.444089 0.200000
v 0.355641 0.401978 0.200000
v 0.401600 0.355200 0.200000
v 0.441159 0.304689 0.200000
v 0.474074 0.251378 0.200000
v 0.500100 0.196200 0.200000
v 0.518992 0.140089 0.200000
v 0.530507 0.083978 0.200000
v 0.534400 0.028800 0.200000
v 0.026596 0.008970 0.200000
v 0.052770 -0.063304 0.200000
v 0.080100 -0.128800 0.200000
v 0.108563 -0.187496 0.200000
v 0.138137 -0.239370 0.200000
v 0.168800 -0.284400 0.200000
v 0.200530 -0.322563 0.200000
v 0.233304 -0.353837 0.200000
v 0.267100 -0.378200 0.200000
v 0.301896 -0.395630 0.200000
v 0.337670 -0.406104 0.200000
v 0.374400 -0.409600 0.200000
v 0.409918 -0.406236 0.200000
v 0.444941 -0.396289 0.200000
v 0.478975 -0.379975 0.200000
v 0.511526 -0.357511 0.200000
v 0.542099 -0.329114 0.200000
v 0.570200 -0.295000 0.200000
v 0.595334 -0.255386 0.200000
v 0.617007 -0.210489 0.200000
v 0.634725 -0.160525 0.200000
v 0.647992 -0.105711 0.200000
v 0.656316 -0.046264 0.200000
v 0.659200 0.017600 0.200000
v 0.652898 0.103349 0.200000
v 0.634518 0.186393 0.200000
v 0.604850 0.265825 0.200000
v 0.564681 0.340741 0.200000
v 0.514802 0.410234 0.200000
v 0.456000 0.473400 0.200000
v 0.389065 0.529332 0.200000
v 0.314785 0.577126 0.200000
v 0.233950 0.615875 0.200000
v 0.147348 0.644674 0.200000
v 0.055768 0.662618 0.200000
v -0.040000 0.668800 0.200000
v -0.130707 0.663418 0.200000
v -0.215393 0.647741 0.200000
v -0.293700 0.622475 0.200000
v -0.365274 0.588326 0.200000
v -0.429759 0.545999 0.200000
v -0.486800 0.496200 0.200000
v -0.536041 0.439634 0.200000
v -0.577126 0.377007 0.200000
v -0.609700 0.309025 0.200000
v -0.633407 0.236393 0.200000
v -0.647893 0.159816 0.200000
v -0.652800 0.080000 0.200000
v -0.648236 -0.001631 0.200000
v -0.634689 -0.078378 0.200000
v -0.612375 -0.150025 0.200000
v -0.581511 -0.216356 0.200000
v -0.542314 -0.277153 0.200000
v -0.495000 -0.332200 0.200000
v -0.439786 -0.381281 0.200000
v -0.376889 -0.424178 0.200000
v -0.306525 -0.460675 0.200000
v -0.228911 -0.490556 0.200000
v -0.144264 -0.513603 0.200000
v -0.052800 -0.529600 0.200000
v 0.022400 -0.411200 0.200000
v 0.009640 -0.409935 0.200000
v -0.003015 -0.408548 0.200000
v -0.015525 -0.407050 0.200000
v -0.027852 -0.405452 0.200000
v -0.039957 -0.403765 0.200000
v -0.051800 -0.402000 0.200000
v -0.063344 -0.400169 0.200000
v -0.074548 -0.398281 0.200000
v -0.085375 -0.396350 0.200000
v -0.095785 -0.394385 0.200000
v -0.105740 -0.392398 0.200000
v -0.115200 -0.390400 0.200000
v -0.166219 -0.376589 0.200000
v -0.216415 -0.358311 0.200000
v -0.265100 -0.335500 0.200000
v -0.311585 -0.308089 0.200000
v -0.355182 -0.276011 0.200000
v -0.395200 -0.239200 0.200000
v -0.430952 -0.197589 0.200000
v -0.461748 -0.151111 0.200000
v -0.486900 -0.099700 0.200000
v -0.505719 -0.043289 0.200000
v -0.517515 0.018189 0.200000
v -0.521600 0.084800 0.200000
v -0.518389 0.144256 0.200000
v -0.508844 0.201511 0.200000
v -0.493100 0.256100 0.200000
v -0.471289 0.307555 0.200000
v -0.443544 0.355411 0.200000
v -0.410000 0.399200 0.200000
v -0.370789 0.438455 0.200000
v -0.326044 0.472711 0.200000
v -0.275900 0.501500 0.200000
v -0.220489 0.524356 0.200000
v -0.159945 0.540811 0.200000
v -0.094400 0.550400 0.200000
v -0.088997 0.512549 0.200000
v -0.083178 0.474259 0.200000
v -0.076925 0.435625 0.200000
v -0.070222 0.396741 0.200000
v -0.063053 0.357701 0.200000
v -0.055400 0.318600 0.200000
v -0.047247 0.279532 0.200000
v -0.038578 0.240593 0.200000
v -0.029375 0.201875 0.200000
v -0.019622 0.163474 0.200000
v -0.009303 0.125484 0.200000
v 0.001600 0.088000 0.200000
v 1.203200 -0.520000 0.200000
v 1.261590 -0.496546 0.200000
v 1.329252 -0.472770 0.200000
v 1.404525 -0.448950 0.200000
v 1.485748 -0.425363 0.200000
v 1.571260 -0.402287 0.200000
v 1.659400 -0.380000 0.200001
v 1.748506 -0.358780 0.200001
v 1.836918 -0.338904 0.200001
v 1.922975 -0.320650 0.200001
v 2.005015 -0.304296 0.200001
v 2.081377 -0.290120 0.200001
v 2.150400 -0.278400 0.200001
v 2.100800 -0.156800 0.200001
v 2.029788 -0.168581 0.200001
v 1.952170 -0.182911 0.200001
v 1.869475 -0.199475 0.200001
v 1.783229 -0.217956 0.200001
v 1.694962 -0.238036 0.200001
v 1.606200 -0.259400 0.200000
v 1.518471 -0.281731 0.200000
v 1.433303 -0.304711 0.200000
v 1.352225 -0.328025 0.200000
v 1.276763 -0.351356 0.200000
v 1.208445 -0.374386 0.200000
v 1.148800 -0.396800 0.200000
v 1.152000 0.422400 0.200000
v 1.205222 0.440385 0.200000
v 1.266311 0.458948 0.200000
v 1.333800 0.477800 0.200000
v 1.406222 0.496652 0.200000
v 1.482111 0.515215 0.200000
v 1.560000 0.533200 0.200000
v 1.638422 0.550318 0.200000
v 1.715911 0.566281 0.200000
v 1.791000 0.580800 0.200001
v 1.862222 0.593585 0.200001
v 1.928111 0.604348 0.200001
v 1.987200 0.612800 0.200001
v 1.940800 0.731200 0.200001
v 1.884427 0.723515 0.200001
v 1.820355 0.713452 0.200001
v 1.750150 0.701300 0.200000
v 1.675377 0.687348 0.200000
v 1.597605 0.671885 0.200000
v 1.518400 0.655200 0.200000
v 1.439327 0.637582 0.200000
v 1.361955 0.619319 0.200000
v 1.287850 0.600700 0.200000
v 1.218578 0.582015 0.200000
v 1.155705 0.563552 0.200000
v 1.100800 0.545600 0.200000
v 1.257600 -0.006400 0.200000
v 1.308053 0.012260 0.200000
v 1.365763 0.031281 0.200000
v 1.429450 0.050425 0.200000
v 1.497837 0.069452 0.200000
v 1.569646 0.088123 0.200000
v 1.643600 0.106200 0.200000
v 1.718420 0.123444 0.200001
v 1.792829 0.139615 0.200001
v 1.865550 0.154475 0.200001
v 1.935303 0.167785 0.200001
v 2.000813 0.179306 0.200001
v 2.060800 0.188800 0.200001
v 2.012800 0.308800 0.200001
v 1.954705 0.298697 0.200001
v 1.890844 0.286911 0.200001
v 1.822450 0.273625 0.200001
v 1.750755 0.259022 0.200001
v 1.676994 0.243286 0.200000
v 1.602400 0.226600 0.200000
v 1.528205 0.209147 0.200000
v 1.455644 0.191111 0.200000
v 1.385950 0.172675 0.200000
v 1.320355 0.154022 0.200000
v 1.260094 0.135336 0.200000
v 1.206400 0.116800 0.200000
v 2.745600 0.564800 0.200001
v 2.754016 0.581397 0.200001
v 2.763193 0.599044 0.200001
v 2.773025 0.617525 0.200001
v 2.783407 0.636622 0.200001
v 2.794234 0.656119 0.200001
v 2.805400 0.675800 0.200001
v 2.816799 0.695447 0.200001
v 2.828326 0.714844 0.200001
v 2.839875 0.733775 0.200001
v 2.851341 0.752022 0.200001
v 2.862617 0.769369 0.200001
v 2.873600 0.785600 0.200001
v 2.788800 0.822400 0.200001
v 2.778428 0.806842 0.200001
v 2.767422 0.789941 0.200001
v 2.755950 0.771950 0.200001
v 2.744178 0.753126 0.200001
v 2.732272 0.733724 0.200001
v 2.720400 0.714000 0.200001
v 2.708728 0.694209 0.200001
v 2.697422 0.674607 0.200001
v 2.686650 0.655450 0.200001
v 2.676578 0.636993 0.200001
v 2.667372 0.619491 0.200001
v 2.659200 0.603200 0.200001
v 2.560000 0.622400 0.200001
v 2.569151 0.640035 0.200001
v 2.578941 0.658415 0.200001
v 2.589275 0.677350 0.200001
v 2.600059 0.696652 0.200001
v 2.611199 0.716131 0.200001
v 2.622600 0.735600 0.200001
v 2.634167 0.754869 0.200001
v 2.645807 0.773748 0.200001
v 2.657425 0.792050 0.200001
v 2.668926 0.809585 0.200001
v 2.680216 0.826165 0.200001
v 2.691200 0.841600 0.200001
v 2.608000 0.878400 0.200001
v 2.596861 0.862813 0.200001
v 2.585155 0.845837 0.200001
v 2.573050 0.827750 0.200001
v 2.560711 0.808830 0.200001
v 2.548305 0.789354 0.200001
v 2.536000 0.769600 0.200001
v 2.523961 0.749846 0.200001
v 2.512355 0.730370 0.200001
v 2.501350 0.711450 0.200001
v 2.491111 0.693363 0.200001
v 2.481805 0.676387 0.200001
v 2.473600 0.660800 0.200001
v 2.806547 0.457053 0.200001
v 2.822911 0.419622 0.200001
v 2.840975 0.380825 0.200001
v 2.860622 0.340978 0.200001
v 2.881736 0.300397 0.200001
v 2.904200 0.259400 0.200001
v 2.927897 0.218303 0.200001
v 2.952711 0.177422 0.200001
v 2.978525 0.137075 0.200001
v 3.005222 0.097578 0.200001
v 3.032686 0.059247 0.200001
v 3.060800 0.022400 0.200001
v 3.018302 -0.014848 0.200001
v 2.975081 -0.054252 0.200001
v 2.931550 -0.095300 0.200001
v 2.888119 -0.137481 0.200001
v 2.845198 -0.180285 0.200001
v 2.803200 -0.223200 0.200001
v 2.762535 -0.265715 0.200001
v 2.723615 -0.307318 0.200001
v 2.686850 -0.347500 0.200001
v 2.652652 -0.385748 0.200001
v 2.621431 -0.421552 0.200001
v 2.593600 -0.454400 0.200001
v 2.705600 -0.552000 0.200001
v 2.733660 -0.515516 0.200001
v 2.764081 -0.477459 0.200001
v 2.796625 -0.438125 0.200001
v 2.831052 -0.397807 0.200001
v 2.867123 -0.356801 0.200001
v 2.904600 -0.315400 0.200001
v 2.943243 -0.273899 0.200001
v 2.982815 -0.232593 0.200001
v 3.023075 -0.191775 0.200001
v 3.063785 -0.151741 0.200001
v 3.104706 -0.112784 0.200001
v 3.145600 -0.075200 0.200001
v 3.189319 -0.121335 0.200001
v 3.234822 -0.166815 0.200001
v 3.282025 -0.211450 0.200001
v 3.330844 -0.255052 0.200001
v 3.381197 -0.297431 0.200001
v 3.433000 -0.338400 0.200001
v 3.486169 -0.377768 0.200001
v 3.540622 -0.415348 0.200001
v 3.596275 -0.450950 0.200001
v 3.653044 -0.484385 0.200001
v 3.710847 -0.515465 0.200001
v 3.769600 -0.544000 0.200001
v 3.872000 -0.436800 0.200001
v 3.808063 -0.409789 0.200001
v 3.745170 -0.379378 0.200001
v 3.683500 -0.345900 0.200001
v 3.623230 -0.309689 0.200001
v 3.564537 -0.271078 0.200001
v 3.507600 -0.230400 0.200001
v 3.452596 -0.187989 0.200001
v 3.399704 -0.144178 0.200001
v 3.349100 -0.099300 0.200001
v 3.300963 -0.053689 0.200001
v 3.255470 -0.007678 0.200001
v 3.212800 0.038400 0.200001
v 3.185482 0.070528 0.200001
v 3.158126 0.105022 0.200001
v 3.131025 0.141450 0.200001
v 3.104474 0.179378 0.200001
v 3.078767 0.218372 0.200001
v 3.054200 0.258000 0.200001
v 3.031065 0.297828 0.200001
v 3.009659 0.337422 0.200001
v 2.990275 0.376350 0.200001
v 2.973207 0.414178 0.200001
v 2.958751 0.450472 0.200001
v 2.947200 0.484800 0.200001
v 2.970508 0.484800 0.200001
v 3.009533 0.484800 0.200001
v 3.061125 0.484800 0.200001
v 3.122133 0.484800 0.200001
v 3.189409 0.484800 0.200001
v 3.259800 0.484800 0.200001
v 3.330158 0.484800 0.200001
v 3.397333 0.484800 0.200001
v 3.458175 0.484800 0.200001
v 3.509533 0.484800 0.200001
v 3.548258 0.484800 0.200001
v 3.571200 0.484800 0.200001
v 3.585807 0.484673 0.200001
v 3.601392 0.484319 0.200001
v 3.617600 0.483775 0.200001
v 3.634074 0.483082 0.200001
v 3.650459 0.482277 0.200001
v 3.666400 0.481400 0.200001
v 3.681540 0.480490 0.200001
v 3.695526 0.479585 0.200001
v 3.708000 0.478725 0.200001
v 3.718607 0.477948 0.200001
v 3.726992 0.477294 0.200001
v 3.732800 0.476800 0.200001
v 3.732800 0.620800 0.200001
v 3.725832 0.619939 0.200001
v 3.716385 0.618978 0.200001
v 3.704850 0.617950 0.200001
v 3.691615 0.616889 0.200001
v 3.677069 0.615828 0.200001
v 3.661600 0.614800 0.200001
v 3.645598 0.613839 0.200001
v 3.629452 0.612978 0.200001
v 3.613550 0.612250 0.200001
v 3.598281 0.611689 0.200001
v 3.584035 0.611328 0.200001
v 3.571200 0.611200 0.200001
v 3.546734 0.611200 0.200001
v 3.507341 0.611200 0.200001
v 3.456025 0.611200 0.200001
v 3.395792 0.611200 0.200001
v 3.329649 0.611200 0.200001
v 3.260600 0.611200 0.200001
v 3.191651 0.611200 0.200001
v 3.125807 0.611200 0.200001
v 3.066075 0.611200 0.200001
v 3.015459 0.611200 0.200001
v 2.976965 0.611200 0.200001
v 2.953600 0.611200 0.200001
v 2.940635 0.611299 0.200001
v 2.928155 0.611593 0.200001
v 2.916174 0.612075 0.200001
v 2.904711 0.612741 0.200001
v 2.893780 0.613584 0.200001
v 2.883399 0.614600 0.200001
v 2.873586 0.615782 0.200001
v 2.864355 0.617126 0.200001
v 2.855725 0.618625 0.200001
v 2.847711 0.620274 0.200001
v 2.840330 0.622068 0.200001
v 2.833600 0.624000 0.200001
v 2.752000 0.561600 0.200001
v 2.754620 0.557955 0.200001
v 2.757629 0.553504 0.200001
v 2.760950 0.548375 0.200001
v 2.764503 0.542696 0.200001
v 2.768213 0.536595 0.200001
v 2.772000 0.530200 0.200001
v 2.775787 0.523638 0.200001
v 2.779496 0.517037 0.200001
v 2.783050 0.510525 0.200001
v 2.786370 0.504230 0.200001
v 2.789379 0.498279 0.200001
v 2.792000 0.492800 0.200001
v 4.504000 0.075200 0.200001
v 4.467659 0.055755 0.200001
v 4.433547 0.037237 0.200001
v 4.401224 0.019375 0.200001
v 4.370251 0.001896 0.200001
v 4.340189 -0.015471 0.200001
v 4.310599 -0.033000 0.200001
v 4.281043 -0.050962 0.200001
v 4.251081 -0.069630 0.200001
v 4.220274 -0.089275 0.200001
v 4.188185 -0.110170 0.200001
v 4.154373 -0.132588 0.200001
v 4.118400 -0.156800 0.200001
v 4.201600 -0.265600 0.200001
v 4.235557 -0.240768 0.200001
v 4.268052 -0.217348 0.200001
v 4.299425 -0.195150 0.200001
v 4.330015 -0.173985 0.200001
v 4.360160 -0.153665 0.200001
v 4.390200 -0.134000 0.200001
v 4.420473 -0.114802 0.200001
v 4.451318 -0.095881 0.200001
v 4.483074 -0.077050 0.200001
v 4.516081 -0.058119 0.200001
v 4.550676 -0.038898 0.200001
v 4.587200 -0.019200 0.200001
v 4.387509 0.367241 0.200001
v 4.410741 0.341126 0.200001
v 4.435950 0.313900 0.200001
v 4.462993 0.285807 0.200001
v 4.491724 0.257093 0.200001
v 4.522000 0.228000 0.200001
v 4.553676 0.198774 0.200001
v 4.586607 0.169659 0.200001
v 4.620649 0.140900 0.200001
v 4.655659 0.112741 0.200001
v 4.691490 0.085426 0.200001
v 4.728000 0.059200 0.200001
v 4.729599 -0.371200 0.200002
v 4.729504 -0.385480 0.200002
v 4.729230 -0.400237 0.200002
v 4.728800 -0.415350 0.200002
v 4.728237 -0.430696 0.200002
v 4.727563 -0.446154 0.200002
v 4.726800 -0.461600 0.200002
v 4.725970 -0.476913 0.200002
v 4.725096 -0.491970 0.200002
v 4.724200 -0.506650 0.200002
v 4.723303 -0.520830 0.200002
v 4.722429 -0.534387 0.200002
v 4.721600 -0.547200 0.200002
v 4.867200 -0.547200 0.200002
v 4.866002 -0.535059 0.200002
v 4.864821 -0.521941 0.200002
v 4.863674 -0.508000 0.200002
v 4.862577 -0.493393 0.200002
v 4.861547 -0.478274 0.200002
v 4.860600 -0.462800 0.200002
v 4.859752 -0.447126 0.200002
v 4.859022 -0.431407 0.200002
v 4.858425 -0.415800 0.200002
v 4.857977 -0.400459 0.200002
v 4.857697 -0.385541 0.200002
v 4.857600 -0.371200 0.200002
v 4.855999 -0.022400 0.200002
v 4.893774 -0.043673 0.200002
v 4.932725 -0.064319 0.200002
v 4.972899 -0.084375 0.200002
v 5.014340 -0.103881 0.200002
v 5.057092 -0.122877 0.200002
v 5.101200 -0.141400 0.200002
v 5.146707 -0.159490 0.200002
v 5.193659 -0.177185 0.200002
v 5.242100 -0.194525 0.200002
v 5.292074 -0.211548 0.200002
v 5.343626 -0.228294 0.200002
v 5.396800 -0.244800 0.200002
v 5.473600 -0.126400 0.200002
v 5.400105 -0.107726 0.200002
v 5.330711 -0.087807 0.200002
v 5.265250 -0.066800 0.200002
v 5.203555 -0.044859 0.200002
v 5.145461 -0.022141 0.200002
v 5.090799 0.001200 0.200002
v 5.039405 0.025007 0.200002
v 4.991110 0.049126 0.200002
v 4.945749 0.073400 0.200002
v 4.903155 0.097674 0.200002
v 4.863161 0.121793 0.200002
v 4.825600 0.145600 0.200002
v 4.790333 0.169083 0.200002
v 4.755873 0.193733 0.200001
v 4.722424 0.219250 0.200001
v 4.690192 0.245333 0.200001
v 4.659381 0.271683 0.200001
v 4.630199 0.298000 0.200001
v 4.602850 0.323983 0.200001
v 4.577540 0.349333 0.200001
v 4.554474 0.373750 0.200001
v 4.533859 0.396933 0.200001
v 4.515899 0.418583 0.200001
v 4.500800 0.438400 0.200001
v 4.528286 0.438400 0.200001
v 4.571096 0.438400 0.200001
v 4.626150 0.438400 0.200001
v 4.690370 0.438400 0.200001
v 4.760679 0.438400 0.200001
v 4.834000 0.438400 0.200002
v 4.907253 0.438400 0.200002
v 4.977363 0.438400 0.200002
v 5.041250 0.438400 0.200002
v 5.095837 0.438400 0.200002
v 5.138046 0.438400 0.200002
v 5.164800 0.438400 0.200002
v 5.179488 0.438335 0.200002
v 5.195377 0.438148 0.200002
v 5.212200 0.437850 0.200002
v 5.229689 0.437452 0.200002
v 5.247578 0.436965 0.200002
v 5.265600 0.436400 0.200002
v 5.283489 0.435769 0.200002
v 5.300978 0.435081 0.200002
v 5.317800 0.434350 0.200002
v 5.333689 0.433585 0.200002
v 5.348378 0.432798 0.200002
v 5.361600 0.432000 0.200002
v 5.361600 0.566400 0.200002
v 5.348043 0.564898 0.200002
v 5.333148 0.563585 0.200002
v 5.317174 0.562450 0.200002
v 5.300385 0.561481 0.200002
v 5.283039 0.560668 0.200002
v 5.265399 0.560000 0.200002
v 5.247726 0.559465 0.200002
v 5.230281 0.559052 0.200002
v 5.213325 0.558750 0.200002
v 5.197118 0.558548 0.200002
v 5.181923 0.558435 0.200002
v 5.168000 0.558400 0.200002
v 4.854400 0.558400 0.200002
v 4.854400 0.660800 0.200002
v 4.854434 0.672309 0.200002
v 4.854548 0.684341 0.200002
v 4.854749 0.696750 0.200002
v 4.855051 0.709393 0.200002
v 4.855464 0.722124 0.200002
v 4.855999 0.734800 0.200002
v 4.856668 0.747276 0.200002
v 4.857481 0.759407 0.200002
v 4.858449 0.771050 0.200002
v 4.859584 0.782059 0.200002
v 4.860898 0.792291 0.200002
v 4.862400 0.801600 0.200002
v 4.715200 0.801600 0.200001
v 4.716733 0.792291 0.200001
v 4.718133 0.782059 0.200001
v 4.719400 0.771050 0.200001
v 4.720533 0.759407 0.200001
v 4.721533 0.747276 0.200001
v 4.722400 0.734800 0.200001
v 4.723133 0.722124 0.200001
v 4.723733 0.709393 0.200001
v 4.724200 0.696750 0.200001
v 4.724533 0.684341 0.200001
v 4.724733 0.672309 0.200001
v 4.724800 0.660800 0.200001
v 4.724800 0.558400 0.200001
v 4.460800 0.558400 0.200001
v 4.451605 0.558436 0.200001
v 4.442444 0.558556 0.200001
v 4.433350 0.558775 0.200001
v 4.424355 0.559111 0.200001
v 4.415494 0.559581 0.200001
v 4.406799 0.560200 0.200001
v 4.398305 0.560986 0.200001
v 4.390044 0.561956 0.200001
v 4.382049 0.563125 0.200001
v 4.374355 0.564511 0.200001
v 4.366994 0.566131 0.200001
v 4.360000 0.568000 0.200001
v 4.276800 0.488000 0.200001
v 4.284124 0.480275 0.200001
v 4.291659 0.472333 0.200001
v 4.299350 0.464225 0.200001
v 4.307141 0.456000 0.200001
v 4.314976 0.447708 0.200001
v 4.322800 0.439400 0.200001
v 4.330557 0.431125 0.200001
v 4.338192 0.422933 0.200001
v 4.345650 0.414875 0.200001
v 4.352874 0.407000 0.200001
v 4.359809 0.399358 0.200001
v 4.366400 0.392000 0.200001
v 4.504000 0.075200 0.200001
v 4.504000 0.075200 -0.199998
v 4.467659 0.055755 0.200001
v 4.467659 0.055755 -0.199998
v 4.433547 0.037237 0.200001
v 4.433547 0.037237 -0.199999
v 4.401224 0.019375 0.200001
v 4.401224 0.019375 -0.199999
v 4.370251 0.001896 0.200001
v 4.370251 0.001896 -0.199999
v 4.340189 -0.015471 0.200001
v 4.340189 -0.015471 -0.199999
v 4.310599 -0.033000 0.200001
v 4.310599 -0.033000 -0.199999
v 4.281043 -0.050962 0.200001
v 4.281043 -0.050962 -0.199999
v 4.251081 -0.069630 0.200001
v 4.251081 -0.069630 -0.199999
v 4.220274 -0.089275 0.200001
v 4.220274 -0.089275 -0.199999
v 4.188185 -0.110170 0.200001
v 4.188185 -0.110170 -0.199999
v 4.154373 -0.132588 0.200001
v 4.154373 -0.132588 -0.199999
v 4.118400 -0.156800 0.200001
v 4.118400 -0.156800 -0.199999
v 4.201600 -0.265600 0.200001
v 4.201600 -0.265600 -0.199999
v 4.235557 -0.240768 0.200001
v 4.235557 -0.240768 -0.199999
v 4.268052 -0.217348 0.200001
v 4.268052 -0.217348 -0.199999
v 4.299425 -0.195150 0.200001
v 4.299425 -0.195150 -0.199999
v 4.330015 -0.173985 0.200001
v 4.330015 -0.173985 -0.199999
v 4.360160 -0.153665 0.200001
v 4.360160 -0.153665 -0.199999
v 4.390200 -0.134000 0.200001
v 4.390200 -0.134000 -0.199999
v 4.420473 -0.114802 0.200001
v 4.420473 -0.114802 -0.199999
v 4.451318 -0.095881 0.200001
v 4.451318 -0.095881 -0.199998
v 4.483074 -0.077050 0.200001
v 4.483074 -0.077050 -0.199998
v 4.516081 -0.058119 0.200001
v 4.516081 -0.058119 -0.199998
v 4.550676 -0.038898 0.200001
v 4.550676 -0.038898 -0.199998
v 4.587200 -0.019200 0.200001
v 4.587200 -0.019200 -0.199998
v 4.387509 0.367241 0.200001
v 4.387509 0.367241 -0.199999
v 4.410741 0.341126 0.200001
v 4.410741 0.341126 -0.199999
v 4.435950 0.313900 0.200001
v 4.435950 0.313900 -0.199999
v 4.462993 0.285807 0.200001
v 4.462993 0.285807 -0.199999
v 4.491724 0.257093 0.200001
v 4.491724 0.257093 -0.199999
v 4.522000 0.228000 0.200001
v 4.522000 0.228000 -0.199998
v 4.553676 0.198774 0.200001
v 4.553676 0.198774 -0.199998
v 4.586607 0.169659 0.200001
v 4.586607 0.169659 -0.199998
v 4.620649 0.140900 0.200001
v 4.620649 0.140900 -0.199998
v 4.655659 0.112741 0.200001
v 4.655659 0.112741 -0.199998
v 4.691490 0.085426 0.200001
v 4.691490 0.085426 -0.199998
v 4.728000 0.059200 0.200001
v 4.728000 0.059200 -0.199998
v 4.729599 -0.371200 0.200002
v 4.729599 -0.371200 -0.199998
v 4.729504 -0.385480 0.200002
v 4.729504 -0.385480 -0.199998
v 4.729230 -0.400237 0.200002
v 4.729230 -0.400237 -0.199998
v 4.728800 -0.415350 0.200002
v 4.728800 -0.415350 -0.199998
v 4.728237 -0.430696 0.200002
v 4.728237 -0.430696 -0.199998
v 4.727563 -0.446154 0.200002
v 4.727563 -0.446154 -0.199998
v 4.726800 -0.461600 0.200002
v 4.726800 -0.461600 -0.199998
v 4.725970 -0.476913 0.200002
v 4.725970 -0.476913 -0.199998
v 4.725096 -0.491970 0.200002
v 4.725096 -0.491970 -0.199998
v 4.724200 -0.506650 0.200002
v 4.724200 -0.506650 -0.199998
v 4.723303 -0.520830 0.200002
v 4.723303 -0.520830 -0.199998
v 4.722429 -0.534387 0.200002
v 4.722429 -0.534387 -0.199998
v 4.721600 -0.547200 0.200002
v 4.721600 -0.547200 -0.199998
v 4.867200 -0.547200 0.200002
v 4.867200 -0.547200 -0.199998
v 4.866002 -0.535059 0.200002
v 4.866002 -0.535059 -0.199998
v 4.864821 -0.521941 0.200002
v 4.864821 -0.521941 -0.199998
v 4.863674 -0.508000 0.200002
v 4.863674 -0.508000 -0.199998
v 4.862577 -0.493393 0.200002
v 4.862577 -0.493393 -0.199998
v 4.861547 -0.478274 0.200002
v 4.861547 -0.478274 -0.199998
v 4.860600 -0.462800 0.200002
v 4.860600 -0.462800 -0.199998
v 4.859752 -0.447126 0.200002
v 4.859752 -0.447126 -0.199998
v 4.859022 -0.431407 0.200002
v 4.859022 -0.431407 -0.199998
v 4.858425 -0.415800 0.200002
v 4.858425 -0.415800 -0.199998
v 4.857977 -0.400459 0.200002
v 4.857977 -0.400459 -0.199998
v 4.857697 -0.385541 0.200002
v 4.857697 -0.385541 -0.199998
v 4.857600 -0.371200 0.200002
v 4.857600 -0.371200 -0.199998
v 4.855999 -0.022400 0.200002
v 4.855999 -0.022400 -0.199998
v 4.893774 -0.043673 0.200002
v 4.893774 -0.043673 -0.199998
v 4.932725 -0.064319 0.200002
v 4.932725 -0.064319 -0.199998
v 4.972899 -0.084375 0.200002
v 4.972899 -0.084375 -0.199998
v 5.014340 -0.103881 0.200002
v 5.014340 -0.103881 -0.199998
v 5.057092 -0.122877 0.200002
v 5.057092 -0.122877 -0.199998
v 5.101200 -0.141400 0.200002
v 5.101200 -0.141400 -0.199998
v 5.146707 -0.159490 0.200002
v 5.146707 -0.159490 -0.199998
v 5.193659 -0.177185 0.200002
v 5.193659 -0.177185 -0.199998
v 5.242100 -0.194525 0.200002
v 5.242100 -0.194525 -0.199998
v 5.292074 -0.211548 0.200002
v 5.292074 -0.211548 -0.199998
v 5.343626 -0.228294 0.200002
v 5.343626 -0.228294 -0.199998
v 5.396800 -0.244800 0.200002
v 5.396800 -0.244800 -0.199998
v 5.473600 -0.126400 0.200002
v 5.473600 -0.126400 -0.199998
v 5.400105 -0.107726 0.200002
v 5.400105 -0.107726 -0.199998
v 5.330711 -0.087807 0.200002
v 5.330711 -0.087807 -0.199998
v 5.265250 -0.066800 0.200002
v 5.265250 -0.066800 -0.199998
v 5.203555 -0.044859 0.200002
v 5.203555 -0.044859 -0.199998
v 5.145461 -0.022141 0.200002
v 5.145461 -0.022141 -0.199998
v 5.090799 0.001200 0.200002
v 5.090799 0.001200 -0.199998
v 5.039405 0.025007 0.200002
v 5.039405 0.025007 -0.199998
v 4.991110 0.049126 0.200002
v 4.991110 0.049126 -0.199998
v 4.945749 0.073400 0.200002
v 4.945749 0.073400 -0.199998
v 4.903155 0.097674 0.200002
v 4.903155 0.097674 -0.199998
v 4.863161 0.121793 0.200002
v 4.863161 0.121793 -0.199998
v 4.825600 0.145600 0.200002
v 4.825600 0.145600 -0.199998
v 4.790333 0.169083 0.200002
v 4.790333 0.169083 -0.199998
v 4.755873 0.193733 0.200001
v 4.755873 0.193733 -0.199998
v 4.722424 0.219250 0.200001
v 4.722424 0.219250 -0.199998
v 4.690192 0.245333 0.200001
v 4.690192 0.245333 -0.199998
v 4.659381 0.271683 0.200001
v 4.659381 0.271683 -0.199998
v 4.630199 0.298000 0.200001
v 4.630199 0.298000 -0.199998
v 4.602850 0.323983 0.200001
v 4.602850 0.323983 -0.199998
v 4.577540 0.349333 0.200001
v 4.577540 0.349333 -0.199998
v 4.554474 0.373750 0.200001
v 4.554474 0.373750 -0.199998
v 4.533859 0.396933 0.200001
v 4.533859 0.396933 -0.199998
v 4.515899 0.418583 0.200001
v 4.515899 0.418583 -0.199998
v 4.500800 0.438400 0.200001
v 4.500800 0.438400 -0.199999
v 4.528286 0.438400 0.200001
v 4.528286 0.438400 -0.199998
v 4.571096 0.438400 0.200001
v 4.571096 0.438400 -0.199998
v 4.626150 0.438400 0.200001
v 4.626150 0.438400 -0.199998
v 4.690370 0.438400 0.200001
v 4.690370 0.438400 -0.199998
v 4.760679 0.438400 0.200001
v 4.760679 0.438400 -0.199998
v 4.834000 0.438400 0.200002
v 4.834000 0.438400 -0.199998
v 4.907253 0.438400 0.200002
v 4.907253 0.438400 -0.199998
v 4.977363 0.438400 0.200002
v 4.977363 0.438400 -0.199998
v 5.041250 0.438400 0.200002
v 5.041250 0.438400 -0.199998
v 5.095837 0.438400 0.200002
v 5.095837 0.438400 -0.199998
v 5.138046 0.438400 0.200002
v 5.138046 0.438400 -0.199998
v 5.164800 0.438400 0.200002
v 5.164800 0.438400 -0.199998
v 5.179488 0.438335 0.200002
v 5.179488 0.438335 -0.199998
v 5.195377 0.438148 0.200002
v 5.195377 0.438148 -0.199998
v 5.212200 0.437850 0.200002
v 5.212200 0.437850 -0.199998
v 5.229689 0.437452 0.200002
v 5.229689 0.437452 -0.199998
v 5.247578 0.436965 0.200002
v 5.247578 0.436965 -0.199998
v 5.265600 0.436400 0.200002
v 5.265600 0.436400 -0.199998
v 5.283489 0.435769 0.200002
v 5.283489 0.435769 -0.199998
v 5.300978 0.435081 0.200002
v 5.300978 0.435081 -0.199998
v 5.317800 0.434350 0.200002
v 5.317800 0.434350 -0.199998
v 5.333689 0.433585 0.200002
v 5.333689 0.433585 -0.199998
v 5.348378 0.432798 0.200002
v 5.348378 0.432798 -0.199998
v 5.361600 0.432000 0.200002
v 5.361600 0.432000 -0.199998
v 5.361600 0.566400 0.200002
v 5.361600 0.566400 -0.199998
v 5.348043 0.564898 0.200002
v 5.348043 0.564898 -0.199998
v 5.333148 0.563585 0.200002
v 5.333148 0.563585 -0.199998
v 5.317174 0.562450 0.200002
v 5.317174 0.562450 -0.199998
v 5.300385 0.561481 0.200002
v 5.300385 0.561481 -0.199998
v 5.283039 0.560668 0.200002
v 5.283039 0.560668 -0.199998
v 5.265399 0.560000 0.200002
v 5.265399 0.560000 -0.199998
v 5.247726 0.559465 0.200002
v 5.247726 0.559465 -0.199998
v 5.230281 0.559052 0.200002
v 5.230281 0.559052 -0.199998
v 5.213325 0.558750 0.200002
v 5.213325 0.558750 -0.199998
v 5.197118 0.558548 0.200002
v 5.197118 0.558548 -0.199998
v 5.181923 0.558435 0.200002
v 5.181923 0.558435 -0.199998
v 5.168000 0.558400 0.200002
v 5.168000 0.558400 -0.199998
v 4.854400 0.558400 0.200002
v 4.854400 0.558400 -0.199998
v 4.854400 0.660800 0.200002
v 4.854400 0.660800 -0.199998
v 4.854434 0.672309 0.200002
v 4.854434 0.672309 -0.199998
v 4.854548 0.684341 0.200002
v 4.854548 0.684341 -0.199998
v 4.854749 0.696750 0.200002
v 4.854749 0.696750 -0.199998
v 4.855051 0.709393 0.200002
v 4.855051 0.709393 -0.199998
v 4.855464 0.722124 0.200002
v 4.855464 0.722124 -0.199998
v 4.855999 0.734800 0.200002
v 4.855999 0.734800 -0.199998
v 4.856668 0.747276 0.200002
v 4.856668 0.747276 -0.199998
v 4.857481 0.759407 0.200002
v 4.857481 0.759407 -0.199998
v 4.858449 0.771050 0.200002
v 4.858449 0.771050 -0.199998
v 4.859584 0.782059 0.200002
v 4.859584 0.782059 -0.199998
v 4.860898 0.792291 0.200002
v 4.860898 0.792291 -0.199998
v 4.862400 0.801600 0.200002
v 4.862400 0.801600 -0.199998
v 4.715200 0.801600 0.200001
v 4.715200 0.801600 -0.199998
v 4.716733 0.792291 0.200001
v 4.716733 0.792291 -0.199998
v 4.718133 0.782059 0.200001
v 4.718133 0.782059 -0.199998
v 4.719400 0.771050 0.200001
v 4.719400 0.771050 -0.199998
v 4.720533 0.759407 0.200001
v 4.720533 0.759407 -0.199998
v 4.721533 0.747276 0.200001
v 4.721533 0.747276 -0.199998
v 4.722400 0.734800 0.200001
v 4.722400 0.734800 -0.199998
v 4.723133 0.722124 0.200001
v 4.723133 0.722124 -0.199998
v 4.723733 0.709393 0.200001
v 4.723733 0.709393 -0.199998
v 4.724200 0.696750 0.200001
v 4.724200 0.696750 -0.199998
v 4.724533 0.684341 0.200001
v 4.724533 0.684341 -0.199998
v 4.724733 0.672309 0.200001
v 4.724733 0.672309 -0.199998
v 4.724800 0.660800 0.200001
v 4.724800 0.660800 -0.199998
v 4.724800 0.558400 0.200001
v 4.724800 0.558400 -0.199998
v 4.460800 0.558400 0.200001
v 4.460800 0.558400 -0.199999
v 4.451605 0.558436 0.200001
v 4.451605 0.558436 -0.199999
v 4.442444 0.558556 0.200001
v 4.442444 0.558556 -0.199999
v 4.433350 0.558775 0.200001
v 4.433350 0.558775 -0.199999
v 4.424355 0.559111 0.200001
v 4.424355 0.559111 -0.199999
v 4.415494 0.559581 0.200001
v 4.415494 0.559581 -0.199999
v 4.406799 0.560200 0.200001
v 4.406799 0.560200 -0.199999
v 4.398305 0.560986 0.200001
v 4.398305 0.560986 -0.199999
v 4.390044 0.561956 0.200001
v 4.390044 0.561956 -0.199999
v 4.382049 0.563125 0.200001
v 4.382049 0.563125 -0.199999
v 4.374355 0.564511 0.200001
v 4.374355 0.564511 -0.199999
v 4.366994 0.566131 0.200001
v 4.366994 0.566131 -0.199999
v 4.360000 0.568000 0.200001
v 4.360000 0.568000 -0.199999
v 4.276800 0.488000 0.200001
v 4.276800 0.488000 -0.199999
v 4.284124 0.480275 0.200001
v 4.284124 0.480275 -0.199999
v 4.291659 0.472333 0.200001
v 4.291659 0.472333 -0.199999
v 4.299350 0.464225 0.200001
v 4.299350 0.464225 -0.199999
v 4.307141 0.456000 0.200001
v 4.307141 0.456000 -0.199999
v 4.314976 0.447708 0.200001
v 4.314976 0.447708 -0.199999
v 4.322800 0.439400 0.200001
v 4.322800 0.439400 -0.199999
v 4.330557 0.431125 0.200001
v 4.330557 0.431125 -0.199999
v 4.338192 0.422933 0.200001
v 4.338192 0.422933 -0.199999
v 4.345650 0.414875 0.200001
v 4.345650 0.414875 -0.199999
v 4.352874 0.407000 0.200001
v 4.352874 0.407000 -0.199999
v 4.359809 0.399358 0.200001
v 4.359809 0.399358 -0.199999
v 4.366400 0.392000 0.200001
v 4.366400 0.392000 -0.199999
v 2.745600 0.564800 0.200001
v 2.745600 0.564800 -0.199999
v 2.754016 0.581397 0.200001
v 2.754016 0.581397 -0.199999
v 2.763193 0.599044 0.200001
v 2.763193 0.599044 -0.199999
v 2.773025 0.617525 0.200001
v 2.773025 0.617525 -0.199999
v 2.783407 0.636622 0.200001
v 2.783407 0.636622 -0.199999
v 2.794234 0.656119 0.200001
v 2.794234 0.656119 -0.199999
v 2.805400 0.675800 0.200001
v 2.805400 0.675800 -0.199999
v 2.816799 0.695447 0.200001
v 2.816799 0.695447 -0.199999
v 2.828326 0.714844 0.200001
v 2.828326 0.714844 -0.199999
v 2.839875 0.733775 0.200001
v 2.839875 0.733775 -0.199999
v 2.851341 0.752022 0.200001
v 2.851341 0.752022 -0.199999
v 2.862617 0.769369 0.200001
v 2.862617 0.769369 -0.199999
v 2.873600 0.785600 0.200001
v 2.873600 0.785600 -0.199999
v 2.788800 0.822400 0.200001
v 2.788800 0.822400 -0.199999
v 2.778428 0.806842 0.200001
v 2.778428 0.806842 -0.199999
v 2.767422 0.789941 0.200001
v 2.767422 0.789941 -0.199999
v 2.755950 0.771950 0.200001
v 2.755950 0.771950 -0.199999
v 2.744178 0.753126 0.200001
v 2.744178 0.753126 -0.199999
v 2.732272 0.733724 0.200001
v 2.732272 0.733724 -0.199999
v 2.720400 0.714000 0.200001
v 2.720400 0.714000 -0.199999
v 2.708728 0.694209 0.200001
v 2.708728 0.694209 -0.199999
v 2.697422 0.674607 0.200001
v 2.697422 0.674607 -0.199999
v 2.686650 0.655450 0.200001
v 2.686650 0.655450 -0.199999
v 2.676578 0.636993 0.200001
v 2.676578 0.636993 -0.199999
v 2.667372 0.619491 0.200001
v 2.667372 0.619491 -0.199999
v 2.659200 0.603200 0.200001
v 2.659200 0.603200 -0.199999
v 2.560000 0.622400 0.200001
v 2.560000 0.622400 -0.199999
v 2.569151 0.640035 0.200001
v 2.569151 0.640035 -0.199999
v 2.578941 0.658415 0.200001
v 2.578941 0.658415 -0.199999
v 2.589275 0.677350 0.200001
v 2.589275 0.677350 -0.199999
v 2.600059 0.696652 0.200001
v 2.600059 0.696652 -0.199999
v 2.611199 0.716131 0.200001
v 2.611199 0.716131 -0.199999
v 2.622600 0.735600 0.200001
v 2.622600 0.735600 -0.199999
v 2.634167 0.754869 0.200001
v 2.634167 0.754869 -0.199999
v 2.645807 0.773748 0.200001
v 2.645807 0.773748 -0.199999
v 2.657425 0.792050 0.200001
v 2.657425 0.792050 -0.199999
v 2.668926 0.809585 0.200001
v 2.668926 0.809585 -0.199999
v 2.680216 0.826165 0.200001
v 2.680216 0.826165 -0.199999
v 2.691200 0.841600 0.200001
v 2.691200 0.841600 -0.199999
v 2.608000 0.878400 0.200001
v 2.608000 0.878400 -0.199999
v 2.596861 0.862813 0.200001
v 2.596861 0.862813 -0.199999
v 2.585155 0.845837 0.200001
v 2.585155 0.845837 -0.199999
v 2.573050 0.827750 0.200001
v 2.573050 0.827750 -0.199999
v 2.560711 0.808830 0.200001
v 2.560711 0.808830 -0.199999
v 2.548305 0.789354 0.200001
v 2.548305 0.789354 -0.199999
v 2.536000 0.769600 0.200001
v 2.536000 0.769600 -0.199999
v 2.523961 0.749846 0.200001
v 2.523961 0.749846 -0.199999
v 2.512355 0.730370 0.200001
v 2.512355 0.730370 -0.199999
v 2.501350 0.711450 0.200001
v 2.501350 0.711450 -0.199999
v 2.491111 0.693363 0.200001
v 2.491111 0.693363 -0.199999
v 2.481805 0.676387 0.200001
v 2.481805 0.676387 -0.199999
v 2.473600 0.660800 0.200001
v 2.473600 0.660800 -0.199999
v 2.806547 0.457053 0.200001
v 2.806547 0.457053 -0.199999
v 2.822911 0.419622 0.200001
v 2.822911 0.419622 -0.199999
v 2.840975 0.380825 0.200001
v 2.840975 0.380825 -0.199999
v 2.860622 0.340978 0.200001
v 2.860622 0.340978 -0.199999
v 2.881736 0.300397 0.200001
v 2.881736 0.300397 -0.199999
v 2.904200 0.259400 0.200001
v 2.904200 0.259400 -0.199999
v 2.927897 0.218303 0.200001
v 2.927897 0.218303 -0.199999
v 2.952711 0.177422 0.200001
v 2.952711 0.177422 -0.199999
v 2.978525 0.137075 0.200001
v 2.978525 0.137075 -0.199999
v 3.005222 0.097578 0.200001
v 3.005222 0.097578 -0.199999
v 3.032686 0.059247 0.200001
v 3.032686 0.059247 -0.199999
v 3.060800 0.022400 0.200001
v 3.060800 0.022400 -0.199999
v 3.018302 -0.014848 0.200001
v 3.018302 -0.014848 -0.199999
v 2.975081 -0.054252 0.200001
v 2.975081 -0.054252 -0.199999
v 2.931550 -0.095300 0.200001
v 2.931550 -0.095300 -0.199999
v 2.888119 -0.137481 0.200001
v 2.888119 -0.137481 -0.199999
v 2.845198 -0.180285 0.200001
v 2.845198 -0.180285 -0.199999
v 2.803200 -0.223200 0.200001
v 2.803200 -0.223200 -0.199999
v 2.762535 -0.265715 0.200001
v 2.762535 -0.265715 -0.199999
v 2.723615 -0.307318 0.200001
v 2.723615 -0.307318 -0.199999
v 2.686850 -0.347500 0.200001
v 2.686850 -0.347500 -0.199999
v 2.652652 -0.385748 0.200001
v 2.652652 -0.385748 -0.199999
v 2.621431 -0.421552 0.200001
v 2.621431 -0.421552 -0.199999
v 2.593600 -0.454400 0.200001
v 2.593600 -0.454400 -0.199999
v 2.705600 -0.552000 0.200001
v 2.705600 -0.552000 -0.199999
v 2.733660 -0.515516 0.200001
v 2.733660 -0.515516 -0.199999
v 2.764081 -0.477459 0.200001
v 2.764081 -0.477459 -0.199999
v 2.796625 -0.438125 0.200001
v 2.796625 -0.438125 -0.199999
v 2.831052 -0.397807 0.200001
v 2.831052 -0.397807 -0.199999
v 2.867123 -0.356801 0.200001
v 2.867123 -0.356801 -0.199999
v 2.904600 -0.315400 0.200001
v 2.904600 -0.315400 -0.199999
v 2.943243 -0.273899 0.200001
v 2.943243 -0.273899 -0.199999
v 2.982815 -0.232593 0.200001
v 2.982815 -0.232593 -0.199999
v 3.023075 -0.191775 0.200001
v 3.023075 -0.191775 -0.199999
v 3.063785 -0.151741 0.200001
v 3.063785 -0.151741 -0.199999
v 3.104706 -0.112784 0.200001
v 3.104706 -0.112784 -0.199999
v 3.145600 -0.075200 0.200001
v 3.145600 -0.075200 -0.199999
v 3.189319 -0.121335 0.200001
v 3.189319 -0.121335 -0.199999
v 3.234822 -0.166815 0.200001
v 3.234822 -0.166815 -0.199999
v 3.282025 -0.211450 0.200001
v 3.282025 -0.211450 -0.199999
v 3.330844 -0.255052 0.200001
v 3.330844 -0.255052 -0.199999
v 3.381197 -0.297431 0.200001
v 3.381197 -0.297431 -0.199999
v 3.433000 -0.338400 0.200001
v 3.433000 -0.338400 -0.199999
v 3.486169 -0.377768 0.200001
v 3.486169 -0.377768 -0.199999
v 3.540622 -0.415348 0.200001
v 3.540622 -0.415348 -0.199999
v 3.596275 -0.450950 0.200001
v 3.596275 -0.450950 -0.199999
v 3.653044 -0.484385 0.200001
v 3.653044 -0.484385 -0.199999
v 3.710847 -0.515465 0.200001
v 3.710847 -0.515465 -0.199999
v 3.769600 -0.544000 0.200001
v 3.769600 -0.544000 -0.199999
v 3.872000 -0.436800 0.200001
v 3.872000 -0.436800 -0.199999
v 3.808063 -0.409789 0.200001
v 3.808063 -0.409789 -0.199999
v 3.745170 -0.379378 0.200001
v 3.745170 -0.379378 -0.199999
v 3.683500 -0.345900 0.200001
v 3.683500 -0.345900 -0.199999
v 3.623230 -0.309689 0.200001
v 3.623230 -0.309689 -0.199999
v 3.564537 -0.271078 0.200001
v 3.564537 -0.271078 -0.199999
v 3.507600 -0.230400 0.200001
v 3.507600 -0.230400 -0.199999
v 3.452596 -0.187989 0.200001
v 3.452596 -0.187989 -0.199999
v 3.399704 -0.144178 0.200001
v 3.399704 -0.144178 -0.199999
v 3.349100 -0.099300 0.200001
v 3.349100 -0.099300 -0.199999
v 3.300963 -0.053689 0.200001
v 3.300963 -0.053689 -0.199999
v 3.255470 -0.007678 0.200001
v 3.255470 -0.007678 -0.199999
v 3.212800 0.038400 0.200001
v 3.212800 0.038400 -0.199999
v 3.185482 0.070528 0.200001
v 3.185482 0.070528 -0.199999
v 3.158126 0.105022 0.200001
v 3.158126 0.105022 -0.199999
v 3.131025 0.141450 0.200001
v 3.131025 0.141450 -0.199999
v 3.104474 0.179378 0.200001
v 3.104474 0.179378 -0.199999
v 3.078767 0.218372 0.200001
v 3.078767 0.218372 -0.199999
v 3.054200 0.258000 0.200001
v 3.054200 0.258000 -0.199999
v 3.031065 0.297828 0.200001
v 3.031065 0.297828 -0.199999
v 3.009659 0.337422 0.200001
v 3.009659 0.337422 -0.199999
v 2.990275 0.376350 0.200001
v 2.990275 0.376350 -0.199999
v 2.973207 0.414178 0.200001
v 2.973207 0.414178 -0.199999
v 2.958751 0.450472 0.200001
v 2.958751 0.450472 -0.199999
v 2.947200 0.484800 0.200001
v 2.947200 0.484800 -0.199999
v 2.970508 0.484800 0.200001
v 2.970508 0.484800 -0.199999
v 3.009533 0.484800 0.200001
v 3.009533 0.484800 -0.199999
v 3.061125 0.484800 0.200001
v 3.061125 0.484800 -0.199999
v 3.122133 0.484800 0.200001
v 3.122133 0.484800 -0.199999
v 3.189409 0.484800 0.200001
v 3.189409 0.484800 -0.199999
v 3.259800 0.484800 0.200001
v 3.259800 0.484800 -0.199999
v 3.330158 0.484800 0.200001
v 3.330158 0.484800 -0.199999
v 3.397333 0.484800 0.200001
v 3.397333 0.484800 -0.199999
v 3.458175 0.484800 0.200001
v 3.458175 0.484800 -0.199999
v 3.509533 0.484800 0.200001
v 3.509533 0.484800 -0.199999
v 3.548258 0.484800 0.200001
v 3.548258 0.484800 -0.199999
v 3.571200 0.484800 0.200001
v 3.571200 0.484800 -0.199999
v 3.585807 0.484673 0.200001
v 3.585807 0.484673 -0.199999
v 3.601392 0.484319 0.200001
v 3.601392 0.484319 -0.199999
v 3.617600 0.483775 0.200001
v 3.617600 0.483775 -0.199999
v 3.634074 0.483082 0.200001
v 3.634074 0.483082 -0.199999
v 3.650459 0.482277 0.200001
v 3.650459 0.482277 -0.199999
v 3.666400 0.481400 0.200001
v 3.666400 0.481400 -0.199999
v 3.681540 0.480490 0.200001
v 3.681540 0.480490 -0.199999
v 3.695526 0.479585 0.200001
v 3.695526 0.479585 -0.199999
v 3.708000 0.478725 0.200001
v 3.708000 0.478725 -0.199999
v 3.718607 0.477948 0.200001
v 3.718607 0.477948 -0.199999
v 3.726992 0.477294 0.200001
v 3.726992 0.477294 -0.199999
v 3.732800 0.476800 0.200001
v 3.732800 0.476800 -0.199999
v 3.732800 0.620800 0.200001
v 3.732800 0.620800 -0.199999
v 3.725832 0.619939 0.200001
v 3.725832 0.619939 -0.199999
v 3.716385 0.618978 0.200001
v 3.716385 0.618978 -0.199999
v 3.704850 0.617950 0.200001
v 3.704850 0.617950 -0.199999
v 3.691615 0.616889 0.200001
v 3.691615 0.616889 -0.199999
v 3.677069 0.615828 0.200001
v 3.677069 0.615828 -0.199999
v 3.661600 0.614800 0.200001
v 3.661600 0.614800 -0.199999
v 3.645598 0.613839 0.200001
v 3.645598 0.613839 -0.199999
v 3.629452 0.612978 0.200001
v 3.629452 0.612978 -0.199999
v 3.613550 0.612250 0.200001
v 3.613550 0.612250 -0.199999
v 3.598281 0.611689 0.200001
v 3.598281 0.611689 -0.199999
v 3.584035 0.611328 0.200001
v 3.584035 0.611328 -0.199999
v 3.571200 0.611200 0.200001
v 3.571200 0.611200 -0.199999
v 3.546734 0.611200 0.200001
v 3.546734 0.611200 -0.199999
v 3.507341 0.611200 0.200001
v 3.507341 0.611200 -0.199999
v 3.456025 0.611200 0.200001
v 3.456025 0.611200 -0.199999
v 3.395792 0.611200 0.200001
v 3.395792 0.611200 -0.199999
v 3.329649 0.611200 0.200001
v 3.329649 0.611200 -0.199999
v 3.260600 0.611200 0.200001
v 3.260600 0.611200 -0.199999
v 3.191651 0.611200 0.200001
v 3.191651 0.611200 -0.199999
v 3.125807 0.611200 0.200001
v 3.125807 0.611200 -0.199999
v 3.066075 0.611200 0.200001
v 3.066075 0.611200 -0.199999
v 3.015459 0.611200 0.200001
v 3.015459 0.611200 -0.199999
v 2.976965 0.611200 0.200001
v 2.976965 0.611200 -0.199999
v 2.953600 0.611200 0.200001
v 2.953600 0.611200 -0.199999
v 2.940635 0.611299 0.200001
v 2.940635 0.611299 -0.199999
v 2.928155 0.611593 0.200001
v 2.928155 0.611593 -0.199999
v 2.916174 0.612075 0.200001
v 2.916174 0.612075 -0.199999
v 2.904711 0.612741 0.200001
v 2.904711 0.612741 -0.199999
v 2.893780 0.613584 0.200001
v 2.893780 0.613584 -0.199999
v 2.883399 0.614600 0.200001
v 2.883399 0.614600 -0.199999
v 2.873586 0.615782 0.200001
v 2.873586 0.615782 -0.199999
v 2.864355 0.617126 0.200001
v 2.864355 0.617126 -0.199999
v 2.855725 0.618625 0.200001
v 2.855725 0.618625 -0.199999
v 2.847711 0.620274 0.200001
v 2.847711 0.620274 -0.199999
v 2.840330 0.622068 0.200001
v 2.840330 0.622068 -0.199999
v 2.833600 0.624000 0.200001
v 2.833600 0.624000 -0.199999
v 2.752000 0.561600 0.200001
v 2.752000 0.561600 -0.199999
v 2.754620 0.557955 0.200001
v 2.754620 0.557955 -0.199999
v 2.757629 0.553504 0.200001
v 2.757629 0.553504 -0.199999
v 2.760950 0.548375 0.200001
v 2.760950 0.548375 -0.199999
v 2.764503 0.542696 0.200001
v 2.764503 0.542696 -0.199999
v 2.768213 0.536595 0.200001
v 2.768213 0.536595 -0.199999
v 2.772000 0.530200 0.200001
v 2.772000 0.530200 -0.199999
v 2.775787 0.523638 0.200001
v 2.775787 0.523638 -0.199999
v 2.779496 0.517037 0.200001
v 2.779496 0.517037 -0.199999
v 2.783050 0.510525 0.200001
v 2.783050 0.510525 -0.199999
v 2.786370 0.504230 0.200001
v 2.786370 0.504230 -0.199999
v 2.789379 0.498279 0.200001
v 2.789379 0.498279 -0.199999
v 2.792000 0.492800 0.200001
v 2.792000 0.492800 -0.199999
v 1.152000 0.422400 0.200000
v 1.152000 0.422400 -0.200000
v 1.205222 0.440385 0.200000
v 1.205222 0.440385 -0.200000
v 1.266311 0.458948 0.200000
v 1.266311 0.458948 -0.200000
v 1.333800 0.477800 0.200000
v 1.333800 0.477800 -0.200000
v 1.406222 0.496652 0.200000
v 1.406222 0.496652 -0.200000
v 1.482111 0.515215 0.200000
v 1.482111 0.515215 -0.199999
v 1.560000 0.533200 0.200000
v 1.560000 0.533200 -0.199999
v 1.638422 0.550318 0.200000
v 1.638422 0.550318 -0.199999
v 1.715911 0.566281 0.200000
v 1.715911 0.566281 -0.199999
v 1.791000 0.580800 0.200001
v 1.791000 0.580800 -0.199999
v 1.862222 0.593585 0.200001
v 1.862222 0.593585 -0.199999
v 1.928111 0.604348 0.200001
v 1.928111 0.604348 -0.199999
v 1.987200 0.612800 0.200001
v 1.987200 0.612800 -0.199999
v 1.940800 0.731200 0.200001
v 1.940800 0.731200 -0.199999
v 1.884427 0.723515 0.200001
v 1.884428 0.723515 -0.199999
v 1.820355 0.713452 0.200001
v 1.820355 0.713452 -0.199999
v 1.750150 0.701300 0.200000
v 1.750150 0.701300 -0.199999
v 1.675377 0.687348 0.200000
v 1.675378 0.687348 -0.199999
v 1.597605 0.671885 0.200000
v 1.597605 0.671885 -0.199999
v 1.518400 0.655200 0.200000
v 1.518400 0.655200 -0.199999
v 1.439327 0.637582 0.200000
v 1.439328 0.637582 -0.200000
v 1.361955 0.619319 0.200000
v 1.361955 0.619319 -0.200000
v 1.287850 0.600700 0.200000
v 1.287850 0.600700 -0.200000
v 1.218578 0.582015 0.200000
v 1.218578 0.582015 -0.200000
v 1.155705 0.563552 0.200000
v 1.155706 0.563552 -0.200000
v 1.100800 0.545600 0.200000
v 1.100800 0.545600 -0.200000
v 1.257600 -0.006400 0.200000
v 1.257600 -0.006400 -0.200000
v 1.308053 0.012260 0.200000
v 1.308054 0.012260 -0.200000
v 1.365763 0.031281 0.200000
v 1.365763 0.031281 -0.200000
v 1.429450 0.050425 0.200000
v 1.429450 0.050425 -0.199999
v 1.497837 0.069452 0.200000
v 1.497837 0.069452 -0.199999
v 1.569646 0.088123 0.200000
v 1.569646 0.088123 -0.199999
v 1.643600 0.106200 0.200000
v 1.643600 0.106200 -0.199999
v 1.718420 0.123444 0.200001
v 1.718420 0.123444 -0.199999
v 1.792829 0.139615 0.200001
v 1.792830 0.139615 -0.199999
v 1.865550 0.154475 0.200001
v 1.865550 0.154475 -0.199999
v 1.935303 0.167785 0.200001
v 1.935304 0.167785 -0.199999
v 2.000813 0.179306 0.200001
v 2.000813 0.179306 -0.199999
v 2.060800 0.188800 0.200001
v 2.060800 0.188800 -0.199999
v 2.012800 0.308800 0.200001
v 2.012800 0.308800 -0.199999
v 1.954705 0.298697 0.200001
v 1.954706 0.298697 -0.199999
v 1.890844 0.286911 0.200001
v 1.890845 0.286911 -0.199999
v 1.822450 0.273625 0.200001
v 1.822450 0.273625 -0.199999
v 1.750755 0.259022 0.200001
v 1.750756 0.259022 -0.199999
v 1.676994 0.243286 0.200000
v 1.676995 0.243286 -0.199999
v 1.602400 0.226600 0.200000
v 1.602400 0.226600 -0.199999
v 1.528205 0.209147 0.200000
v 1.528206 0.209147 -0.199999
v 1.455644 0.191111 0.200000
v 1.455644 0.191111 -0.199999
v 1.385950 0.172675 0.200000
v 1.385950 0.172675 -0.200000
v 1.320355 0.154022 0.200000
v 1.320356 0.154022 -0.200000
v 1.260094 0.135336 0.200000
v 1.260094 0.135336 -0.200000
v 1.206400 0.116800 0.200000
v 1.206400 0.116800 -0.200000
v 1.203200 -0.520000 0.200000
v 1.203200 -0.520000 -0.200000
v 1.261590 -0.496546 0.200000
v 1.261590 -0.496546 -0.200000
v 1.329252 -0.472770 0.200000
v 1.329252 -0.472770 -0.200000
v 1.404525 -0.448950 0.200000
v 1.404525 -0.448950 -0.199999
v 1.485748 -0.425363 0.200000
v 1.485748 -0.425363 -0.199999
v 1.571260 -0.402287 0.200000
v 1.571260 -0.402287 -0.199999
v 1.659400 -0.380000 0.200001
v 1.659400 -0.380000 -0.199999
v 1.748506 -0.358780 0.200001
v 1.748506 -0.358780 -0.199999
v 1.836918 -0.338904 0.200001
v 1.836918 -0.338904 -0.199999
v 1.922975 -0.320650 0.200001
v 1.922975 -0.320650 -0.199999
v 2.005015 -0.304296 0.200001
v 2.005015 -0.304296 -0.199999
v 2.081377 -0.290120 0.200001
v 2.081377 -0.290120 -0.199999
v 2.150400 -0.278400 0.200001
v 2.150400 -0.278400 -0.199999
v 2.100800 -0.156800 0.200001
v 2.100800 -0.156800 -0.199999
v 2.029788 -0.168581 0.200001
v 2.029788 -0.168581 -0.199999
v 1.952170 -0.182911 0.200001
v 1.952170 -0.182911 -0.199999
v 1.869475 -0.199475 0.200001
v 1.869475 -0.199475 -0.199999
v 1.783229 -0.217956 0.200001
v 1.783230 -0.217956 -0.199999
v 1.694962 -0.238036 0.200001
v 1.694962 -0.238036 -0.199999
v 1.606200 -0.259400 0.200000
v 1.606200 -0.259400 -0.199999
v 1.518471 -0.281731 0.200000
v 1.518471 -0.281731 -0.199999
v 1.433303 -0.304711 0.200000
v 1.433304 -0.304711 -0.199999
v 1.352225 -0.328025 0.200000
v 1.352225 -0.328025 -0.199999
v 1.276763 -0.351356 0.200000
v 1.276763 -0.351356 -0.200000
v 1.208445 -0.374386 0.200000
v 1.208445 -0.374386 -0.200000
v 1.148800 -0.396800 0.200000
v 1.148800 -0.396800 -0.200000
v 0.532532 -0.019280 0.200000
v 0.532532 -0.019280 -0.200000
v 0.527192 -0.062770 0.200000
v 0.527193 -0.062770 -0.200000
v 0.518775 -0.101750 0.200000
v 0.518775 -0.101750 -0.200000
v 0.507674 -0.136296 0.200000
v 0.507674 -0.136296 -0.200000
v 0.494284 -0.166487 0.200000
v 0.494284 -0.166487 -0.200000
v 0.479000 -0.192400 0.200000
v 0.479000 -0.192400 -0.200000
v 0.462216 -0.214113 0.200000
v 0.462216 -0.214113 -0.200000
v 0.444326 -0.231704 0.200000
v 0.444326 -0.231704 -0.200000
v 0.425725 -0.245250 0.200000
v 0.425725 -0.245250 -0.200000
v 0.406807 -0.254830 0.200000
v 0.406807 -0.254830 -0.200000
v 0.387967 -0.260520 0.200000
v 0.387968 -0.260520 -0.200000
v 0.369600 -0.262400 0.200000
v 0.369600 -0.262400 -0.200000
v 0.350607 -0.260134 0.200000
v 0.350607 -0.260134 -0.200000
v 0.331259 -0.253207 0.200000
v 0.331259 -0.253207 -0.200000
v 0.311600 -0.241425 0.200000
v 0.311600 -0.241425 -0.200000
v 0.291674 -0.224593 0.200000
v 0.291674 -0.224593 -0.200000
v 0.271526 -0.202516 0.200000
v 0.271526 -0.202516 -0.200000
v 0.251200 -0.175000 0.200000
v 0.251200 -0.175000 -0.200000
v 0.230741 -0.141851 0.200000
v 0.230741 -0.141851 -0.200000
v 0.210192 -0.102874 0.200000
v 0.210193 -0.102874 -0.200000
v 0.189600 -0.057875 0.200000
v 0.189600 -0.057875 -0.200000
v 0.169007 -0.006659 0.200000
v 0.169007 -0.006659 -0.200000
v 0.148459 0.050968 0.200000
v 0.148459 0.050968 -0.200000
v 0.128000 0.115200 0.200000
v 0.128000 0.115200 -0.200000
v 0.118170 0.148786 0.200000
v 0.118170 0.148786 -0.200000
v 0.108696 0.183089 0.200000
v 0.108696 0.183089 -0.200000
v 0.099600 0.218025 0.200000
v 0.099600 0.218025 -0.200000
v 0.090904 0.253511 0.200000
v 0.090904 0.253511 -0.200000
v 0.082630 0.289464 0.200000
v 0.082630 0.289464 -0.200000
v 0.074800 0.325800 0.200000
v 0.074800 0.325800 -0.200000
v 0.067437 0.362436 0.200000
v 0.067437 0.362436 -0.200000
v 0.060563 0.399289 0.200000
v 0.060563 0.399289 -0.200000
v 0.054200 0.436275 0.200000
v 0.054200 0.436275 -0.200000
v 0.048370 0.473311 0.200000
v 0.048370 0.473311 -0.200000
v 0.043096 0.510314 0.200000
v 0.043096 0.510314 -0.200000
v 0.038400 0.547200 0.200000
v 0.038400 0.547200 -0.200000
v 0.112693 0.533089 0.200000
v 0.112693 0.533089 -0.200000
v 0.181807 0.510578 0.200000
v 0.181808 0.510578 -0.200000
v 0.245500 0.480600 0.200000
v 0.245500 0.480600 -0.200000
v 0.303526 0.444089 0.200000
v 0.303526 0.444089 -0.200000
v 0.355641 0.401978 0.200000
v 0.355641 0.401978 -0.200000
v 0.401600 0.355200 0.200000
v 0.401600 0.355200 -0.200000
v 0.441159 0.304689 0.200000
v 0.441159 0.304689 -0.200000
v 0.474074 0.251378 0.200000
v 0.474074 0.251378 -0.200000
v 0.500100 0.196200 0.200000
v 0.500100 0.196200 -0.200000
v 0.518992 0.140089 0.200000
v 0.518993 0.140089 -0.200000
v 0.530507 0.083978 0.200000
v 0.530507 0.083978 -0.200000
v 0.534400 0.028800 0.200000
v 0.534400 0.028800 -0.200000
v 0.026596 0.008970 0.200000
v 0.026596 0.008970 -0.200000
v 0.052770 -0.063304 0.200000
v 0.052770 -0.063304 -0.200000
v 0.080100 -0.128800 0.200000
v 0.080100 -0.128800 -0.200000
v 0.108563 -0.187496 0.200000
v 0.108563 -0.187496 -0.200000
v 0.138137 -0.239370 0.200000
v 0.138137 -0.239370 -0.200000
v 0.168800 -0.284400 0.200000
v 0.168800 -0.284400 -0.200000
v 0.200530 -0.322563 0.200000
v 0.200530 -0.322563 -0.200000
v 0.233304 -0.353837 0.200000
v 0.233304 -0.353837 -0.200000
v 0.267100 -0.378200 0.200000
v 0.267100 -0.378200 -0.200000
v 0.301896 -0.395630 0.200000
v 0.301896 -0.395630 -0.200000
v 0.337670 -0.406104 0.200000
v 0.337670 -0.406104 -0.200000
v 0.374400 -0.409600 0.200000
v 0.374400 -0.409600 -0.200000
v 0.409918 -0.406236 0.200000
v 0.409918 -0.406236 -0.200000
v 0.444941 -0.396289 0.200000
v 0.444941 -0.396289 -0.200000
v 0.478975 -0.379975 0.200000
v 0.478975 -0.379975 -0.200000
v 0.511526 -0.357511 0.200000
v 0.511526 -0.357511 -0.200000
v 0.542099 -0.329114 0.200000
v 0.542099 -0.329114 -0.200000
v 0.570200 -0.295000 0.200000
v 0.570200 -0.295000 -0.200000
v 0.595334 -0.255386 0.200000
v 0.595334 -0.255386 -0.200000
v 0.617007 -0.210489 0.200000
v 0.617007 -0.210489 -0.200000
v 0.634725 -0.160525 0.200000
v 0.634725 -0.160525 -0.200000
v 0.647992 -0.105711 0.200000
v 0.647993 -0.105711 -0.200000
v 0.656316 -0.046264 0.200000
v 0.656316 -0.046264 -0.200000
v 0.659200 0.017600 0.200000
v 0.659200 0.017600 -0.200000
v 0.652898 0.103349 0.200000
v 0.652898 0.103349 -0.200000
v 0.634518 0.186393 0.200000
v 0.634519 0.186393 -0.200000
v 0.604850 0.265825 0.200000
v 0.604850 0.265825 -0.200000
v 0.564681 0.340741 0.200000
v 0.564681 0.340741 -0.200000
v 0.514802 0.410234 0.200000
v 0.514802 0.410234 -0.200000
v 0.456000 0.473400 0.200000
v 0.456000 0.473400 -0.200000
v 0.389065 0.529332 0.200000
v 0.389065 0.529332 -0.200000
v 0.314785 0.577126 0.200000
v 0.314785 0.577126 -0.200000
v 0.233950 0.615875 0.200000
v 0.233950 0.615875 -0.200000
v 0.147348 0.644674 0.200000
v 0.147348 0.644674 -0.200000
v 0.055768 0.662618 0.200000
v 0.055769 0.662618 -0.200000
v -0.040000 0.668800 0.200000
v -0.040000 0.668800 -0.200000
v -0.130707 0.663418 0.200000
v -0.130707 0.663418 -0.200000
v -0.215393 0.647741 0.200000
v -0.215393 0.647741 -0.200000
v -0.293700 0.622475 0.200000
v -0.293700 0.622475 -0.200000
v -0.365274 0.588326 0.200000
v -0.365274 0.588326 -0.200000
v -0.429759 0.545999 0.200000
v -0.429759 0.545999 -0.200000
v -0.486800 0.496200 0.200000
v -0.486800 0.496200 -0.200000
v -0.536041 0.439634 0.200000
v -0.536041 0.439634 -0.200000
v -0.577126 0.377007 0.200000
v -0.577126 0.377007 -0.200000
v -0.609700 0.309025 0.200000
v -0.609700 0.309025 -0.200000
v -0.633407 0.236393 0.200000
v -0.633407 0.236393 -0.200000
v -0.647893 0.159816 0.200000
v -0.647893 0.159816 -0.200000
v -0.652800 0.080000 0.200000
v -0.652800 0.080000 -0.200000
v -0.648236 -0.001631 0.200000
v -0.648236 -0.001631 -0.200000
v -0.634689 -0.078378 0.200000
v -0.634689 -0.078378 -0.200000
v -0.612375 -0.150025 0.200000
v -0.612375 -0.150025 -0.200000
v -0.581511 -0.216356 0.200000
v -0.581511 -0.216356 -0.200000
v -0.542314 -0.277153 0.200000
v -0.542314 -0.277153 -0.200000
v -0.495000 -0.332200 0.200000
v -0.495000 -0.332200 -0.200000
v -0.439786 -0.381281 0.200000
v -0.439786 -0.381281 -0.200000
v -0.376889 -0.424178 0.200000
v -0.376889 -0.424178 -0.200000
v -0.306525 -0.460675 0.200000
v -0.306525 -0.460675 -0.200000
v -0.228911 -0.490556 0.200000
v -0.228911 -0.490556 -0.200000
v -0.144264 -0.513603 0.200000
v -0.144264 -0.513603 -0.200000
v -0.052800 -0.529600 0.200000
v -0.052800 -0.529600 -0.200000
v 0.022400 -0.411200 0.200000
v 0.022400 -0.411200 -0.200000
v 0.009640 -0.409935 0.200000
v 0.009640 -0.409935 -0.200000
v -0.003015 -0.408548 0.200000
v -0.003015 -0.408548 -0.200000
v -0.015525 -0.407050 0.200000
v -0.015525 -0.407050 -0.200000
v -0.027852 -0.405452 0.200000
v -0.027852 -0.405452 -0.200000
v -0.039957 -0.403765 0.200000
v -0.039956 -0.403765 -0.200000
v -0.051800 -0.402000 0.200000
v -0.051800 -0.402000 -0.200000
v -0.063344 -0.400169 0.200000
v -0.063343 -0.400169 -0.200000
v -0.074548 -0.398281 0.200000
v -0.074548 -0.398281 -0.200000
v -0.085375 -0.396350 0.200000
v -0.085375 -0.396350 -0.200000
v -0.095785 -0.394385 0.200000
v -0.095785 -0.394385 -0.200000
v -0.105740 -0.392398 0.200000
v -0.105740 -0.392398 -0.200000
v -0.115200 -0.390400 0.200000
v -0.115200 -0.390400 -0.200000
v -0.166219 -0.376589 0.200000
v -0.166219 -0.376589 -0.200000
v -0.216415 -0.358311 0.200000
v -0.216415 -0.358311 -0.200000
v -0.265100 -0.335500 0.200000
v -0.265100 -0.335500 -0.200000
v -0.311585 -0.308089 0.200000
v -0.311585 -0.308089 -0.200000
v -0.355182 -0.276011 0.200000
v -0.355181 -0.276011 -0.200000
v -0.395200 -0.239200 0.200000
v -0.395200 -0.239200 -0.200000
v -0.430952 -0.197589 0.200000
v -0.430952 -0.197589 -0.200000
v -0.461748 -0.151111 0.200000
v -0.461748 -0.151111 -0.200000
v -0.486900 -0.099700 0.200000
v -0.486900 -0.099700 -0.200000
v -0.505719 -0.043289 0.200000
v -0.505718 -0.043289 -0.200000
v -0.517515 0.018189 0.200000
v -0.517515 0.018189 -0.200000
v -0.521600 0.084800 0.200000
v -0.521600 0.084800 -0.200000
v -0.518389 0.144256 0.200000
v -0.518389 0.144256 -0.200000
v -0.508844 0.201511 0.200000
v -0.508844 0.201511 -0.200000
v -0.493100 0.256100 0.200000
v -0.493100 0.256100 -0.200000
v -0.471289 0.307555 0.200000
v -0.471289 0.307555 -0.200000
v -0.443544 0.355411 0.200000
v -0.443544 0.355411 -0.200000
v -0.410000 0.399200 0.200000
v -0.410000 0.399200 -0.200000
v -0.370789 0.438455 0.200000
v -0.370789 0.438455 -0.200000
v -0.326044 0.472711 0.200000
v -0.326044 0.472711 -0.200000
v -0.275900 0.501500 0.200000
v -0.275900 0.501500 -0.200000
v -0.220489 0.524356 0.200000
v -0.220489 0.524356 -0.200000
v -0.159945 0.540811 0.200000
v -0.159944 0.540811 -0.200000
v -0.094400 0.550400 0.200000
v -0.094400 0.550400 -0.200000
v -0.088997 0.512549 0.200000
v -0.088997 0.512549 -0.200000
v -0.083178 0.474259 0.200000
v -0.083178 0.474259 -0.200000
v -0.076925 0.435625 0.200000
v -0.076925 0.435625 -0.200000
v -0.070222 0.396741 0.200000
v -0.070222 0.396741 -0.200000
v -0.063053 0.357701 0.200000
v -0.063053 0.357701 -0.200000
v -0.055400 0.318600 0.200000
v -0.055400 0.318600 -0.200000
v -0.047247 0.279532 0.200000
v -0.047247 0.279532 -0.200000
v -0.038578 0.240593 0.200000
v -0.038578 0.240593 -0.200000
v -0.029375 0.201875 0.200000
v -0.029375 0.201875 -0.200000
v -0.019622 0.163474 0.200000
v -0.019622 0.163474 -0.200000
v -0.009303 0.125484 0.200000
v -0.009303 0.125484 -0.200000
v 0.001600 0.088000 0.200000
v 0.001600 0.088000 -0.200000
v -1.666788 0.829380 0.199999
v -1.666788 0.829380 -0.200001
v -1.666304 0.795170 0.199999
v -1.666304 0.795170 -0.200001
v -1.665675 0.759850 0.199999
v -1.665675 0.759850 -0.200001
v -1.664830 0.723496 0.199999
v -1.664829 0.723496 -0.200001
v -1.663695 0.686187 0.199999
v -1.663695 0.686187 -0.200001
v -1.662200 0.648000 0.199999
v -1.662200 0.648000 -0.200001
v -1.660271 0.609013 0.199999
v -1.660271 0.609013 -0.200001
v -1.657837 0.569304 0.199999
v -1.657837 0.569304 -0.200001
v -1.654825 0.528950 0.199999
v -1.654825 0.528950 -0.200001
v -1.651163 0.488030 0.199999
v -1.651163 0.488030 -0.200001
v -1.646779 0.446620 0.199999
v -1.646778 0.446620 -0.200001
v -1.641600 0.404800 0.199999
v -1.641600 0.404800 -0.200001
v -2.307200 0.404800 0.199999
v -2.307200 0.404800 -0.200001
v -2.307200 0.281600 0.199999
v -2.307200 0.281600 -0.200001
v -1.700800 0.281600 0.199999
v -1.700800 0.281600 -0.200001
v -1.730835 0.194557 0.199999
v -1.730835 0.194557 -0.200001
v -1.764948 0.110459 0.199999
v -1.764948 0.110459 -0.200001
v -1.803150 0.029650 0.199999
v -1.803150 0.029650 -0.200001
v -1.845452 -0.047526 0.199999
v -1.845452 -0.047526 -0.200001
v -1.891865 -0.120724 0.199999
v -1.891865 -0.120724 -0.200001
v -1.942400 -0.189600 0.199999
v -1.942400 -0.189600 -0.200001
v -1.997069 -0.253809 0.199999
v -1.997068 -0.253809 -0.200001
v -2.055882 -0.313007 0.199999
v -2.055882 -0.313007 -0.200001
v -2.118850 -0.366850 0.199999
v -2.118850 -0.366850 -0.200001
v -2.185985 -0.414993 0.199999
v -2.185985 -0.414993 -0.200001
v -2.257298 -0.457091 0.199999
v -2.257298 -0.457091 -0.200001
v -2.332800 -0.492800 0.199999
v -2.332800 -0.492800 -0.200001
v -2.325048 -0.500045 0.199999
v -2.325048 -0.500045 -0.200001
v -2.317052 -0.508096 0.199999
v -2.317052 -0.508096 -0.200001
v -2.308900 -0.516825 0.199999
v -2.308900 -0.516825 -0.200001
v -2.300682 -0.526104 0.199999
v -2.300682 -0.526104 -0.200001
v -2.292485 -0.535805 0.199999
v -2.292485 -0.535805 -0.200001
v -2.284400 -0.545800 0.199999
v -2.284400 -0.545800 -0.200001
v -2.276515 -0.555962 0.199999
v -2.276515 -0.555962 -0.200001
v -2.268919 -0.566163 0.199999
v -2.268919 -0.566163 -0.200001
v -2.261700 -0.576275 0.199999
v -2.261700 -0.576275 -0.200001
v -2.254948 -0.586170 0.199999
v -2.254948 -0.586170 -0.200001
v -2.248752 -0.595721 0.199999
v -2.248752 -0.595721 -0.200001
v -2.243200 -0.604800 0.199999
v -2.243200 -0.604800 -0.200001
v -2.167754 -0.565198 0.199999
v -2.167754 -0.565198 -0.200001
v -2.096563 -0.520118 0.199999
v -2.096563 -0.520118 -0.200001
v -2.029550 -0.469750 0.199999
v -2.029550 -0.469750 -0.200001
v -1.966637 -0.414281 0.199999
v -1.966637 -0.414281 -0.200001
v -1.907746 -0.353902 0.199999
v -1.907746 -0.353902 -0.200001
v -1.852800 -0.288800 0.199999
v -1.852800 -0.288800 -0.200001
v -1.801720 -0.219165 0.199999
v -1.801720 -0.219165 -0.200001
v -1.754430 -0.145185 0.199999
v -1.754429 -0.145185 -0.200001
v -1.710850 -0.067050 0.199999
v -1.710850 -0.067050 -0.200001
v -1.670904 0.015052 0.199999
v -1.670904 0.015052 -0.200001
v -1.634513 0.100932 0.199999
v -1.634513 0.100931 -0.200000
v -1.601600 0.190400 0.199999
v -1.601600 0.190400 -0.200000
v -1.579962 0.113306 0.199999
v -1.579962 0.113306 -0.200000
v -1.553963 0.036718 0.199999
v -1.553963 0.036718 -0.200000
v -1.523175 -0.038925 0.199999
v -1.523175 -0.038925 -0.200000
v -1.487170 -0.113185 0.199999
v -1.487170 -0.113185 -0.200000
v -1.445521 -0.185623 0.199999
v -1.445521 -0.185623 -0.200000
v -1.397800 -0.255800 0.200000
v -1.397800 -0.255800 -0.200000
v -1.343579 -0.323277 0.200000
v -1.343578 -0.323277 -0.200000
v -1.282430 -0.387615 0.200000
v -1.282429 -0.387615 -0.200000
v -1.213925 -0.448375 0.200000
v -1.213925 -0.448375 -0.200000
v -1.137637 -0.505119 0.200000
v -1.137637 -0.505119 -0.200000
v -1.053138 -0.557406 0.200000
v -1.053138 -0.557406 -0.200000
v -0.960000 -0.604800 0.200000
v -0.960000 -0.604800 -0.200000
v -0.954814 -0.596951 0.200000
v -0.954814 -0.596951 -0.200000
v -0.948911 -0.588674 0.200000
v -0.948911 -0.588674 -0.200000
v -0.942375 -0.580075 0.200000
v -0.942375 -0.580075 -0.200000
v -0.935289 -0.571259 0.200000
v -0.935289 -0.571259 -0.200000
v -0.927736 -0.562332 0.200000
v -0.927736 -0.562332 -0.200000
v -0.919800 -0.553400 0.200000
v -0.919800 -0.553400 -0.200000
v -0.911564 -0.544568 0.200000
v -0.911564 -0.544568 -0.200000
v -0.903111 -0.535941 0.200000
v -0.903111 -0.535941 -0.200000
v -0.894525 -0.527625 0.200000
v -0.894525 -0.527625 -0.200000
v -0.885889 -0.519726 0.200000
v -0.885889 -0.519726 -0.200000
v -0.877286 -0.512349 0.200000
v -0.877286 -0.512349 -0.200000
v -0.868800 -0.505600 0.200000
v -0.868800 -0.505600 -0.200000
v -0.963883 -0.459617 0.200000
v -0.963883 -0.459617 -0.200000
v -1.049467 -0.408400 0.200000
v -1.049466 -0.408400 -0.200000
v -1.126050 -0.352450 0.200000
v -1.126050 -0.352450 -0.200000
v -1.194133 -0.292267 0.200000
v -1.194133 -0.292267 -0.200000
v -1.254217 -0.228350 0.200000
v -1.254216 -0.228350 -0.200000
v -1.306800 -0.161200 0.200000
v -1.306800 -0.161200 -0.200000
v -1.352383 -0.091317 0.200000
v -1.352383 -0.091317 -0.200000
v -1.391467 -0.019200 0.200000
v -1.391466 -0.019200 -0.200000
v -1.424550 0.054650 0.199999
v -1.424550 0.054650 -0.200000
v -1.452133 0.129733 0.199999
v -1.452133 0.129733 -0.200000
v -1.474717 0.205550 0.199999
v -1.474717 0.205550 -0.200000
v -1.492800 0.281600 0.199999
v -1.492800 0.281600 -0.200000
v -0.899200 0.281600 0.200000
v -0.899200 0.281600 -0.200000
v -0.899200 0.404800 0.200000
v -0.899200 0.404800 -0.200000
v -1.513600 0.404800 0.199999
v -1.513600 0.404800 -0.200000
v -1.519083 0.447018 0.199999
v -1.519083 0.447018 -0.200000
v -1.523600 0.488807 0.199999
v -1.523600 0.488807 -0.200000
v -1.527250 0.530075 0.199999
v -1.527250 0.530075 -0.200000
v -1.530133 0.570726 0.199999
v -1.530133 0.570726 -0.200000
v -1.532350 0.610666 0.199999
v -1.532350 0.610666 -0.200000
v -1.534000 0.649800 0.199999
v -1.534000 0.649800 -0.200000
v -1.535183 0.688034 0.199999
v -1.535183 0.688034 -0.200000
v -1.536000 0.725274 0.199999
v -1.536000 0.725274 -0.200000
v -1.536550 0.761425 0.199999
v -1.536550 0.761425 -0.200000
v -1.536933 0.796393 0.199999
v -1.536933 0.796393 -0.200000
v -1.537250 0.830082 0.199999
v -1.537250 0.830082 -0.200000
v -1.537600 0.862400 0.199999
v -1.537600 0.862400 -0.200000
v -1.667200 0.862400 0.199999
v -1.667200 0.862400 -0.200001
v -3.803200 0.249600 0.199999
v -3.803200 0.249600 -0.200001
v -3.683200 0.249600 0.199999
v -3.683200 0.249600 -0.200001
v -3.683200 0.697600 0.199999
v -3.683200 0.697600 -0.200001
v -2.707200 0.697600 0.199999
v -2.707200 0.697600 -0.200001
v -2.707200 0.246400 0.199999
v -2.707200 0.246400 -0.200001
v -2.590400 0.246400 0.199999
v -2.590400 0.246400 -0.200001
v -2.590400 0.788800 0.199999
v -2.590400 0.788800 -0.200001
v -3.803200 0.788800 0.199999
v -3.803200 0.788800 -0.200001
v -3.590400 0.502400 0.199999
v -3.590400 0.502400 -0.200001
v -2.808000 0.502400 0.199999
v -2.808000 0.502400 -0.200001
v -2.808000 0.590400 0.199999
v -2.808000 0.590400 -0.200001
v -3.590400 0.590400 0.199999
v -3.590400 0.590400 -0.200001
v -3.590400 0.299200 0.199999
v -3.590400 0.299200 -0.200001
v -2.809600 0.299200 0.199999
v -2.809600 0.299200 -0.200001
v -2.809600 0.387200 0.199999
v -2.809600 0.387200 -0.200001
v -3.590400 0.387200 0.199999
v -3.590400 0.387200 -0.200001
v -3.577600 -0.235200 0.199999
v -3.577600 -0.235200 -0.200001
v -3.577600 -0.118400 0.199999
v -3.577600 -0.118400 -0.200001
v -2.820800 -0.118400 0.199999
v -2.820800 -0.118400 -0.200001
v -2.820800 -0.235200 0.199999
v -2.820800 -0.235200 -0.200001
v -3.577600 0.084800 0.199999
v -3.577600 0.084800 -0.200001
v -2.820800 0.084800 0.199999
v -2.820800 0.084800 -0.200001
v -2.820800 -0.030400 0.199999
v -2.820800 -0.030400 -0.200001
v -3.577600 -0.030400 0.199999
v -3.577600 -0.030400 -0.200001
v -3.577600 -0.441600 0.199999
v -3.577600 -0.441600 -0.200001
v -3.577600 -0.321600 0.199999
v -3.577600 -0.321600 -0.200001
v -2.820800 -0.321600 0.199999
v -2.820800 -0.321600 -0.200001
v -2.820800 -0.441600 0.199999
v -2.820800 -0.441600 -0.200001
v -3.697600 -0.598400 0.199999
v -3.697600 -0.598400 -0.200001
v -3.577600 -0.598400 0.199999
v -3.577600 -0.598400 -0.200001
v -3.577600 -0.534400 0.199999
v -3.577600 -0.534400 -0.200001
v -2.820800 -0.534400 0.199999
v -2.820800 -0.534400 -0.200001
v -2.820800 -0.603200 0.199999
v -2.820800 -0.603200 -0.200001
v -2.705600 -0.603200 0.199999
v -2.705600 -0.603200 -0.200001
v -2.705600 0.176000 0.199999
v -2.705600 0.176000 -0.200001
v -3.697600 0.176000 0.199999
v -3.697600 0.176000 -0.200001
v -4.521600 0.800000 0.199998
v -4.521600 0.800000 -0.200001
v -4.601600 0.752000 0.199998
v -4.601600 0.752000 -0.200001
v -4.589247 0.718012 0.199998
v -4.589247 0.718012 -0.200001
v -4.576244 0.682630 0.199998
v -4.576244 0.682630 -0.200001
v -4.562675 0.646125 0.199998
v -4.562675 0.646125 -0.200001
v -4.548622 0.608770 0.199998
v -4.548622 0.608770 -0.200001
v -4.534169 0.570838 0.199998
v -4.534169 0.570838 -0.200001
v -4.519400 0.532600 0.199998
v -4.519400 0.532600 -0.200001
v -4.504397 0.494329 0.199998
v -4.504397 0.494329 -0.200001
v -4.489244 0.456296 0.199998
v -4.489244 0.456296 -0.200001
v -4.474025 0.418775 0.199998
v -4.474025 0.418775 -0.200001
v -4.458822 0.382037 0.199998
v -4.458822 0.382037 -0.200001
v -4.443719 0.346355 0.199998
v -4.443719 0.346355 -0.200001
v -4.428800 0.312000 0.199998
v -4.428800 0.312000 -0.200001
v -4.458134 0.280762 0.199998
v -4.458134 0.280762 -0.200001
v -4.483868 0.250230 0.199998
v -4.483868 0.250230 -0.200001
v -4.506201 0.220375 0.199998
v -4.506201 0.220375 -0.200001
v -4.525334 0.191170 0.199998
v -4.525334 0.191170 -0.200001
v -4.541467 0.162588 0.199998
v -4.541467 0.162588 -0.200001
v -4.554801 0.134600 0.199998
v -4.554801 0.134600 -0.200001
v -4.565534 0.107179 0.199998
v -4.565534 0.107179 -0.200001
v -4.573867 0.080296 0.199998
v -4.573867 0.080296 -0.200001
v -4.580000 0.053925 0.199998
v -4.580000 0.053925 -0.200001
v -4.584133 0.028037 0.199998
v -4.584133 0.028037 -0.200001
v -4.586466 0.002605 0.199998
v -4.586466 0.002605 -0.200001
v -4.587200 -0.022400 0.199998
v -4.587200 -0.022400 -0.200001
v -4.586794 -0.043559 0.199998
v -4.586794 -0.043559 -0.200001
v -4.585556 -0.063807 0.199998
v -4.585556 -0.063807 -0.200001
v -4.583450 -0.083100 0.199998
v -4.583450 -0.083100 -0.200001
v -4.580444 -0.101393 0.199998
v -4.580444 -0.101393 -0.200001
v -4.576506 -0.118641 0.199998
v -4.576506 -0.118641 -0.200001
v -4.571600 -0.134800 0.199998
v -4.571600 -0.134800 -0.200001
v -4.565694 -0.149826 0.199998
v -4.565694 -0.149826 -0.200001
v -4.558755 -0.163674 0.199998
v -4.558755 -0.163674 -0.200001
v -4.550750 -0.176300 0.199998
v -4.550750 -0.176300 -0.200001
v -4.541644 -0.187659 0.199998
v -4.541644 -0.187659 -0.200001
v -4.531405 -0.197707 0.199998
v -4.531405 -0.197707 -0.200001
v -4.520000 -0.206400 0.199998
v -4.520000 -0.206400 -0.200001
v -4.514206 -0.210267 0.199998
v -4.514206 -0.210267 -0.200001
v -4.508045 -0.213867 0.199998
v -4.508045 -0.213867 -0.200001
v -4.501550 -0.217200 0.199998
v -4.501550 -0.217200 -0.200001
v -4.494756 -0.220267 0.199998
v -4.494756 -0.220267 -0.200001
v -4.487695 -0.223067 0.199999
v -4.487695 -0.223067 -0.200001
v -4.480400 -0.225600 0.199999
v -4.480400 -0.225600 -0.200001
v -4.472906 -0.227867 0.199999
v -4.472906 -0.227867 -0.200001
v -4.465244 -0.229867 0.199999
v -4.465244 -0.229867 -0.200001
v -4.457450 -0.231600 0.199999
v -4.457450 -0.231600 -0.200001
v -4.449555 -0.233067 0.199999
v -4.449555 -0.233067 -0.200001
v -4.441594 -0.234267 0.199999
v -4.441594 -0.234267 -0.200001
v -4.433599 -0.235200 0.199999
v -4.433599 -0.235200 -0.200001
v -4.424638 -0.235965 0.199999
v -4.424638 -0.235965 -0.200001
v -4.415377 -0.236652 0.199999
v -4.415377 -0.236652 -0.200001
v -4.405849 -0.237250 0.199999
v -4.405849 -0.237250 -0.200001
v -4.396089 -0.237748 0.199999
v -4.396089 -0.237748 -0.200001
v -4.386127 -0.238135 0.199999
v -4.386127 -0.238135 -0.200001
v -4.376000 -0.238400 0.199999
v -4.376000 -0.238400 -0.200001
v -4.365739 -0.238531 0.199999
v -4.365739 -0.238531 -0.200001
v -4.355378 -0.238518 0.199999
v -4.355378 -0.238519 -0.200001
v -4.344950 -0.238350 0.199999
v -4.344950 -0.238350 -0.200001
v -4.334489 -0.238015 0.199999
v -4.334489 -0.238015 -0.200001
v -4.324028 -0.237502 0.199999
v -4.324028 -0.237502 -0.200001
v -4.313600 -0.236800 0.199999
v -4.313600 -0.236800 -0.200001
v -4.313370 -0.228885 0.199999
v -4.313370 -0.228885 -0.200001
v -4.312690 -0.220415 0.199999
v -4.312690 -0.220415 -0.200001
v -4.311576 -0.211500 0.199999
v -4.311576 -0.211500 -0.200001
v -4.310045 -0.202252 0.199999
v -4.310045 -0.202252 -0.200001
v -4.308115 -0.192781 0.199999
v -4.308115 -0.192781 -0.200001
v -4.305800 -0.183200 0.199999
v -4.305800 -0.183200 -0.200001
v -4.303120 -0.173619 0.199999
v -4.303120 -0.173619 -0.200001
v -4.300089 -0.164148 0.199999
v -4.300089 -0.164148 -0.200001
v -4.296725 -0.154900 0.199999
v -4.296725 -0.154900 -0.200001
v -4.293044 -0.145985 0.199999
v -4.293044 -0.145985 -0.200001
v -4.289063 -0.137515 0.199999
v -4.289063 -0.137515 -0.200001
v -4.284800 -0.129600 0.199999
v -4.284800 -0.129600 -0.200001
v -4.294728 -0.130366 0.199999
v -4.294728 -0.130366 -0.200001
v -4.304496 -0.131059 0.199999
v -4.304496 -0.131059 -0.200001
v -4.314075 -0.131675 0.199999
v -4.314075 -0.131675 -0.200001
v -4.323437 -0.132207 0.199999
v -4.323437 -0.132207 -0.200001
v -4.332554 -0.132651 0.199999
v -4.332554 -0.132651 -0.200001
v -4.341400 -0.133000 0.199999
v -4.341400 -0.133000 -0.200001
v -4.349945 -0.133249 0.199999
v -4.349945 -0.133249 -0.200001
v -4.358163 -0.133393 0.199999
v -4.358163 -0.133393 -0.200001
v -4.366025 -0.133425 0.199999
v -4.366025 -0.133425 -0.200001
v -4.373504 -0.133341 0.199999
v -4.373504 -0.133341 -0.200001
v -4.380571 -0.133134 0.199999
v -4.380571 -0.133134 -0.200001
v -4.387200 -0.132800 0.199999
v -4.387200 -0.132800 -0.200001
v -4.392702 -0.132363 0.199999
v -4.392702 -0.132363 -0.200001
v -4.398015 -0.131837 0.199999
v -4.398015 -0.131837 -0.200001
v -4.403150 -0.131200 0.199999
v -4.403150 -0.131200 -0.200001
v -4.408118 -0.130430 0.199999
v -4.408118 -0.130430 -0.200001
v -4.412931 -0.129504 0.199999
v -4.412931 -0.129504 -0.200001
v -4.417600 -0.128400 0.199999
v -4.417600 -0.128400 -0.200001
v -4.422135 -0.127096 0.199999
v -4.422135 -0.127096 -0.200001
v -4.426548 -0.125570 0.199999
v -4.426548 -0.125570 -0.200001
v -4.430850 -0.123800 0.199999
v -4.430850 -0.123800 -0.200001
v -4.435052 -0.121763 0.199999
v -4.435052 -0.121763 -0.200001
v -4.439165 -0.119437 0.199999
v -4.439165 -0.119437 -0.200001
v -4.443200 -0.116800 0.199999
v -4.443200 -0.116800 -0.200001
v -4.449605 -0.111941 0.199999
v -4.449605 -0.111941 -0.200001
v -4.455251 -0.106193 0.199999
v -4.455251 -0.106193 -0.200001
v -4.460174 -0.099600 0.199999
v -4.460174 -0.099600 -0.200001
v -4.464414 -0.092207 0.199999
v -4.464414 -0.092207 -0.200001
v -4.468009 -0.084059 0.199999
v -4.468009 -0.084059 -0.200001
v -4.470999 -0.075200 0.199998
v -4.470999 -0.075200 -0.200001
v -4.473423 -0.065674 0.199998
v -4.473423 -0.065674 -0.200001
v -4.475318 -0.055526 0.199998
v -4.475318 -0.055526 -0.200001
v -4.476725 -0.044800 0.199998
v -4.476725 -0.044800 -0.200001
v -4.477681 -0.033541 0.199998
v -4.477681 -0.033541 -0.200001
v -4.478227 -0.021793 0.199998
v -4.478227 -0.021793 -0.200001
v -4.478400 -0.009600 0.199998
v -4.478400 -0.009600 -0.200001
v -4.477604 0.011967 0.199998
v -4.477604 0.011967 -0.200001
v -4.475103 0.034267 0.199998
v -4.475103 0.034267 -0.200001
v -4.470725 0.057300 0.199998
v -4.470725 0.057300 -0.200001
v -4.464296 0.081067 0.199998
v -4.464296 0.081067 -0.200001
v -4.455645 0.105567 0.199998
v -4.455645 0.105567 -0.200001
v -4.444600 0.130800 0.199998
v -4.444600 0.130800 -0.200001
v -4.430988 0.156767 0.199999
v -4.430988 0.156767 -0.200001
v -4.414637 0.183467 0.199999
v -4.414637 0.183467 -0.200001
v -4.395375 0.210900 0.199999
v -4.395375 0.210900 -0.200001
v -4.373030 0.239067 0.199999
v -4.373030 0.239067 -0.200001
v -4.347429 0.267967 0.199999
v -4.347429 0.267967 -0.200001
v -4.318400 0.297600 0.199999
v -4.318400 0.297600 -0.200001
v -4.331192 0.328625 0.199999
v -4.331192 0.328625 -0.200001
v -4.343940 0.360733 0.199999
v -4.343940 0.360733 -0.200001
v -4.356599 0.393675 0.199999
v -4.356599 0.393675 -0.200001
v -4.369125 0.427200 0.199999
v -4.369125 0.427200 -0.200001
v -4.381474 0.461058 0.199999
v -4.381474 0.461058 -0.200001
v -4.393600 0.495000 0.199998
v -4.393600 0.495000 -0.200001
v -4.405459 0.528775 0.199998
v -4.405459 0.528775 -0.200001
v -4.417007 0.562133 0.199998
v -4.417007 0.562133 -0.200001
v -4.428199 0.594825 0.199998
v -4.428199 0.594825 -0.200001
v -4.438992 0.626600 0.199998
v -4.438992 0.626600 -0.200001
v -4.449340 0.657208 0.199998
v -4.449340 0.657208 -0.200001
v -4.459199 0.686400 0.199998
v -4.459199 0.686400 -0.200001
v -4.236800 0.686400 0.199999
v -4.236800 0.686400 -0.200001
v -4.236800 -0.608000 0.199999
v -4.236800 -0.608000 -0.200001
v -4.129600 -0.608000 0.199999
v -4.129600 -0.608000 -0.200001
v -4.129600 0.795200 0.199999
v -4.129600 0.795200 -0.200001
v -4.504000 0.795200 0.199998
v -4.504000 0.795200 -0.200001
v -4.990400 0.377600 0.199998
v -4.990400 0.377600 -0.200002
v -4.737600 0.377600 0.199998
v -4.737600 0.377600 -0.200002
v -4.737600 0.465600 0.199998
v -4.737600 0.465600 -0.200002
v -4.725967 0.457668 0.199998
v -4.725967 0.457668 -0.200002
v -4.714274 0.449874 0.199998
v -4.714274 0.449874 -0.200002
v -4.702525 0.442225 0.199998
v -4.702525 0.442225 -0.200002
v -4.690725 0.434726 0.199998
v -4.690725 0.434726 -0.200002
v -4.678882 0.427382 0.199998
v -4.678882 0.427382 -0.200002
v -4.666999 0.420200 0.199998
v -4.666999 0.420200 -0.200001
v -4.655084 0.413184 0.199998
v -4.655084 0.413184 -0.200001
v -4.643140 0.406341 0.199998
v -4.643140 0.406341 -0.200001
v -4.631175 0.399675 0.199998
v -4.631175 0.399675 -0.200001
v -4.619192 0.393193 0.199998
v -4.619192 0.393193 -0.200001
v -4.607199 0.386899 0.199998
v -4.607199 0.386899 -0.200001
v -4.595200 0.380800 0.199998
v -4.595200 0.380800 -0.200001
v -4.591743 0.388281 0.199998
v -4.591743 0.388281 -0.200001
v -4.587815 0.396252 0.199998
v -4.587815 0.396252 -0.200001
v -4.583475 0.404600 0.199998
v -4.583475 0.404600 -0.200001
v -4.578785 0.413215 0.199998
v -4.578785 0.413215 -0.200001
v -4.573807 0.421985 0.199998
v -4.573807 0.421985 -0.200001
v -4.568600 0.430800 0.199998
v -4.568600 0.430800 -0.200001
v -4.563227 0.439548 0.199998
v -4.563227 0.439548 -0.200001
v -4.557748 0.448119 0.199998
v -4.557748 0.448119 -0.200001
v -4.552225 0.456400 0.199998
v -4.552225 0.456400 -0.200001
v -4.546719 0.464281 0.199998
v -4.546719 0.464281 -0.200001
v -4.541290 0.471652 0.199998
v -4.541290 0.471652 -0.200001
v -4.536000 0.478400 0.199998
v -4.536000 0.478400 -0.200001
v -4.581850 0.501050 0.199998
v -4.581850 0.501050 -0.200001
v -4.627193 0.526400 0.199998
v -4.627193 0.526400 -0.200001
v -4.671726 0.554150 0.199998
v -4.671726 0.554150 -0.200002
v -4.715141 0.584000 0.199998
v -4.715141 0.584000 -0.200002
v -4.757135 0.615650 0.199998
v -4.757135 0.615650 -0.200002
v -4.797400 0.648800 0.199998
v -4.797400 0.648800 -0.200002
v -4.835633 0.683150 0.199998
v -4.835633 0.683150 -0.200002
v -4.871526 0.718400 0.199998
v -4.871526 0.718400 -0.200002
v -4.904775 0.754250 0.199998
v -4.904775 0.754250 -0.200002
v -4.935074 0.790400 0.199998
v -4.935074 0.790400 -0.200002
v -4.962118 0.826550 0.199998
v -4.962118 0.826550 -0.200002
v -4.985600 0.862400 0.199998
v -4.985600 0.862400 -0.200002
v -5.096000 0.862400 0.199998
v -5.096000 0.862400 -0.200002
v -5.126186 0.823932 0.199998
v -5.126186 0.823932 -0.200002
v -5.158949 0.786259 0.199998
v -5.158949 0.786259 -0.200002
v -5.194001 0.749575 0.199998
v -5.194001 0.749575 -0.200002
v -5.231052 0.714074 0.199998
v -5.231052 0.714074 -0.200002
v -5.269815 0.679951 0.199998
v -5.269815 0.679951 -0.200002
v -5.310000 0.647400 0.199998
v -5.310000 0.647400 -0.200002
v -5.351319 0.616616 0.199998
v -5.351319 0.616616 -0.200002
v -5.393482 0.587793 0.199998
v -5.393482 0.587793 -0.200002
v -5.436200 0.561125 0.199998
v -5.436200 0.561125 -0.200002
v -5.479185 0.536807 0.199998
v -5.479185 0.536807 -0.200002
v -5.522148 0.515034 0.199998
v -5.522148 0.515034 -0.200002
v -5.564800 0.496000 0.199998
v -5.564800 0.496000 -0.200002
v -5.559172 0.488882 0.199998
v -5.559172 0.488882 -0.200002
v -5.553511 0.481193 0.199998
v -5.553511 0.481193 -0.200002
v -5.547850 0.473025 0.199998
v -5.547850 0.473025 -0.200002
v -5.542222 0.464474 0.199998
v -5.542222 0.464474 -0.200002
v -5.536661 0.455634 0.199998
v -5.536661 0.455634 -0.200002
v -5.531200 0.446600 0.199998
v -5.531200 0.446600 -0.200002
v -5.525872 0.437466 0.199998
v -5.525872 0.437466 -0.200002
v -5.520711 0.428326 0.199998
v -5.520711 0.428326 -0.200002
v -5.515750 0.419275 0.199998
v -5.515750 0.419275 -0.200002
v -5.511022 0.410407 0.199998
v -5.511022 0.410407 -0.200002
v -5.506561 0.401818 0.199998
v -5.506561 0.401818 -0.200002
v -5.502400 0.393600 0.199998
v -5.502400 0.393600 -0.200002
v -5.491567 0.398899 0.199998
v -5.491567 0.398899 -0.200002
v -5.480674 0.404393 0.199998
v -5.480674 0.404393 -0.200002
v -5.469725 0.410075 0.199998
v -5.469725 0.410075 -0.200002
v -5.458725 0.415941 0.199998
v -5.458725 0.415941 -0.200002
v -5.447682 0.421984 0.199998
v -5.447682 0.421984 -0.200002
v -5.436599 0.428200 0.199998
v -5.436599 0.428200 -0.200002
v -5.425484 0.434582 0.199998
v -5.425484 0.434582 -0.200002
v -5.414340 0.441126 0.199998
v -5.414340 0.441126 -0.200002
v -5.403174 0.447825 0.199998
v -5.403174 0.447825 -0.200002
v -5.391992 0.454674 0.199998
v -5.391992 0.454674 -0.200002
v -5.380799 0.461668 0.199998
v -5.380799 0.461668 -0.200002
v -5.369600 0.468800 0.199998
v -5.369600 0.468800 -0.200002
v -5.369600 0.377600 0.199998
v -5.369600 0.377600 -0.200002
v -5.100800 0.377600 0.199998
v -5.100800 0.377600 -0.200002
v -5.100800 0.238400 0.199998
v -5.100800 0.238400 -0.200002
v -5.464000 0.238400 0.199998
v -5.464000 0.238400 -0.200002
v -5.464000 -0.172800 0.199998
v -5.464000 -0.172800 -0.200002
v -5.142400 -0.172800 0.199998
v -5.142400 -0.172800 -0.200002
v -5.166442 -0.219992 0.199998
v -5.166442 -0.219992 -0.200002
v -5.192207 -0.262600 0.199998
v -5.192207 -0.262600 -0.200002
v -5.219750 -0.300975 0.199998
v -5.219750 -0.300975 -0.200002
v -5.249126 -0.335467 0.199998
v -5.249126 -0.335467 -0.200002
v -5.280391 -0.366425 0.199998
v -5.280391 -0.366425 -0.200002
v -5.313600 -0.394200 0.199998
v -5.313600 -0.394200 -0.200002
v -5.348809 -0.419142 0.199998
v -5.348809 -0.419142 -0.200002
v -5.386074 -0.441600 0.199998
v -5.386074 -0.441600 -0.200002
v -5.425450 -0.461925 0.199998
v -5.425450 -0.461925 -0.200002
v -5.466992 -0.480467 0.199998
v -5.466992 -0.480467 -0.200002
v -5.510757 -0.497575 0.199998
v -5.510757 -0.497575 -0.200002
v -5.556800 -0.513600 0.199998
v -5.556800 -0.513600 -0.200002
v -5.549578 -0.520290 0.199998
v -5.549578 -0.520290 -0.200002
v -5.542356 -0.527519 0.199998
v -5.542356 -0.527519 -0.200002
v -5.535200 -0.535225 0.199998
v -5.535200 -0.535225 -0.200002
v -5.528178 -0.543348 0.199998
v -5.528178 -0.543348 -0.200002
v -5.521356 -0.551827 0.199998
v -5.521356 -0.551827 -0.200002
v -5.514800 -0.560600 0.199998
v -5.514800 -0.560600 -0.200002
v -5.508578 -0.569606 0.199998
v -5.508578 -0.569606 -0.200002
v -5.502756 -0.578785 0.199998
v -5.502756 -0.578785 -0.200002
v -5.497400 -0.588075 0.199998
v -5.497400 -0.588075 -0.200002
v -5.492578 -0.597415 0.199998
v -5.492578 -0.597415 -0.200002
v -5.488356 -0.606744 0.199998
v -5.488356 -0.606744 -0.200002
v -5.484800 -0.616000 0.199998
v -5.484800 -0.616000 -0.200002
v -5.437958 -0.597116 0.199998
v -5.437958 -0.597116 -0.200002
v -5.393393 -0.577059 0.199998
v -5.393393 -0.577059 -0.200002
v -5.351050 -0.555525 0.199998
v -5.351050 -0.555525 -0.200002
v -5.310874 -0.532207 0.199998
v -5.310874 -0.532207 -0.200002
v -5.272810 -0.506801 0.199998
v -5.272810 -0.506801 -0.200002
v -5.236800 -0.479000 0.199998
v -5.236800 -0.479000 -0.200002
v -5.202791 -0.448499 0.199998
v -5.202791 -0.448499 -0.200002
v -5.170726 -0.414993 0.199998
v -5.170726 -0.414993 -0.200002
v -5.140550 -0.378175 0.199998
v -5.140550 -0.378175 -0.200002
v -5.112207 -0.337741 0.199998
v -5.112207 -0.337741 -0.200002
v -5.085643 -0.293384 0.199998
v -5.085643 -0.293384 -0.200002
v -5.060800 -0.244800 0.199998
v -5.060800 -0.244800 -0.200002
v -5.044820 -0.280948 0.199998
v -5.044820 -0.280948 -0.200002
v -5.025496 -0.316519 0.199998
v -5.025496 -0.316519 -0.200002
v -5.002550 -0.351400 0.199998
v -5.002550 -0.351400 -0.200002
v -4.975703 -0.385482 0.199998
v -4.975703 -0.385482 -0.200002
v -4.944679 -0.418652 0.199998
v -4.944679 -0.418652 -0.200002
v -4.909200 -0.450800 0.199998
v -4.909200 -0.450800 -0.200002
v -4.868987 -0.481815 0.199998
v -4.868987 -0.481815 -0.200002
v -4.823762 -0.511585 0.199998
v -4.823762 -0.511585 -0.200002
v -4.773250 -0.540000 0.199998
v -4.773250 -0.540000 -0.200001
v -4.717170 -0.566948 0.199998
v -4.717170 -0.566948 -0.200001
v -4.655246 -0.592319 0.199998
v -4.655246 -0.592319 -0.200001
v -4.587200 -0.616000 0.199998
v -4.587200 -0.616000 -0.200001
v -4.583983 -0.609194 0.199998
v -4.583983 -0.609194 -0.200001
v -4.580007 -0.601689 0.199998
v -4.580007 -0.601689 -0.200001
v -4.575374 -0.593650 0.199998
v -4.575374 -0.593650 -0.200001
v -4.570192 -0.585244 0.199998
v -4.570192 -0.585244 -0.200001
v -4.564565 -0.576639 0.199998
v -4.564565 -0.576639 -0.200001
v -4.558599 -0.568000 0.199998
v -4.558599 -0.568000 -0.200001
v -4.552401 -0.559494 0.199998
v -4.552401 -0.559494 -0.200001
v -4.546074 -0.551289 0.199998
v -4.546074 -0.551289 -0.200001
v -4.539725 -0.543550 0.199998
v -4.539725 -0.543550 -0.200001
v -4.533459 -0.536444 0.199998
v -4.533459 -0.536444 -0.200001
v -4.527382 -0.530139 0.199999
v -4.527382 -0.530139 -0.200001
v -4.521600 -0.524800 0.199999
v -4.521600 -0.524800 -0.200001
v -4.591097 -0.501313 0.199998
v -4.591097 -0.501313 -0.200001
v -4.653444 -0.476504 0.199998
v -4.653444 -0.476504 -0.200001
v -4.709025 -0.450450 0.199998
v -4.709025 -0.450450 -0.200001
v -4.758222 -0.423230 0.199998
v -4.758222 -0.423230 -0.200001
v -4.801419 -0.394920 0.199998
v -4.801419 -0.394920 -0.200002
v -4.839000 -0.365600 0.199998
v -4.839000 -0.365600 -0.200002
v -4.871347 -0.335346 0.199998
v -4.871347 -0.335346 -0.200002
v -4.898844 -0.304237 0.199998
v -4.898844 -0.304237 -0.200002
v -4.921875 -0.272350 0.199998
v -4.921875 -0.272350 -0.200002
v -4.940822 -0.239763 0.199998
v -4.940822 -0.239763 -0.200002
v -4.956069 -0.206554 0.199998
v -4.956069 -0.206554 -0.200002
v -4.968000 -0.172800 0.199998
v -4.968000 -0.172800 -0.200002
v -4.641600 -0.172800 0.199998
v -4.641600 -0.172800 -0.200001
v -4.641600 0.238400 0.199998
v -4.641600 0.238400 -0.200001
v -4.990400 0.238400 0.199998
v -4.990400 0.238400 -0.200002
v -5.353600 0.480000 0.199998
v -5.353600 0.480000 -0.200002
v -5.323751 0.500419 0.199998
v -5.323751 0.500419 -0.200002
v -5.294281 0.521622 0.199998
v -5.294281 0.521622 -0.200002
v -5.265300 0.543525 0.199998
v -5.265300 0.543525 -0.200002
v -5.236918 0.566045 0.199998
v -5.236918 0.566045 -0.200002
v -5.209248 0.589097 0.199998
v -5.209248 0.589097 -0.200002
v -5.182400 0.612600 0.199998
v -5.182400 0.612600 -0.200002
v -5.156485 0.636470 0.199998
v -5.156485 0.636470 -0.200002
v -5.131615 0.660622 0.199998
v -5.131615 0.660622 -0.200002
v -5.107900 0.684975 0.199998
v -5.107900 0.684975 -0.200002
v -5.085452 0.709445 0.199998
v -5.085452 0.709445 -0.200002
v -5.064381 0.733947 0.199998
v -5.064381 0.733947 -0.200002
v -5.044800 0.758400 0.199998
v -5.044800 0.758400 -0.200002
v -5.027981 0.735047 0.199998
v -5.027981 0.735047 -0.200002
v -5.009585 0.711444 0.199998
v -5.009585 0.711444 -0.200002
v -4.989700 0.687675 0.199998
v -4.989700 0.687675 -0.200002
v -4.968415 0.663822 0.199998
v -4.968415 0.663822 -0.200002
v -4.945818 0.639969 0.199998
v -4.945818 0.639969 -0.200002
v -4.922000 0.616200 0.199998
v -4.922000 0.616200 -0.200002
v -4.897048 0.592597 0.199998
v -4.897048 0.592597 -0.200002
v -4.871052 0.569244 0.199998
v -4.871052 0.569244 -0.200002
v -4.844100 0.546225 0.199998
v -4.844100 0.546225 -0.200002
v -4.816281 0.523622 0.199998
v -4.816281 0.523622 -0.200002
v -4.787685 0.501519 0.199998
v -4.787685 0.501519 -0.200002
v -4.758399 0.480000 0.199998
v -4.758399 0.480000 -0.200002
v -4.987200 -0.073600 0.199998
v -4.987200 -0.073600 -0.200002
v -4.987599 -0.067200 0.199998
v -4.987599 -0.067200 -0.200002
v -4.987992 -0.060800 0.199998
v -4.987992 -0.060800 -0.200002
v -4.988375 -0.054400 0.199998
v -4.988375 -0.054400 -0.200002
v -4.988740 -0.048000 0.199998
v -4.988740 -0.048000 -0.200002
v -4.989084 -0.041600 0.199998
v -4.989084 -0.041600 -0.200002
v -4.989399 -0.035200 0.199998
v -4.989399 -0.035200 -0.200002
v -4.989682 -0.028800 0.199998
v -4.989682 -0.028800 -0.200002
v -4.989925 -0.022400 0.199998
v -4.989925 -0.022400 -0.200002
v -4.990125 -0.016000 0.199998
v -4.990125 -0.016000 -0.200002
v -4.990274 -0.009600 0.199998
v -4.990274 -0.009600 -0.200002
v -4.990367 -0.003200 0.199998
v -4.990367 -0.003200 -0.200002
v -4.990400 0.003200 0.199998
v -4.990400 0.003200 -0.200002
v -4.990400 0.140800 0.199998
v -4.990400 0.140800 -0.200002
v -4.748800 0.140800 0.199998
v -4.748800 0.140800 -0.200002
v -4.748800 -0.073600 0.199998
v -4.748800 -0.073600 -0.200002
v -5.097600 -0.073600 0.199998
v -5.097600 -0.073600 -0.200002
v -5.353600 -0.073600 0.199998
v -5.353600 -0.073600 -0.200002
v -5.353600 0.140800 0.199998
v -5.353600 0.140800 -0.200002
v -5.100800 0.140800 0.199998
v -5.100800 0.140800 -0.200002
v -5.100800 0.000000 0.199998
v -5.100800 -0.000000 -0.200002
vn -0.0000 -0.0000 -1.0000
vn -0.0000 -0.0000 1.0000
vn -0.0001 -0.0000 -1.0000
vn 0.0001 -0.0000 -1.0000
vn -0.0001 -0.0000 1.0000
vn 0.0001 -0.0000 1.0000
vn -0.4744 0.8803 -0.0000
vn 0.1776 0.9841 -0.0000
vn -0.4804 0.8771 -0.0000
vn -0.4876 0.8731 -0.0000
vn -0.4959 0.8684 -0.0000
vn -0.5050 0.8631 -0.0000
vn -0.5145 0.8575 -0.0000
vn -0.5241 0.8517 -0.0000
vn -0.5332 0.8460 -0.0000
vn -0.5417 0.8406 -0.0000
vn -0.5333 0.8460 -0.0000
vn -0.5491 0.8357 -0.0000
vn -0.5555 0.8315 -0.0000
vn -0.9868 0.1621 -0.0000
vn -0.1428 -0.9898 -0.0000
vn 0.5875 -0.8092 -0.0000
vn 0.5811 -0.8138 -0.0000
vn 0.5733 -0.8194 -0.0000
vn 0.5812 -0.8138 -0.0000
vn 0.5640 -0.8258 -0.0000
vn 0.5733 -0.8193 -0.0000
vn 0.5533 -0.8330 -0.0000
vn 0.5416 -0.8406 -0.0000
vn 0.5292 -0.8485 -0.0000
vn 0.5165 -0.8563 -0.0000
vn 0.5038 -0.8638 -0.0000
vn 0.4916 -0.8708 -0.0000
vn 0.4802 -0.8772 -0.0000
vn 0.9844 -0.1760 -0.0000
vn -0.7405 -0.6721 -0.0000
vn -0.7541 -0.6568 -0.0000
vn -0.7271 -0.6865 -0.0000
vn -0.7137 -0.7004 -0.0000
vn -0.6999 -0.7142 -0.0000
vn -0.6855 -0.7280 -0.0000
vn -0.6703 -0.7421 -0.0000
vn -0.6539 -0.7566 -0.0000
vn -0.6361 -0.7716 -0.0000
vn -0.6166 -0.7873 -0.0000
vn -0.5949 -0.8038 -0.0000
vn -0.8889 -0.4580 -0.0000
vn -1.0000 0.0015 -0.0000
vn -0.9999 0.0126 -0.0000
vn -0.9997 0.0235 -0.0000
vn -0.9995 0.0325 -0.0000
vn -0.9992 0.0401 -0.0000
vn -0.9995 0.0326 -0.0000
vn -0.9989 0.0465 -0.0000
vn -0.9987 0.0517 -0.0000
vn -0.9984 0.0560 -0.0000
vn -0.9982 0.0594 -0.0000
vn -0.9981 0.0620 -0.0000
vn -0.9982 0.0595 -0.0000
vn -0.9980 0.0638 -0.0000
vn -0.9979 0.0645 -0.0000
vn -0.9980 0.0637 -0.0000
vn -0.7296 -0.6839 -0.0000
vn -0.9979 0.0644 -0.0000
vn 0.7410 -0.6715 -0.0000
vn 0.9956 0.0939 -0.0000
vn 0.9963 0.0858 -0.0000
vn 0.9969 0.0784 -0.0000
vn 0.9974 0.0714 -0.0000
vn 0.9969 0.0785 -0.0000
vn 0.9979 0.0646 -0.0000
vn 0.9974 0.0715 -0.0000
vn 0.9983 0.0575 -0.0000
vn 0.9979 0.0645 -0.0000
vn 0.9987 0.0502 -0.0000
vn 0.9991 0.0423 -0.0000
vn 0.9994 0.0337 -0.0000
vn 0.9997 0.0240 -0.0000
vn 0.9999 0.0128 -0.0000
vn 1.0000 0.0057 -0.0000
vn 0.5066 -0.8622 -0.0000
vn -0.4795 -0.8775 -0.0000
vn -0.4575 -0.8892 -0.0000
vn -0.4363 -0.8998 -0.0000
vn -0.4160 -0.9094 -0.0000
vn -0.3966 -0.9180 -0.0000
vn -0.3783 -0.9257 -0.0000
vn -0.3610 -0.9325 -0.0000
vn -0.3449 -0.9387 -0.0000
vn -0.3297 -0.9441 -0.0000
vn -0.3157 -0.9489 -0.0000
vn -0.3027 -0.9531 -0.0000
vn 0.3403 -0.9403 -0.0000
vn 0.9311 0.3647 -0.0000
vn 0.3402 -0.9403 -0.0000
vn 0.2611 0.9653 -0.0000
vn 0.2908 0.9568 -0.0000
vn 0.3204 0.9473 -0.0000
vn 0.3497 0.9369 -0.0000
vn 0.3785 0.9256 -0.0000
vn 0.4066 0.9136 -0.0000
vn 0.4336 0.9011 -0.0000
vn 0.4593 0.8883 -0.0000
vn 0.4835 0.8753 -0.0000
vn 0.5058 0.8626 -0.0000
vn 0.5259 0.8505 -0.0000
vn 0.5448 0.8385 -0.0000
vn 0.5681 0.8230 -0.0000
vn 0.5942 0.8043 -0.0000
vn 0.6179 0.7863 -0.0000
vn 0.6396 0.7687 -0.0000
vn 0.6178 0.7863 -0.0000
vn 0.6599 0.7514 -0.0000
vn 0.6793 0.7339 -0.0000
vn 0.6983 0.7158 -0.0000
vn 0.7174 0.6967 -0.0000
vn 0.7372 0.6757 -0.0000
vn 0.7586 0.6516 -0.0000
vn 0.7827 0.6224 -0.0000
vn 0.8961 -0.4438 -0.0000
vn -0.0000 -1.0000 -0.0000
vn -0.0022 -1.0000 -0.0000
vn -0.0081 -1.0000 -0.0000
vn -0.0147 -0.9999 -0.0000
vn -0.0202 -0.9998 -0.0000
vn -0.0250 -0.9997 -0.0000
vn -0.0293 -0.9996 -0.0000
vn -0.0333 -0.9994 -0.0000
vn -0.0373 -0.9993 -0.0000
vn -0.0413 -0.9991 -0.0000
vn -0.0458 -0.9990 -0.0000
vn -0.0508 -0.9987 -0.0000
vn -0.0569 -0.9984 -0.0000
vn 0.6855 -0.7281 -0.0000
vn 0.6670 0.7450 -0.0000
vn -0.0990 0.9951 -0.0000
vn -0.0794 0.9968 -0.0000
vn -0.0642 0.9979 -0.0000
vn -0.0522 0.9986 -0.0000
vn -0.0423 0.9991 -0.0000
vn -0.0341 0.9994 -0.0000
vn -0.0270 0.9996 -0.0000
vn -0.0207 0.9998 -0.0000
vn -0.0151 0.9999 -0.0000
vn -0.0099 1.0000 -0.0000
vn -0.0050 1.0000 -0.0000
vn -0.0013 1.0000 -0.0000
vn 0.7071 0.7071 -0.0000
vn 1.0000 -0.0015 -0.0000
vn 1.0000 -0.0062 -0.0000
vn 0.9999 -0.0128 -0.0000
vn 0.9998 -0.0201 -0.0000
vn 0.9996 -0.0281 -0.0000
vn 0.9998 -0.0200 -0.0000
vn 0.9993 -0.0373 -0.0000
vn 0.9989 -0.0479 -0.0000
vn 0.9982 -0.0602 -0.0000
vn 0.9989 -0.0478 -0.0000
vn 0.9972 -0.0748 -0.0000
vn 0.9957 -0.0927 -0.0000
vn 0.9972 -0.0749 -0.0000
vn 0.9934 -0.1149 -0.0000
vn 0.9957 -0.0928 -0.0000
vn 0.9897 -0.1433 -0.0000
vn 0.9934 -0.1150 -0.0000
vn 0.7613 0.6483 -0.0000
vn -0.7624 0.6471 -0.0000
vn 0.7614 0.6483 -0.0000
vn -0.9888 -0.1491 -0.0000
vn -0.9922 -0.1249 -0.0000
vn -0.9944 -0.1056 -0.0000
vn -0.9960 -0.0895 -0.0000
vn -0.9971 -0.0757 -0.0000
vn -0.9980 -0.0635 -0.0000
vn -0.9986 -0.0524 -0.0000
vn -0.9991 -0.0420 -0.0000
vn -0.9995 -0.0319 -0.0000
vn -0.9998 -0.0217 -0.0000
vn -0.9999 -0.0112 -0.0000
vn -1.0000 -0.0029 -0.0000
vn -0.7071 0.7071 -0.0000
vn 0.0020 1.0000 -0.0000
vn 0.0085 1.0000 -0.0000
vn 0.0186 0.9998 -0.0000
vn 0.0307 0.9995 -0.0000
vn 0.0451 0.9990 -0.0000
vn 0.0620 0.9981 -0.0000
vn 0.0816 0.9967 -0.0000
vn 0.1044 0.9945 -0.0000
vn 0.1307 0.9914 -0.0000
vn 0.1610 0.9869 -0.0000
vn 0.1961 0.9806 -0.0000
vn 0.2366 0.9716 -0.0000
vn -0.2496 0.9683 -0.0000
vn -0.9997 0.0230 -0.0000
vn -0.7255 -0.6882 -0.0000
vn -0.9997 0.0231 -0.0000
vn -0.7256 -0.6882 -0.0000
vn -0.7258 -0.6879 -0.0000
vn -0.7264 -0.6872 -0.0000
vn -0.7274 -0.6862 -0.0000
vn -0.7288 -0.6847 -0.0000
vn -0.7305 -0.6829 -0.0000
vn -0.7327 -0.6805 -0.0000
vn -0.7306 -0.6829 -0.0000
vn -0.7354 -0.6776 -0.0000
vn -0.7387 -0.6740 -0.0000
vn -0.7427 -0.6696 -0.0000
vn -0.7530 -0.6580 -0.0000
vn 0.8896 -0.4568 -0.0000
vn 0.3351 -0.9422 -0.0000
vn 0.3350 -0.9422 -0.0000
vn 0.8850 -0.4655 -0.0000
vn 0.8807 -0.4737 -0.0000
vn 0.8764 -0.4816 -0.0000
vn 0.8720 -0.4895 -0.0000
vn 0.8674 -0.4977 -0.0000
vn 0.8623 -0.5064 -0.0000
vn 0.8567 -0.5158 -0.0000
vn 0.8502 -0.5264 -0.0000
vn 0.8426 -0.5385 -0.0000
vn 0.8334 -0.5527 -0.0000
vn 0.8426 -0.5386 -0.0000
vn 0.9602 0.2794 -0.0000
vn -0.2828 0.9592 -0.0000
vn 0.9602 0.2795 -0.0000
vn -0.8350 0.5502 -0.0000
vn -0.8406 0.5417 -0.0000
vn -0.8455 0.5340 -0.0000
vn -0.8501 0.5266 -0.0000
vn -0.8455 0.5339 -0.0000
vn -0.8546 0.5194 -0.0000
vn -0.8591 0.5119 -0.0000
vn -0.8638 0.5038 -0.0000
vn -0.8690 0.4949 -0.0000
vn -0.8747 0.4846 -0.0000
vn -0.8814 0.4723 -0.0000
vn -0.8895 0.4570 -0.0000
vn -0.9415 -0.3371 -0.0000
vn 0.8851 -0.4654 -0.0000
vn 0.3306 -0.9438 -0.0000
vn 0.8802 -0.4746 -0.0000
vn 0.8754 -0.4834 -0.0000
vn 0.8705 -0.4921 -0.0000
vn 0.8655 -0.5009 -0.0000
vn 0.8602 -0.5100 -0.0000
vn 0.8543 -0.5198 -0.0000
vn 0.8478 -0.5304 -0.0000
vn 0.8403 -0.5422 -0.0000
vn 0.8314 -0.5557 -0.0000
vn 0.8402 -0.5422 -0.0000
vn 0.8207 -0.5714 -0.0000
vn 0.9643 0.2647 -0.0000
vn -0.2638 0.9646 -0.0000
vn -0.8185 0.5746 -0.0000
vn -0.8272 0.5620 -0.0000
vn -0.8343 0.5513 -0.0000
vn -0.8272 0.5619 -0.0000
vn -0.8405 0.5418 -0.0000
vn -0.8344 0.5512 -0.0000
vn -0.8461 0.5330 -0.0000
vn -0.8514 0.5246 -0.0000
vn -0.8565 0.5162 -0.0000
vn -0.8617 0.5074 -0.0000
vn -0.8673 0.4977 -0.0000
vn -0.8736 0.4867 -0.0000
vn -0.8809 0.4733 -0.0000
vn -0.9447 -0.3278 -0.0000
vn -0.9115 -0.4114 -0.0000
vn -0.9213 -0.3888 -0.0000
vn -0.9018 -0.4322 -0.0000
vn -0.8921 -0.4519 -0.0000
vn -0.8821 -0.4711 -0.0000
vn -0.8717 -0.4901 -0.0000
vn -0.8606 -0.5092 -0.0000
vn -0.8487 -0.5289 -0.0000
vn -0.8355 -0.5495 -0.0000
vn -0.8208 -0.5713 -0.0000
vn -0.8040 -0.5946 -0.0000
vn -0.9950 0.0995 -0.0000
vn -0.6665 0.7455 -0.0000
vn -0.6799 0.7333 -0.0000
vn -0.6914 0.7225 -0.0000
vn -0.7014 0.7127 -0.0000
vn -0.7104 0.7038 -0.0000
vn -0.7187 0.6953 -0.0000
vn -0.7265 0.6872 -0.0000
vn -0.7340 0.6791 -0.0000
vn -0.7416 0.6708 -0.0000
vn -0.7496 0.6619 -0.0000
vn -0.7584 0.6518 -0.0000
vn -0.9971 -0.0755 -0.0000
vn 0.0991 -0.9951 -0.0000
vn -0.9972 -0.0754 -0.0000
vn 0.7869 -0.6170 -0.0000
vn 0.0990 -0.9951 -0.0000
vn 0.7758 -0.6310 -0.0000
vn 0.7869 -0.6171 -0.0000
vn 0.7655 -0.6434 -0.0000
vn 0.7557 -0.6549 -0.0000
vn 0.7461 -0.6658 -0.0000
vn 0.7366 -0.6763 -0.0000
vn 0.7270 -0.6866 -0.0000
vn 0.7171 -0.6970 -0.0000
vn 0.7066 -0.7076 -0.0000
vn 0.7170 -0.6970 -0.0000
vn 0.6954 -0.7187 -0.0000
vn 0.6831 -0.7303 -0.0000
vn -0.0345 -0.9994 -0.0000
vn -0.7165 -0.6976 -0.0000
vn -0.6971 -0.7170 -0.0000
vn -0.6767 -0.7363 -0.0000
vn -0.6551 -0.7555 -0.0000
vn -0.6322 -0.7748 -0.0000
vn -0.6078 -0.7941 -0.0000
vn -0.5816 -0.8135 -0.0000
vn -0.5535 -0.8328 -0.0000
vn -0.5233 -0.8522 -0.0000
vn -0.4906 -0.8714 -0.0000
vn -0.4553 -0.8903 -0.0000
vn 0.1771 -0.9842 -0.0000
vn 0.9792 0.2029 -0.0000
vn 0.4124 0.9110 -0.0000
vn 0.4563 0.8898 -0.0000
vn 0.4962 0.8682 -0.0000
vn 0.5324 0.8465 -0.0000
vn 0.5656 0.8247 -0.0000
vn 0.5961 0.8029 -0.0000
vn 0.6244 0.7811 -0.0000
vn 0.6508 0.7593 -0.0000
vn 0.6757 0.7371 -0.0000
vn 0.6995 0.7146 -0.0000
vn 0.7225 0.6914 -0.0000
vn 0.7479 0.6638 -0.0000
vn 0.7728 0.6347 -0.0000
vn 0.7930 0.6092 -0.0000
vn 0.8108 0.5853 -0.0000
vn 0.8271 0.5620 -0.0000
vn 0.8109 0.5852 -0.0000
vn 0.8425 0.5387 -0.0000
vn 0.8574 0.5146 -0.0000
vn 0.8723 0.4890 -0.0000
vn 0.8875 0.4607 -0.0000
vn 0.9035 0.4286 -0.0000
vn 0.9205 0.3908 -0.0000
vn 0.9387 0.3446 -0.0000
vn 0.9205 0.3907 -0.0000
vn 0.8121 -0.5836 -0.0000
vn -0.0043 -1.0000 -0.0000
vn -0.0157 -0.9999 -0.0000
vn -0.0281 -0.9996 -0.0000
vn -0.0378 -0.9993 -0.0000
vn -0.0456 -0.9990 -0.0000
vn -0.0520 -0.9986 -0.0000
vn -0.0575 -0.9983 -0.0000
vn -0.0623 -0.9981 -0.0000
vn -0.0667 -0.9978 -0.0000
vn -0.0709 -0.9975 -0.0000
vn -0.0754 -0.9972 -0.0000
vn -0.0813 -0.9967 -0.0000
vn 0.6765 -0.7364 -0.0000
vn 0.6623 0.7492 -0.0000
vn 0.6765 -0.7365 -0.0000
vn -0.1119 0.9937 -0.0000
vn -0.0950 0.9955 -0.0000
vn -0.0843 0.9964 -0.0000
vn -0.0763 0.9971 -0.0000
vn -0.0695 0.9976 -0.0000
vn -0.0631 0.9980 -0.0000
vn -0.0566 0.9984 -0.0000
vn -0.0495 0.9988 -0.0000
vn -0.0412 0.9991 -0.0000
vn -0.0310 0.9995 -0.0000
vn -0.0176 0.9998 -0.0000
vn -0.0000 1.0000 -0.0000
vn 0.0038 1.0000 -0.0000
vn 0.0156 0.9999 -0.0000
vn 0.0319 0.9995 -0.0000
vn 0.0491 0.9988 -0.0000
vn 0.0675 0.9977 -0.0000
vn 0.0872 0.9962 -0.0000
vn 0.1085 0.9941 -0.0000
vn 0.1318 0.9913 -0.0000
vn 0.1576 0.9875 -0.0000
vn 0.1864 0.9825 -0.0000
vn 0.2189 0.9758 -0.0000
vn 0.2561 0.9666 -0.0000
vn -0.1855 0.9826 -0.0000
vn 0.2561 0.9667 -0.0000
vn -0.9892 0.1468 -0.0000
vn -0.8203 -0.5719 -0.0000
vn -0.8340 -0.5518 -0.0000
vn -0.8436 -0.5370 -0.0000
vn -0.8511 -0.5251 -0.0000
vn -0.8436 -0.5369 -0.0000
vn -0.8575 -0.5145 -0.0000
vn -0.8511 -0.5250 -0.0000
vn -0.8633 -0.5047 -0.0000
vn -0.8690 -0.4949 -0.0000
vn -0.8748 -0.4844 -0.0000
vn -0.8812 -0.4727 -0.0000
vn -0.8748 -0.4845 -0.0000
vn -0.8885 -0.4589 -0.0000
vn -0.8812 -0.4728 -0.0000
vn -0.8973 -0.4414 -0.0000
vn -0.9146 -0.4044 -0.0000
vn 0.3055 -0.9522 -0.0000
vn -0.4128 -0.9108 -0.0000
vn 0.2799 -0.9600 -0.0000
vn 0.2605 -0.9655 -0.0000
vn 0.2448 -0.9696 -0.0000
vn 0.2313 -0.9729 -0.0000
vn 0.2191 -0.9757 -0.0000
vn 0.2075 -0.9782 -0.0000
vn 0.1958 -0.9806 -0.0000
vn 0.1833 -0.9831 -0.0000
vn 0.1690 -0.9856 -0.0000
vn 0.1514 -0.9885 -0.0000
vn 0.8640 -0.5035 -0.0000
vn 0.5063 0.8624 -0.0000
vn -0.1451 0.9894 -0.0000
vn -0.1629 0.9866 -0.0000
vn -0.1770 0.9842 -0.0000
vn -0.1892 0.9819 -0.0000
vn -0.2006 0.9797 -0.0000
vn -0.2118 0.9773 -0.0000
vn -0.2236 0.9747 -0.0000
vn -0.2367 0.9716 -0.0000
vn -0.2521 0.9677 -0.0000
vn -0.2711 0.9625 -0.0000
vn -0.2963 0.9551 -0.0000
vn -0.9088 0.4173 -0.0000
vn 0.3300 -0.9440 -0.0000
vn -0.3998 -0.9166 -0.0000
vn 0.3005 -0.9538 -0.0000
vn 0.2780 -0.9606 -0.0000
vn 0.2599 -0.9656 -0.0000
vn 0.2446 -0.9696 -0.0000
vn 0.2310 -0.9729 -0.0000
vn 0.2185 -0.9758 -0.0000
vn 0.2310 -0.9730 -0.0000
vn 0.2063 -0.9785 -0.0000
vn 0.1938 -0.9810 -0.0000
vn 0.1803 -0.9836 -0.0000
vn 0.1648 -0.9863 -0.0000
vn 0.8695 -0.4940 -0.0000
vn 0.4873 0.8732 -0.0000
vn -0.1764 0.9843 -0.0000
vn 0.4874 0.8732 -0.0000
vn -0.1861 0.9825 -0.0000
vn -0.1951 0.9808 -0.0000
vn -0.2041 0.9789 -0.0000
vn -0.2135 0.9769 -0.0000
vn -0.2351 0.9720 -0.0000
vn -0.2485 0.9686 -0.0000
vn -0.2646 0.9643 -0.0000
vn -0.2849 0.9586 -0.0000
vn -0.3113 0.9503 -0.0000
vn -0.9122 0.4098 -0.0000
vn 0.3522 -0.9359 -0.0000
vn -0.3770 -0.9262 -0.0000
vn -0.3769 -0.9262 -0.0000
vn 0.3167 -0.9485 -0.0000
vn 0.2903 -0.9569 -0.0000
vn 0.2697 -0.9629 -0.0000
vn 0.2528 -0.9675 -0.0000
vn 0.2384 -0.9712 -0.0000
vn 0.2255 -0.9742 -0.0000
vn 0.2134 -0.9770 -0.0000
vn 0.2015 -0.9795 -0.0000
vn 0.1890 -0.9820 -0.0000
vn 0.1750 -0.9846 -0.0000
vn 0.8739 -0.4861 -0.0000
vn 0.4878 0.8730 -0.0000
vn 0.8739 -0.4862 -0.0000
vn -0.1726 0.9850 -0.0000
vn -0.1890 0.9820 -0.0000
vn -0.2030 0.9792 -0.0000
vn -0.2157 0.9765 -0.0000
vn -0.2279 0.9737 -0.0000
vn -0.2403 0.9707 -0.0000
vn -0.2536 0.9673 -0.0000
vn -0.2684 0.9633 -0.0000
vn -0.2859 0.9583 -0.0000
vn -0.3074 0.9516 -0.0000
vn -0.3357 0.9420 -0.0000
vn -0.9219 0.3874 -0.0000
vn -0.9860 0.1666 -0.0000
vn -0.9968 0.0804 -0.0000
vn -0.9659 0.2588 -0.0000
vn -0.9344 0.3562 -0.0000
vn -0.8892 0.4575 -0.0000
vn -0.8279 0.5609 -0.0000
vn -0.7479 0.6638 -0.0000
vn -0.6467 0.7628 -0.0000
vn -0.5219 0.8530 -0.0000
vn -0.3719 0.9283 -0.0000
vn -0.1964 0.9805 -0.0000
vn 0.0084 1.0000 -0.0000
vn 0.2292 0.9734 -0.0000
vn 0.4276 0.9040 -0.0000
vn 0.5816 0.8135 -0.0000
vn 0.6934 0.7205 -0.0000
vn 0.7725 0.6350 -0.0000
vn 0.8284 0.5602 -0.0000
vn 0.8683 0.4961 -0.0000
vn 0.8973 0.4414 -0.0000
vn 0.9188 0.3947 -0.0000
vn 0.9350 0.3545 -0.0000
vn 0.9475 0.3197 -0.0000
vn 0.9564 0.2922 -0.0000
vn 0.9619 0.2736 -0.0000
vn 0.9658 0.2591 -0.0000
vn 0.9695 0.2450 -0.0000
vn 0.9729 0.2312 -0.0000
vn 0.9761 0.2175 -0.0000
vn 0.9790 0.2038 -0.0000
vn 0.9817 0.1902 -0.0000
vn 0.9843 0.1765 -0.0000
vn 0.9867 0.1625 -0.0000
vn 0.9889 0.1483 -0.0000
vn 0.9910 0.1337 -0.0000
vn 0.6852 -0.7284 -0.0000
vn -0.2487 -0.9686 -0.0000
vn -0.3685 -0.9296 -0.0000
vn -0.4801 -0.8772 -0.0000
vn -0.5815 -0.8135 -0.0000
vn -0.6720 -0.7405 -0.0000
vn -0.7515 -0.6597 -0.0000
vn -0.8204 -0.5719 -0.0000
vn -0.7515 -0.6598 -0.0000
vn -0.8791 -0.4767 -0.0000
vn -0.9276 -0.3735 -0.0000
vn -0.9655 -0.2605 -0.0000
vn -0.9907 -0.1360 -0.0000
vn -0.9999 -0.0158 -0.0000
vn -0.9318 -0.3629 -0.0000
vn -0.9470 -0.3211 -0.0000
vn -0.9117 -0.4109 -0.0000
vn -0.8848 -0.4661 -0.0000
vn -0.8483 -0.5295 -0.0000
vn -0.7987 -0.6018 -0.0000
vn -0.7309 -0.6825 -0.0000
vn -0.6391 -0.7691 -0.0000
vn -0.5180 -0.8554 -0.0000
vn -0.3659 -0.9307 -0.0000
vn -0.1887 -0.9820 -0.0000
vn -0.0002 -1.0000 -0.0000
vn 0.1845 -0.9828 -0.0000
vn 0.3540 -0.9352 -0.0000
vn 0.5017 -0.8651 -0.0000
vn 0.6259 -0.7799 -0.0000
vn 0.7278 -0.6858 -0.0000
vn 0.8097 -0.5869 -0.0000
vn 0.8739 -0.4860 -0.0000
vn 0.9229 -0.3850 -0.0000
vn 0.9585 -0.2851 -0.0000
vn 0.9823 -0.1872 -0.0000
vn 0.9958 -0.0920 -0.0000
vn 0.9999 0.0141 -0.0000
vn 0.9894 0.1451 -0.0000
vn 0.9589 0.2837 -0.0000
vn 0.9111 0.4122 -0.0000
vn 0.8487 0.5289 -0.0000
vn 0.7737 0.6335 -0.0000
vn 0.6879 0.7258 -0.0000
vn 0.5923 0.8057 -0.0000
vn 0.4876 0.8731 -0.0000
vn 0.3747 0.9272 -0.0000
vn 0.2544 0.9671 -0.0000
vn 0.1286 0.9917 -0.0000
vn 0.0026 1.0000 -0.0000
vn -0.1209 0.9927 -0.0000
vn -0.2451 0.9695 -0.0000
vn -0.3697 0.9292 -0.0000
vn -0.4908 0.8713 -0.0000
vn -0.6046 0.7965 -0.0000
vn -0.7076 0.7066 -0.0000
vn -0.7970 0.6039 -0.0000
vn -0.8709 0.4914 -0.0000
vn -0.9282 0.3720 -0.0000
vn -0.9686 0.2486 -0.0000
vn -0.9923 0.1239 -0.0000
vn -1.0000 0.0028 -0.0000
vn -0.9934 -0.1150 -0.0000
vn -0.9717 -0.2361 -0.0000
vn -0.9328 -0.3604 -0.0000
vn -0.8756 -0.4830 -0.0000
vn -0.8013 -0.5983 -0.0000
vn -0.7130 -0.7012 -0.0000
vn -0.6152 -0.7884 -0.0000
vn -0.5129 -0.8585 -0.0000
vn -0.4105 -0.9119 -0.0000
vn -0.3114 -0.9503 -0.0000
vn -0.2177 -0.9760 -0.0000
vn 0.4040 -0.9148 -0.0000
vn 0.8991 0.4378 -0.0000
vn 0.1038 0.9946 -0.0000
vn 0.8991 0.4377 -0.0000
vn 0.1139 0.9935 -0.0000
vn 0.1237 0.9923 -0.0000
vn 0.1333 0.9911 -0.0000
vn 0.1427 0.9898 -0.0000
vn 0.1520 0.9884 -0.0000
vn 0.1614 0.9869 -0.0000
vn 0.1709 0.9853 -0.0000
vn 0.1805 0.9836 -0.0000
vn 0.1906 0.9817 -0.0000
vn 0.2012 0.9795 -0.0000
vn 0.2341 0.9722 -0.0000
vn 0.3020 0.9533 -0.0000
vn 0.3836 0.9235 -0.0000
vn 0.4666 0.8845 -0.0000
vn 0.5510 0.8345 -0.0000
vn 0.6358 0.7719 -0.0000
vn 0.7190 0.6950 -0.0000
vn 0.7976 0.6032 -0.0000
vn 0.8678 0.4970 -0.0000
vn 0.9255 0.3788 -0.0000
vn 0.9675 0.2530 -0.0000
vn 0.9921 0.1251 -0.0000
vn 1.0000 0.0036 -0.0000
vn 0.9940 -0.1093 -0.0000
vn 0.9752 -0.2211 -0.0000
vn 0.9940 -0.1094 -0.0000
vn 0.9425 -0.3343 -0.0000
vn 0.8946 -0.4468 -0.0000
vn 0.8312 -0.5560 -0.0000
vn 0.7523 -0.6588 -0.0000
vn 0.6591 -0.7520 -0.0000
vn 0.5541 -0.8324 -0.0000
vn 0.4405 -0.8977 -0.0000
vn 0.3224 -0.9466 -0.0000
vn 0.2039 -0.9790 -0.0000
vn -0.5987 -0.8010 -0.0000
vn -0.9893 -0.1458 -0.0000
vn -0.9879 -0.1550 -0.0000
vn -0.9863 -0.1648 -0.0000
vn -0.9845 -0.1753 -0.0000
vn -0.9825 -0.1864 -0.0000
vn -0.9802 -0.1982 -0.0000
vn -0.9775 -0.2108 -0.0000
vn -0.9745 -0.2243 -0.0000
vn -0.9711 -0.2387 -0.0000
vn -0.9672 -0.2542 -0.0000
vn -0.9627 -0.2707 -0.0000
vn -0.9569 -0.2904 -0.0000
vn -0.9999 -0.0160 -0.0000
vn -0.9999 -0.0133 -0.0000
vn -0.9998 -0.0205 -0.0000
vn -0.9996 -0.0268 -0.0000
vn -0.9994 -0.0348 -0.0000
vn -0.9990 -0.0443 -0.0000
vn -0.9985 -0.0553 -0.0000
vn -0.9977 -0.0678 -0.0000
vn -0.9967 -0.0818 -0.0000
vn -0.9953 -0.0972 -0.0000
vn -0.9966 -0.0818 -0.0000
vn -0.9935 -0.1141 -0.0000
vn -0.7493 0.6622 -0.0000
vn -0.7071 -0.7071 -0.0000
vn -0.8143 -0.5804 -0.0000
vn -0.9363 0.3512 -0.0000
vn -0.8143 -0.5805 -0.0000
vn -0.9157 0.4018 -0.0000
vn -0.8909 0.4542 -0.0000
vn -0.8612 0.5083 -0.0000
vn -0.8259 0.5639 -0.0000
vn -0.7843 0.6203 -0.0000
vn -0.7360 0.6770 -0.0000
vn -0.6802 0.7330 -0.0000
vn -0.6169 0.7871 -0.0000
vn -0.5461 0.8377 -0.0000
vn -0.4684 0.8835 -0.0000
vn -0.9880 0.1543 -0.0000
vn -0.6963 -0.7177 -0.0000
vn -0.7203 -0.6937 -0.0000
vn -0.6963 -0.7178 -0.0000
vn -0.7398 -0.6729 -0.0000
vn -0.7563 -0.6543 -0.0000
vn -0.7398 -0.6728 -0.0000
vn -0.7707 -0.6372 -0.0000
vn -0.7838 -0.6210 -0.0000
vn -0.7961 -0.6052 -0.0000
vn -0.8080 -0.5892 -0.0000
vn -0.8200 -0.5723 -0.0000
vn -0.8325 -0.5540 -0.0000
vn -0.8200 -0.5724 -0.0000
vn -0.8461 -0.5330 -0.0000
vn -0.2661 -0.9640 -0.0000
vn 0.5003 -0.8659 -0.0000
vn 0.5684 -0.8228 -0.0000
vn 0.6316 -0.7753 -0.0000
vn 0.6891 -0.7247 -0.0000
vn 0.7405 -0.6720 -0.0000
vn 0.7857 -0.6186 -0.0000
vn 0.8249 -0.5653 -0.0000
vn 0.8583 -0.5131 -0.0000
vn 0.8866 -0.4625 -0.0000
vn 0.9103 -0.4140 -0.0000
vn 0.9299 -0.3678 -0.0000
vn -0.0395 -0.9992 -0.0000
vn -0.9552 -0.2959 -0.0000
vn -0.0394 -0.9992 -0.0000
vn -0.9370 -0.3494 -0.0000
vn -0.9135 -0.4068 -0.0000
vn -0.8839 -0.4676 -0.0000
vn -0.8475 -0.5308 -0.0000
vn -0.8039 -0.5948 -0.0000
vn -0.7528 -0.6582 -0.0000
vn -0.6948 -0.7192 -0.0000
vn -0.6308 -0.7760 -0.0000
vn -0.5620 -0.8271 -0.0000
vn -0.4903 -0.8716 -0.0000
vn 0.2553 -0.9669 -0.0000
vn 0.8244 -0.5660 -0.0000
vn 0.8052 -0.5930 -0.0000
vn 0.7878 -0.6159 -0.0000
vn 0.7715 -0.6363 -0.0000
vn 0.7555 -0.6551 -0.0000
vn 0.7395 -0.6731 -0.0000
vn 0.7229 -0.6910 -0.0000
vn 0.7051 -0.7092 -0.0000
vn 0.6854 -0.7282 -0.0000
vn 0.6630 -0.7486 -0.0000
vn 0.6368 -0.7710 -0.0000
vn 0.9939 0.1105 -0.0000
vn 0.4749 0.8800 -0.0000
vn 0.5523 0.8336 -0.0000
vn 0.6268 0.7792 -0.0000
vn 0.6962 0.7178 -0.0000
vn 0.7587 0.6514 -0.0000
vn 0.8132 0.5820 -0.0000
vn 0.8591 0.5118 -0.0000
vn 0.8965 0.4430 -0.0000
vn 0.9262 0.3771 -0.0000
vn 0.9490 0.3153 -0.0000
vn 0.9660 0.2585 -0.0000
vn 0.7846 -0.6200 -0.0000
vn 0.7071 -0.7071 -0.0000
vn 0.6600 0.7513 -0.0000
vn 0.9930 0.1181 -0.0000
vn 0.9952 0.0978 -0.0000
vn 0.9968 0.0794 -0.0000
vn 0.9980 0.0631 -0.0000
vn 0.9988 0.0488 -0.0000
vn 0.9993 0.0365 -0.0000
vn 0.9997 0.0264 -0.0000
vn 0.9998 0.0186 -0.0000
vn 0.9999 0.0131 -0.0000
vn 0.9999 0.0102 -0.0000
vn 0.9999 0.0101 -0.0000
vn 0.7033 0.7109 -0.0000
vn -0.7115 0.7027 -0.0000
vn -0.9425 0.3343 -0.0000
vn -0.1366 0.9906 -0.0000
vn -0.1367 0.9906 -0.0000
vn -0.9392 -0.3433 -0.0000
vn -0.9380 -0.3467 -0.0000
vn -0.9367 -0.3503 -0.0000
vn -0.9352 -0.3541 -0.0000
vn -0.9366 -0.3503 -0.0000
vn -0.9337 -0.3582 -0.0000
vn -0.9319 -0.3626 -0.0000
vn -0.9300 -0.3676 -0.0000
vn -0.9278 -0.3730 -0.0000
vn -0.9300 -0.3675 -0.0000
vn -0.9253 -0.3791 -0.0000
vn -0.9225 -0.3861 -0.0000
vn -0.9254 -0.3791 -0.0000
vn -0.9191 -0.3941 -0.0000
vn -0.9852 0.1713 -0.0000
vn -0.7471 0.6647 -0.0000
vn -0.7830 0.6220 -0.0000
vn -0.8190 0.5738 -0.0000
vn -0.8541 0.5201 -0.0000
vn -0.8874 0.4611 -0.0000
vn -0.9176 0.3976 -0.0000
vn -0.9438 0.3305 -0.0000
vn -0.9176 0.3975 -0.0000
vn -0.9652 0.2615 -0.0000
vn -0.9814 0.1922 -0.0000
vn -0.9922 0.1246 -0.0000
vn -0.9982 0.0604 -0.0000
vn -1.0000 0.0051 -0.0000
vn -0.9992 -0.0401 -0.0000
vn -0.9964 -0.0848 -0.0000
vn -0.9908 -0.1353 -0.0000
vn -0.9813 -0.1924 -0.0000
vn -0.9908 -0.1354 -0.0000
vn -0.9665 -0.2567 -0.0000
vn -0.9813 -0.1925 -0.0000
vn -0.9445 -0.3284 -0.0000
vn -0.9133 -0.4073 -0.0000
vn -0.8704 -0.4924 -0.0000
vn -0.8136 -0.5814 -0.0000
vn -0.8704 -0.4923 -0.0000
vn -0.7417 -0.6708 -0.0000
vn -0.8137 -0.5814 -0.0000
vn -0.6546 -0.7560 -0.0000
vn -0.5809 -0.8140 -0.0000
vn -0.5301 -0.8480 -0.0000
vn -0.4808 -0.8769 -0.0000
vn -0.5300 -0.8480 -0.0000
vn -0.4341 -0.9009 -0.0000
vn -0.4807 -0.8769 -0.0000
vn -0.3901 -0.9208 -0.0000
vn -0.4341 -0.9008 -0.0000
vn -0.3484 -0.9373 -0.0000
vn -0.3088 -0.9511 -0.0000
vn -0.2711 -0.9626 -0.0000
vn -0.2349 -0.9720 -0.0000
vn -0.1999 -0.9798 -0.0000
vn -0.1659 -0.9861 -0.0000
vn -0.1325 -0.9912 -0.0000
vn -0.1005 -0.9949 -0.0000
vn -0.0795 -0.9968 -0.0000
vn -0.0683 -0.9977 -0.0000
vn -0.0568 -0.9984 -0.0000
vn -0.0449 -0.9990 -0.0000
vn -0.0325 -0.9995 -0.0000
vn -0.0195 -0.9998 -0.0000
vn -0.0058 -1.0000 -0.0000
vn 0.0087 -1.0000 -0.0000
vn 0.0241 -0.9997 -0.0000
vn 0.0405 -0.9992 -0.0000
vn 0.0581 -0.9983 -0.0000
vn 0.7205 -0.6935 -0.0000
vn 0.9985 -0.0546 -0.0000
vn 0.9948 -0.1020 -0.0000
vn 0.9896 -0.1437 -0.0000
vn 0.9948 -0.1021 -0.0000
vn 0.9834 -0.1815 -0.0000
vn 0.9761 -0.2173 -0.0000
vn 0.9834 -0.1816 -0.0000
vn 0.9677 -0.2522 -0.0000
vn 0.9579 -0.2872 -0.0000
vn 0.9677 -0.2521 -0.0000
vn 0.9463 -0.3234 -0.0000
vn 0.9323 -0.3618 -0.0000
vn 0.9149 -0.4036 -0.0000
vn 0.8930 -0.4500 -0.0000
vn 0.8382 0.5453 -0.0000
vn 0.8931 -0.4499 -0.0000
vn -0.0739 0.9973 -0.0000
vn 0.8382 0.5454 -0.0000
vn -0.0675 0.9977 -0.0000
vn -0.0605 0.9982 -0.0000
vn -0.0527 0.9986 -0.0000
vn -0.0440 0.9990 -0.0000
vn -0.0343 0.9994 -0.0000
vn -0.0233 0.9997 -0.0000
vn -0.0108 0.9999 -0.0000
vn 0.0036 1.0000 -0.0000
vn 0.0202 0.9998 -0.0000
vn 0.0398 0.9992 -0.0000
vn 0.0648 0.9979 -0.0000
vn 0.0889 0.9960 -0.0000
vn 0.1108 0.9938 -0.0000
vn 0.0888 0.9960 -0.0000
vn 0.1382 0.9904 -0.0000
vn 0.1711 0.9853 -0.0000
vn 0.2096 0.9778 -0.0000
vn 0.2532 0.9674 -0.0000
vn 0.2095 0.9778 -0.0000
vn 0.3016 0.9534 -0.0000
vn 0.3538 0.9353 -0.0000
vn 0.4086 0.9127 -0.0000
vn 0.4645 0.8856 -0.0000
vn 0.5200 0.8542 -0.0000
vn 0.4644 0.8856 -0.0000
vn 0.5761 0.8174 -0.0000
vn 0.5199 0.8542 -0.0000
vn 0.6607 0.7507 -0.0000
vn 0.7591 0.6510 -0.0000
vn 0.6606 0.7507 -0.0000
vn 0.8359 0.5489 -0.0000
vn 0.7590 0.6510 -0.0000
vn 0.8924 0.4512 -0.0000
vn 0.8358 0.5490 -0.0000
vn 0.9321 0.3621 -0.0000
vn 0.9590 0.2833 -0.0000
vn 0.9766 0.2151 -0.0000
vn 0.9590 0.2834 -0.0000
vn 0.9876 0.1568 -0.0000
vn 0.9766 0.2152 -0.0000
vn 0.9942 0.1074 -0.0000
vn 0.9876 0.1569 -0.0000
vn 0.9979 0.0655 -0.0000
vn 0.9995 0.0303 -0.0000
vn 0.9999 -0.0113 -0.0000
vn 0.9972 -0.0742 -0.0000
vn 0.9888 -0.1492 -0.0000
vn 0.9746 -0.2241 -0.0000
vn 0.9548 -0.2972 -0.0000
vn 0.9301 -0.3672 -0.0000
vn 0.9014 -0.4329 -0.0000
vn 0.8697 -0.4935 -0.0000
vn 0.8360 -0.5487 -0.0000
vn 0.8013 -0.5983 -0.0000
vn 0.7663 -0.6425 -0.0000
vn 0.7317 -0.6816 -0.0000
vn 0.9816 -0.1908 -0.0000
vn 0.7317 -0.6817 -0.0000
vn 0.9270 0.3751 -0.0000
vn 0.9314 0.3639 -0.0000
vn 0.9351 0.3544 -0.0000
vn 0.9315 0.3639 -0.0000
vn 0.9381 0.3463 -0.0000
vn 0.9406 0.3395 -0.0000
vn 0.9426 0.3339 -0.0000
vn 0.9443 0.3292 -0.0000
vn 0.9455 0.3255 -0.0000
vn 0.9465 0.3228 -0.0000
vn 0.9471 0.3209 -0.0000
vn 0.9474 0.3201 -0.0000
vn 0.8124 -0.5831 -0.0000
vn 0.1327 0.9912 -0.0000
vn 0.4672 -0.8842 -0.0000
vn -0.5590 -0.8292 -0.0000
vn 0.4672 -0.8841 -0.0000
vn -0.5501 -0.8351 -0.0000
vn -0.5410 -0.8410 -0.0000
vn -0.5317 -0.8469 -0.0000
vn -0.5221 -0.8529 -0.0000
vn -0.5123 -0.8588 -0.0000
vn -0.5023 -0.8647 -0.0000
vn -0.5124 -0.8588 -0.0000
vn -0.4919 -0.8706 -0.0000
vn -0.4812 -0.8766 -0.0000
vn -0.4702 -0.8825 -0.0000
vn -0.4813 -0.8766 -0.0000
vn -0.4589 -0.8885 -0.0000
vn -0.4703 -0.8825 -0.0000
vn 0.3277 -0.9448 -0.0000
vn 0.9025 -0.4308 -0.0000
vn 0.8921 -0.4518 -0.0000
vn 0.8828 -0.4698 -0.0000
vn 0.8922 -0.4517 -0.0000
vn 0.8740 -0.4859 -0.0000
vn 0.8828 -0.4697 -0.0000
vn 0.8654 -0.5012 -0.0000
vn 0.8566 -0.5160 -0.0000
vn 0.8654 -0.5011 -0.0000
vn 0.8474 -0.5310 -0.0000
vn 0.8373 -0.5467 -0.0000
vn 0.8259 -0.5638 -0.0000
vn 0.8373 -0.5468 -0.0000
vn 0.8125 -0.5829 -0.0000
vn 0.7962 -0.6050 -0.0000
vn 0.9751 0.2217 -0.0000
vn 0.7961 -0.6051 -0.0000
vn 0.4656 0.8850 -0.0000
vn 0.5086 0.8610 -0.0000
vn 0.5478 0.8366 -0.0000
vn 0.5844 0.8115 -0.0000
vn 0.5479 0.8366 -0.0000
vn 0.6189 0.7855 -0.0000
vn 0.6521 0.7581 -0.0000
vn 0.6847 0.7289 -0.0000
vn 0.7171 0.6969 -0.0000
vn 0.6847 0.7288 -0.0000
vn 0.7500 0.6614 -0.0000
vn 0.7839 0.6209 -0.0000
vn 0.8190 0.5738 -0.0000
vn 0.4754 0.8798 -0.0000
vn -0.4374 0.8993 -0.0000
vn 0.4754 0.8797 -0.0000
vn -0.7709 0.6370 -0.0000
vn -0.7390 0.6737 -0.0000
vn -0.6764 0.7365 -0.0000
vn -0.6452 0.7640 -0.0000
vn -0.6136 0.7896 -0.0000
vn -0.5810 0.8139 -0.0000
vn -0.5471 0.8371 -0.0000
vn -0.5111 0.8595 -0.0000
vn -0.4723 0.8814 -0.0000
vn -0.4299 0.9029 -0.0000
vn -0.9711 0.2387 -0.0000
vn -0.7950 -0.6066 -0.0000
vn -0.8137 -0.5813 -0.0000
vn -0.8287 -0.5598 -0.0000
vn -0.8409 -0.5411 -0.0000
vn -0.8512 -0.5249 -0.0000
vn -0.8409 -0.5412 -0.0000
vn -0.8598 -0.5106 -0.0000
vn -0.8673 -0.4978 -0.0000
vn -0.8739 -0.4862 -0.0000
vn -0.8796 -0.4756 -0.0000
vn -0.8849 -0.4658 -0.0000
vn -0.8797 -0.4755 -0.0000
vn -0.8898 -0.4563 -0.0000
vn -0.8850 -0.4656 -0.0000
vn -0.3180 -0.9481 -0.0000
vn 0.4448 -0.8956 -0.0000
vn -0.3179 -0.9481 -0.0000
vn 0.4554 -0.8903 -0.0000
vn 0.4449 -0.8956 -0.0000
vn 0.4656 -0.8850 -0.0000
vn 0.4555 -0.8902 -0.0000
vn 0.4753 -0.8798 -0.0000
vn 0.4846 -0.8747 -0.0000
vn 0.4936 -0.8697 -0.0000
vn 0.5022 -0.8648 -0.0000
vn 0.4935 -0.8697 -0.0000
vn 0.5104 -0.8599 -0.0000
vn 0.5021 -0.8648 -0.0000
vn 0.5184 -0.8551 -0.0000
vn 0.5261 -0.8504 -0.0000
vn 0.5335 -0.8458 -0.0000
vn -0.4810 -0.8767 -0.0000
vn 0.5336 -0.8458 -0.0000
vn -0.8526 -0.5226 -0.0000
vn -0.8739 0.4860 -0.0000
vn -0.8526 -0.5225 -0.0000
vn -0.8347 0.5507 -0.0000
vn -0.7875 0.6163 -0.0000
vn -0.7331 0.6801 -0.0000
vn -0.6732 0.7395 -0.0000
vn -0.6103 0.7922 -0.0000
vn -0.5475 0.8368 -0.0000
vn -0.4877 0.8730 -0.0000
vn -0.4333 0.9012 -0.0000
vn -0.3859 0.9225 -0.0000
vn -0.4333 0.9013 -0.0000
vn -0.3465 0.9381 -0.0000
vn -0.9788 0.2047 -0.0000
vn -0.6936 -0.7203 -0.0000
vn -0.9788 0.2046 -0.0000
vn -0.7202 -0.6937 -0.0000
vn -0.7448 -0.6673 -0.0000
vn -0.7679 -0.6405 -0.0000
vn -0.7902 -0.6128 -0.0000
vn -0.8120 -0.5836 -0.0000
vn -0.8338 -0.5521 -0.0000
vn -0.8556 -0.5176 -0.0000
vn -0.8337 -0.5521 -0.0000
vn -0.8777 -0.4792 -0.0000
vn -0.8556 -0.5177 -0.0000
vn -0.9001 -0.4357 -0.0000
vn -0.9226 -0.3856 -0.0000
vn -0.3990 -0.9170 -0.0000
vn 0.3922 -0.9199 -0.0000
vn 0.4320 -0.9019 -0.0000
vn 0.4778 -0.8785 -0.0000
vn 0.5288 -0.8487 -0.0000
vn 0.5835 -0.8121 -0.0000
vn 0.6398 -0.7685 -0.0000
vn 0.6956 -0.7185 -0.0000
vn 0.7485 -0.6631 -0.0000
vn 0.6956 -0.7184 -0.0000
vn 0.7967 -0.6044 -0.0000
vn 0.8389 -0.5442 -0.0000
vn 0.8746 -0.4848 -0.0000
vn -0.0282 -0.9996 -0.0000
vn -0.8974 -0.4412 -0.0000
vn -0.8578 -0.5139 -0.0000
vn -0.8112 -0.5847 -0.0000
vn -0.7586 -0.6515 -0.0000
vn -0.7015 -0.7127 -0.0000
vn -0.6416 -0.7670 -0.0000
vn -0.5807 -0.8141 -0.0000
vn -0.5204 -0.8539 -0.0000
vn -0.4619 -0.8869 -0.0000
vn -0.4063 -0.9137 -0.0000
vn -0.3540 -0.9352 -0.0000
vn 0.3868 -0.9222 -0.0000
vn 0.8941 -0.4479 -0.0000
vn 0.3869 -0.9221 -0.0000
vn 0.8752 -0.4838 -0.0000
vn 0.8941 -0.4478 -0.0000
vn 0.8589 -0.5121 -0.0000
vn 0.8442 -0.5361 -0.0000
vn 0.8300 -0.5578 -0.0000
vn 0.8156 -0.5786 -0.0000
vn 0.8001 -0.5998 -0.0000
vn 0.8156 -0.5787 -0.0000
vn 0.7826 -0.6225 -0.0000
vn 0.7617 -0.6479 -0.0000
vn 0.7352 -0.6778 -0.0000
vn 0.6995 -0.7146 -0.0000
vn 0.9781 0.2083 -0.0000
vn 0.3451 0.9386 -0.0000
vn 0.9781 0.2082 -0.0000
vn 0.3973 0.9177 -0.0000
vn 0.4545 0.8907 -0.0000
vn 0.5165 0.8563 -0.0000
vn 0.5821 0.8131 -0.0000
vn 0.6498 0.7601 -0.0000
vn 0.7170 0.6971 -0.0000
vn 0.7809 0.6246 -0.0000
vn 0.8386 0.5447 -0.0000
vn 0.7809 0.6247 -0.0000
vn 0.8877 0.4605 -0.0000
vn 0.9268 0.3756 -0.0000
vn 0.8165 -0.5774 -0.0000
vn 0.5744 -0.8186 -0.0000
vn 0.9553 0.2955 -0.0000
vn 0.5935 -0.8048 -0.0000
vn 0.6123 -0.7906 -0.0000
vn 0.6309 -0.7759 -0.0000
vn 0.6494 -0.7604 -0.0000
vn 0.6681 -0.7440 -0.0000
vn 0.6871 -0.7265 -0.0000
vn 0.6872 -0.7265 -0.0000
vn 0.7267 -0.6869 -0.0000
vn 0.7476 -0.6641 -0.0000
vn 0.7695 -0.6386 -0.0000
vn -0.0255 -0.9997 -0.0000
vn -0.8002 -0.5997 -0.0000
vn -0.7780 -0.6283 -0.0000
vn -0.7567 -0.6538 -0.0000
vn -0.7361 -0.6768 -0.0000
vn -0.7162 -0.6978 -0.0000
vn -0.6968 -0.7172 -0.0000
vn -0.7162 -0.6979 -0.0000
vn -0.6778 -0.7353 -0.0000
vn -0.6589 -0.7522 -0.0000
vn -0.6401 -0.7683 -0.0000
vn -0.6211 -0.7837 -0.0000
vn -0.6019 -0.7986 -0.0000
vn -0.9502 0.3116 -0.0000
vn 0.9981 0.0618 -0.0000
vn 0.6848 0.7288 -0.0000
vn 0.9982 0.0606 -0.0000
vn 0.9983 0.0584 -0.0000
vn 0.9982 0.0605 -0.0000
vn 0.9985 0.0553 -0.0000
vn 0.9983 0.0583 -0.0000
vn 0.9987 0.0514 -0.0000
vn 0.9989 0.0467 -0.0000
vn 0.9992 0.0410 -0.0000
vn 0.9994 0.0345 -0.0000
vn 0.9992 0.0411 -0.0000
vn 0.9996 0.0271 -0.0000
vn 0.9994 0.0347 -0.0000
vn 0.9998 0.0189 -0.0000
vn 0.9996 0.0273 -0.0000
vn 1.0000 0.0098 -0.0000
vn 0.9998 0.0190 -0.0000
vn 1.0000 0.0025 -0.0000
vn 1.0000 0.0099 -0.0000
vn 1.0000 0.0026 -0.0000
vn -0.7223 0.6916 -0.0000
vt 0.516129 0.000000
vt 0.521994 0.000000
vt 0.519062 0.000000
vt 0.524927 0.000000
vt 0.513196 0.000000
vt 0.527859 0.000000
vt 0.404692 0.000000
vt 0.002933 0.000000
vt 0.000000 0.000000
vt 0.398827 0.000000
vt 0.392962 0.000000
vt 0.401760 0.000000
vt 0.510264 0.000000
vt 0.903226 0.000000
vt 0.530792 0.000000
vt 0.906158 0.000000
vt 0.900293 0.000000
vt 0.507331 0.000000
vt 0.005865 0.000000
vt 0.533724 0.000000
vt 0.909091 0.000000
vt 0.897361 0.000000
vt 0.504399 0.000000
vt 0.390029 0.000000
vt 0.008798 0.000000
vt 0.536657 0.000000
vt 0.912023 0.000000
vt 0.894428 0.000000
vt 0.914956 0.000000
vt 0.395894 0.000000
vt 0.387097 0.000000
vt 0.891496 0.000000
vt 0.501466 0.000000
vt 0.011730 0.000000
vt 0.539589 0.000000
vt 0.917889 0.000000
vt 0.888563 0.000000
vt 0.384164 0.000000
vt 0.498534 0.000000
vt 0.542522 0.000000
vt 0.014663 0.000000
vt 0.920821 0.000000
vt 0.885630 0.000000
vt 0.381232 0.000000
vt 0.545455 0.000000
vt 0.923754 0.000000
vt 0.495601 0.000000
vt 0.882698 0.000000
vt 0.017595 0.000000
vt 0.378299 0.000000
vt 0.926686 0.000000
vt 0.879765 0.000000
vt 0.548387 0.000000
vt 0.492669 0.000000
vt 0.020528 0.000000
vt 0.929619 0.000000
vt 0.876833 0.000000
vt 0.375367 0.000000
vt 0.551320 0.000000
vt 0.489736 0.000000
vt 0.932551 0.000000
vt 0.873900 0.000000
vt 0.554252 0.000000
vt 0.023460 0.000000
vt 0.372434 0.000000
vt 0.486804 0.000000
vt 0.935484 0.000000
vt 0.870968 0.000000
vt 0.557185 0.000000
vt 0.938416 0.000000
vt 0.483871 0.000000
vt 0.868035 0.000000
vt 0.560117 0.000000
vt 0.369501 0.000000
vt 0.026393 0.000000
vt 0.563050 0.000000
vt 0.565982 0.000000
vt 0.480938 0.000000
vt 0.627566 0.000000
vt 0.568915 0.000000
vt 0.478006 0.000000
vt 0.413490 0.000000
vt 0.630499 0.000000
vt 0.624633 0.000000
vt 0.416422 0.000000
vt 0.410557 0.000000
vt 0.571847 0.000000
vt 0.475073 0.000000
vt 0.621701 0.000000
vt 0.366569 0.000000
vt 0.419355 0.000000
vt 0.472141 0.000000
vt 0.029326 0.000000
vt 0.574780 0.000000
vt 0.618768 0.000000
vt 0.422287 0.000000
vt 0.469208 0.000000
vt 0.615836 0.000000
vt 0.577713 0.000000
vt 0.425220 0.000000
vt 0.612903 0.000000
vt 0.466276 0.000000
vt 0.580645 0.000000
vt 0.428153 0.000000
vt 0.609971 0.000000
vt 0.463343 0.000000
vt 0.583578 0.000000
vt 0.607038 0.000000
vt 0.431085 0.000000
vt 0.363636 0.000000
vt 0.460411 0.000000
vt 0.604106 0.000000
vt 0.434018 0.000000
vt 0.586510 0.000000
vt 0.032258 0.000000
vt 0.601173 0.000000
vt 0.457478 0.000000
vt 0.436950 0.000000
vt 0.589443 0.000000
vt 0.598240 0.000000
vt 0.439883 0.000000
vt 0.454545 0.000000
vt 0.595308 0.000000
vt 0.592375 0.000000
vt 0.442815 0.000000
vt 0.451613 0.000000
vt 0.360704 0.000000
vt 0.445748 0.000000
vt 0.448680 0.000000
vt 0.035191 0.000000
vt 0.407625 0.000000
vt 0.865103 0.000000
vt 0.633431 0.000000
vt 0.636364 0.000000
vt 0.357771 0.000000
vt 0.038123 0.000000
vt 0.354839 0.000000
vt 0.041056 0.000000
vt 0.351906 0.000000
vt 0.043988 0.000000
vt 0.348974 0.000000
vt 0.046921 0.000000
vt 0.346041 0.000000
vt 0.859238 0.000000
vt 0.982405 0.000000
vt 0.862170 0.000000
vt 0.639296 0.000000
vt 0.979472 0.000000
vt 0.997067 0.000000
vt 0.994135 0.000000
vt 0.642229 0.000000
vt 0.049853 0.000000
vt 0.343109 0.000000
vt 0.052786 0.000000
vt 0.340176 0.000000
vt 0.055718 0.000000
vt 0.337243 0.000000
vt 0.985337 0.000000
vt 0.976540 0.000000
vt 1.000000 0.000000
vt 0.991202 0.000000
vt 0.058651 0.000000
vt 0.334311 0.000000
vt 0.061584 0.000000
vt 0.331378 0.000000
vt 0.328446 0.000000
vt 0.064516 0.000000
vt 0.325513 0.000000
vt 0.067449 0.000000
vt 0.322581 0.000000
vt 0.070381 0.000000
vt 0.319648 0.000000
vt 0.973607 0.000000
vt 0.073314 0.000000
vt 0.988270 0.000000
vt 0.970675 0.000000
vt 0.967742 0.000000
vt 0.316716 0.000000
vt 0.964809 0.000000
vt 0.313783 0.000000
vt 0.076246 0.000000
vt 0.961877 0.000000
vt 0.958944 0.000000
vt 0.310850 0.000000
vt 0.956012 0.000000
vt 0.953079 0.000000
vt 0.079179 0.000000
vt 0.307918 0.000000
vt 0.950147 0.000000
vt 0.947214 0.000000
vt 0.304985 0.000000
vt 0.944282 0.000000
vt 0.082111 0.000000
vt 0.302053 0.000000
vt 0.941349 0.000000
vt 0.299120 0.000000
vt 0.085044 0.000000
vt 0.296188 0.000000
vt 0.293255 0.000000
vt 0.290323 0.000000
vt 0.087977 0.000000
vt 0.287390 0.000000
vt 0.284457 0.000000
vt 0.281525 0.000000
vt 0.090909 0.000000
vt 0.278592 0.000000
vt 0.275660 0.000000
vt 0.272727 0.000000
vt 0.269795 0.000000
vt 0.266862 0.000000
vt 0.263930 0.000000
vt 0.260997 0.000000
vt 0.211144 0.000000
vt 0.217009 0.000000
vt 0.214076 0.000000
vt 0.219941 0.000000
vt 0.258065 0.000000
vt 0.222874 0.000000
vt 0.255132 0.000000
vt 0.225806 0.000000
vt 0.252199 0.000000
vt 0.228739 0.000000
vt 0.249267 0.000000
vt 0.231672 0.000000
vt 0.246334 0.000000
vt 0.234604 0.000000
vt 0.243402 0.000000
vt 0.237537 0.000000
vt 0.240469 0.000000
vt 0.093842 0.000000
vt 0.208211 0.000000
vt 0.205279 0.000000
vt 0.096774 0.000000
vt 0.202346 0.000000
vt 0.099707 0.000000
vt 0.199413 0.000000
vt 0.856305 0.000000
vt 0.853372 0.000000
vt 0.645161 0.000000
vt 0.648094 0.000000
vt 0.196481 0.000000
vt 0.102639 0.000000
vt 0.193548 0.000000
vt 0.105572 0.000000
vt 0.190616 0.000000
vt 0.108504 0.000000
vt 0.187683 0.000000
vt 0.111437 0.000000
vt 0.850440 0.000000
vt 0.114370 0.000000
vt 0.184751 0.000000
vt 0.117302 0.000000
vt 0.120235 0.000000
vt 0.750733 0.000000
vt 0.651026 0.000000
vt 0.123167 0.000000
vt 0.181818 0.000000
vt 0.126100 0.000000
vt 0.129032 0.000000
vt 0.131965 0.000000
vt 0.178886 0.000000
vt 0.134897 0.000000
vt 0.137830 0.000000
vt 0.140762 0.000000
vt 0.143695 0.000000
vt 0.146628 0.000000
vt 0.149560 0.000000
vt 0.152493 0.000000
vt 0.175953 0.000000
vt 0.155425 0.000000
vt 0.173021 0.000000
vt 0.158358 0.000000
vt 0.170088 0.000000
vt 0.161290 0.000000
vt 0.167155 0.000000
vt 0.164223 0.000000
vt 0.847507 0.000000
vt 0.753666 0.000000
vt 0.747801 0.000000
vt 0.653959 0.000000
vt 0.844575 0.000000
vt 0.756598 0.000000
vt 0.744868 0.000000
vt 0.656892 0.000000
vt 0.841642 0.000000
vt 0.759531 0.000000
vt 0.838710 0.000000
vt 0.659824 0.000000
vt 0.741935 0.000000
vt 0.762463 0.000000
vt 0.835777 0.000000
vt 0.662757 0.000000
vt 0.739003 0.000000
vt 0.765396 0.000000
vt 0.665689 0.000000
vt 0.832845 0.000000
vt 0.736070 0.000000
vt 0.768328 0.000000
vt 0.668622 0.000000
vt 0.829912 0.000000
vt 0.671554 0.000000
vt 0.733138 0.000000
vt 0.826979 0.000000
vt 0.771261 0.000000
vt 0.674487 0.000000
vt 0.824047 0.000000
vt 0.730205 0.000000
vt 0.677419 0.000000
vt 0.774194 0.000000
vt 0.680352 0.000000
vt 0.821114 0.000000
vt 0.727273 0.000000
vt 0.777126 0.000000
vt 0.683284 0.000000
vt 0.686217 0.000000
vt 0.818182 0.000000
vt 0.689150 0.000000
vt 0.815249 0.000000
vt 0.724340 0.000000
vt 0.692082 0.000000
vt 0.812317 0.000000
vt 0.780059 0.000000
vt 0.695015 0.000000
vt 0.809384 0.000000
vt 0.806452 0.000000
vt 0.697947 0.000000
vt 0.721408 0.000000
vt 0.803519 0.000000
vt 0.700880 0.000000
vt 0.782991 0.000000
vt 0.800587 0.000000
vt 0.703812 0.000000
vt 0.797654 0.000000
vt 0.718475 0.000000
vt 0.706745 0.000000
vt 0.794721 0.000000
vt 0.709677 0.000000
vt 0.791789 0.000000
vt 0.788856 0.000000
vt 0.785924 0.000000
vt 0.715542 0.000000
vt 0.712610 0.000000
vt 0.714286 0.000000
vt 0.657143 0.000000
vt 0.742857 0.000000
vt 0.771429 0.000000
vt 0.628571 0.000000
vt 0.571429 0.000000
vt 0.685714 0.000000
vt 0.600000 0.000000
vt 0.828571 0.000000
vt 0.885714 0.000000
vt 0.857143 0.000000
vt 0.800000 0.000000
vt 0.942857 0.000000
vt 0.971429 0.000000
vt 0.914286 0.000000
vt 0.485714 0.000000
vt 0.142857 0.000000
vt 0.514286 0.000000
vt 0.542857 0.000000
vt 0.114286 0.000000
vt 0.342857 0.000000
vt 0.171429 0.000000
vt 0.200000 0.000000
vt 0.057143 0.000000
vt 0.028571 0.000000
vt 0.085714 0.000000
vt 0.285714 0.000000
vt 0.257143 0.000000
vt 0.314286 0.000000
vt 0.228571 0.000000
vt 0.428571 0.000000
vt 0.400000 0.000000
vt 0.457143 0.000000
vt 0.371429 0.000000
vt 0.980392 0.000000
vt 0.990196 0.000000
vt 0.970588 0.000000
vt 0.009804 0.000000
vt 0.960784 0.000000
vt 0.019608 0.000000
vt 0.950980 0.000000
vt 0.029412 0.000000
vt 0.941176 0.000000
vt 0.039216 0.000000
vt 0.931373 0.000000
vt 0.049020 0.000000
vt 0.921569 0.000000
vt 0.058824 0.000000
vt 0.911765 0.000000
vt 0.068627 0.000000
vt 0.901961 0.000000
vt 0.078431 0.000000
vt 0.892157 0.000000
vt 0.088235 0.000000
vt 0.882353 0.000000
vt 0.098039 0.000000
vt 0.872549 0.000000
vt 0.107843 0.000000
vt 0.852941 0.000000
vt 0.862745 0.000000
vt 0.117647 0.000000
vt 0.127451 0.000000
vt 0.843137 0.000000
vt 0.833333 0.000000
vt 0.137255 0.000000
vt 0.147059 0.000000
vt 0.823529 0.000000
vt 0.490196 0.000000
vt 0.156863 0.000000
vt 0.500000 0.000000
vt 0.480392 0.000000
vt 0.813725 0.000000
vt 0.509804 0.000000
vt 0.166667 0.000000
vt 0.470588 0.000000
vt 0.803922 0.000000
vt 0.519608 0.000000
vt 0.176471 0.000000
vt 0.460784 0.000000
vt 0.794118 0.000000
vt 0.529412 0.000000
vt 0.186275 0.000000
vt 0.450980 0.000000
vt 0.784314 0.000000
vt 0.539216 0.000000
vt 0.196078 0.000000
vt 0.441176 0.000000
vt 0.774510 0.000000
vt 0.549020 0.000000
vt 0.205882 0.000000
vt 0.431373 0.000000
vt 0.764706 0.000000
vt 0.215686 0.000000
vt 0.558824 0.000000
vt 0.421569 0.000000
vt 0.754902 0.000000
vt 0.225490 0.000000
vt 0.568627 0.000000
vt 0.745098 0.000000
vt 0.411765 0.000000
vt 0.235294 0.000000
vt 0.578431 0.000000
vt 0.735294 0.000000
vt 0.401961 0.000000
vt 0.245098 0.000000
vt 0.588235 0.000000
vt 0.254902 0.000000
vt 0.725490 0.000000
vt 0.392157 0.000000
vt 0.264706 0.000000
vt 0.274510 0.000000
vt 0.598039 0.000000
vt 0.715686 0.000000
vt 0.284314 0.000000
vt 0.705882 0.000000
vt 0.294118 0.000000
vt 0.696078 0.000000
vt 0.382353 0.000000
vt 0.303922 0.000000
vt 0.686275 0.000000
vt 0.313726 0.000000
vt 0.676471 0.000000
vt 0.666667 0.000000
vt 0.323529 0.000000
vt 0.656863 0.000000
vt 0.333333 0.000000
vt 0.647059 0.000000
vt 0.637255 0.000000
vt 0.627451 0.000000
vt 0.617647 0.000000
vt 0.607843 0.000000
vt 0.372549 0.000000
vt 0.362745 0.000000
vt 0.352941 0.000000
vt 0.343137 0.000000
vt 0.525641 0.000000
vt 0.538462 0.000000
vt 0.532051 0.000000
vt 0.544872 0.000000
vt 0.519231 0.000000
vt 0.551282 0.000000
vt 0.512821 0.000000
vt 0.557692 0.000000
vt 0.506410 0.000000
vt 0.564103 0.000000
vt 0.224359 0.000000
vt 0.923077 0.000000
vt 0.929487 0.000000
vt 0.916667 0.000000
vt 0.230769 0.000000
vt 0.217949 0.000000
vt 0.570513 0.000000
vt 0.910256 0.000000
vt 0.237179 0.000000
vt 0.493590 0.000000
vt 0.903846 0.000000
vt 0.935897 0.000000
vt 0.243590 0.000000
vt 0.211538 0.000000
vt 0.897436 0.000000
vt 0.576923 0.000000
vt 0.250000 0.000000
vt 0.942308 0.000000
vt 0.487179 0.000000
vt 0.205128 0.000000
vt 0.891026 0.000000
vt 0.256410 0.000000
vt 0.583333 0.000000
vt 0.884615 0.000000
vt 0.198718 0.000000
vt 0.948718 0.000000
vt 0.480769 0.000000
vt 0.262821 0.000000
vt 0.192308 0.000000
vt 0.878205 0.000000
vt 0.955128 0.000000
vt 0.589744 0.000000
vt 0.185897 0.000000
vt 0.961538 0.000000
vt 0.871795 0.000000
vt 0.269231 0.000000
vt 0.474359 0.000000
vt 0.179487 0.000000
vt 0.967949 0.000000
vt 0.596154 0.000000
vt 0.865385 0.000000
vt 0.275641 0.000000
vt 0.173077 0.000000
vt 0.974359 0.000000
vt 0.467949 0.000000
vt 0.858974 0.000000
vt 0.282051 0.000000
vt 0.980769 0.000000
vt 0.602564 0.000000
vt 0.160256 0.000000
vt 0.987179 0.000000
vt 0.852564 0.000000
vt 0.288462 0.000000
vt 0.461538 0.000000
vt 0.153846 0.000000
vt 0.993590 0.000000
vt 0.608974 0.000000
vt 0.147436 0.000000
vt 0.846154 0.000000
vt 0.294872 0.000000
vt 0.141026 0.000000
vt 0.455128 0.000000
vt 0.307692 0.000000
vt 0.839744 0.000000
vt 0.301282 0.000000
vt 0.615385 0.000000
vt 0.134615 0.000000
vt 0.448718 0.000000
vt 0.314103 0.000000
vt 0.621795 0.000000
vt 0.128205 0.000000
vt 0.006410 0.000000
vt 0.826923 0.000000
vt 0.442308 0.000000
vt 0.121795 0.000000
vt 0.012821 0.000000
vt 0.320513 0.000000
vt 0.628205 0.000000
vt 0.820513 0.000000
vt 0.019231 0.000000
vt 0.115385 0.000000
vt 0.435897 0.000000
vt 0.326923 0.000000
vt 0.025641 0.000000
vt 0.108974 0.000000
vt 0.634615 0.000000
vt 0.814103 0.000000
vt 0.429487 0.000000
vt 0.032051 0.000000
vt 0.102564 0.000000
vt 0.038462 0.000000
vt 0.807692 0.000000
vt 0.096154 0.000000
vt 0.423077 0.000000
vt 0.044872 0.000000
vt 0.641026 0.000000
vt 0.089744 0.000000
vt 0.051282 0.000000
vt 0.801282 0.000000
vt 0.339744 0.000000
vt 0.083333 0.000000
vt 0.057692 0.000000
vt 0.076923 0.000000
vt 0.064103 0.000000
vt 0.416667 0.000000
vt 0.070513 0.000000
vt 0.794872 0.000000
vt 0.647436 0.000000
vt 0.346154 0.000000
vt 0.410256 0.000000
vt 0.788462 0.000000
vt 0.352564 0.000000
vt 0.403846 0.000000
vt 0.653846 0.000000
vt 0.782051 0.000000
vt 0.358974 0.000000
vt 0.397436 0.000000
vt 0.775641 0.000000
vt 0.769231 0.000000
vt 0.365385 0.000000
vt 0.391026 0.000000
vt 0.660256 0.000000
vt 0.762821 0.000000
vt 0.756410 0.000000
vt 0.750000 0.000000
vt 0.371795 0.000000
vt 0.384615 0.000000
vt 0.743590 0.000000
vt 0.737179 0.000000
vt 0.730769 0.000000
vt 0.724359 0.000000
vt 0.717949 0.000000
vt 0.711538 0.000000
vt 0.378205 0.000000
vt 0.705128 0.000000
vt 0.698718 0.000000
vt 0.692308 0.000000
vt 0.685897 0.000000
vt 0.673077 0.000000
vt 0.679487 0.000000
vt 0.493506 0.000000
vt 0.519481 0.000000
vt 0.506494 0.000000
vt 0.532468 0.000000
vt 0.558442 0.000000
vt 0.584416 0.000000
vt 0.597403 0.000000
vt 0.610390 0.000000
vt 0.623377 0.000000
vt 0.480519 0.000000
vt 0.467532 0.000000
vt 0.649351 0.000000
vt 0.441558 0.000000
vt 0.662338 0.000000
vt 0.415584 0.000000
vt 0.402597 0.000000
vt 0.389610 0.000000
vt 0.376623 0.000000
vt 0.350649 0.000000
vt 0.337662 0.000000
vt 0.831169 0.000000
vt 0.844156 0.000000
vt 0.870130 0.000000
vt 0.883117 0.000000
vt 0.896104 0.000000
vt 0.922078 0.000000
vt 0.935065 0.000000
vt 0.948052 0.000000
vt 0.961039 0.000000
vt 0.805195 0.000000
vt 0.974026 0.000000
vt 0.792208 0.000000
vt 0.779221 0.000000
vt 0.987013 0.000000
vt 0.766234 0.000000
vt 0.753247 0.000000
vt 0.740260 0.000000
vt 0.701299 0.000000
vt 0.688312 0.000000
vt 0.675325 0.000000
vt 0.155844 0.000000
vt 0.168831 0.000000
vt 0.194805 0.000000
vt 0.207792 0.000000
vt 0.220779 0.000000
vt 0.233766 0.000000
vt 0.246753 0.000000
vt 0.259740 0.000000
vt 0.129870 0.000000
vt 0.116883 0.000000
vt 0.103896 0.000000
vt 0.298701 0.000000
vt 0.311688 0.000000
vt 0.077922 0.000000
vt 0.324675 0.000000
vt 0.064935 0.000000
vt 0.051948 0.000000
vt 0.038961 0.000000
vt 0.025974 0.000000
vt 0.012987 0.000000
vt 0.190955 0.000000
vt 0.201005 0.000000
vt 0.195980 0.000000
vt 0.206030 0.000000
vt 0.211055 0.000000
vt 0.185930 0.000000
vt 0.216080 0.000000
vt 0.180905 0.000000
vt 0.060302 0.000000
vt 0.070352 0.000000
vt 0.065327 0.000000
vt 0.175879 0.000000
vt 0.221106 0.000000
vt 0.075377 0.000000
vt 0.170854 0.000000
vt 0.080402 0.000000
vt 0.226131 0.000000
vt 0.055276 0.000000
vt 0.165829 0.000000
vt 0.085427 0.000000
vt 0.231156 0.000000
vt 0.050251 0.000000
vt 0.160804 0.000000
vt 0.090452 0.000000
vt 0.045226 0.000000
vt 0.236181 0.000000
vt 0.155779 0.000000
vt 0.040201 0.000000
vt 0.095477 0.000000
vt 0.241206 0.000000
vt 0.150754 0.000000
vt 0.035176 0.000000
vt 0.100503 0.000000
vt 0.246231 0.000000
vt 0.145729 0.000000
vt 0.030151 0.000000
vt 0.105528 0.000000
vt 0.251256 0.000000
vt 0.140704 0.000000
vt 0.256281 0.000000
vt 0.025126 0.000000
vt 0.110553 0.000000
vt 0.135678 0.000000
vt 0.130653 0.000000
vt 0.020101 0.000000
vt 0.115578 0.000000
vt 0.120603 0.000000
vt 0.015075 0.000000
vt 0.929648 0.000000
vt 0.939699 0.000000
vt 0.934673 0.000000
vt 0.924623 0.000000
vt 0.748744 0.000000
vt 0.758794 0.000000
vt 0.753769 0.000000
vt 0.919598 0.000000
vt 0.763819 0.000000
vt 0.125628 0.000000
vt 0.768844 0.000000
vt 0.914573 0.000000
vt 0.773869 0.000000
vt 0.010050 0.000000
vt 0.909548 0.000000
vt 0.778894 0.000000
vt 0.783920 0.000000
vt 0.904523 0.000000
vt 0.788945 0.000000
vt 0.899498 0.000000
vt 0.793970 0.000000
vt 0.894472 0.000000
vt 0.798995 0.000000
vt 0.889447 0.000000
vt 0.804020 0.000000
vt 0.884422 0.000000
vt 0.809045 0.000000
vt 0.879397 0.000000
vt 0.814070 0.000000
vt 0.874372 0.000000
vt 0.819095 0.000000
vt 0.824121 0.000000
vt 0.829146 0.000000
vt 0.834171 0.000000
vt 0.839196 0.000000
vt 0.844221 0.000000
vt 0.849246 0.000000
vt 0.854271 0.000000
vt 0.859297 0.000000
vt 0.864322 0.000000
vt 0.869347 0.000000
vt 0.005025 0.000000
vt 0.743719 0.000000
vt 0.944724 0.000000
vt 0.949749 0.000000
vt 0.738693 0.000000
vt 0.954774 0.000000
vt 0.733668 0.000000
vt 0.728643 0.000000
vt 0.959799 0.000000
vt 0.723618 0.000000
vt 0.964824 0.000000
vt 0.718593 0.000000
vt 0.713568 0.000000
vt 0.969849 0.000000
vt 0.708543 0.000000
vt 0.974874 0.000000
vt 0.703518 0.000000
vt 0.979900 0.000000
vt 0.698492 0.000000
vt 0.984925 0.000000
vt 0.989950 0.000000
vt 0.693467 0.000000
vt 0.994975 0.000000
vt 0.688442 0.000000
vt 0.683417 0.000000
vt 0.678392 0.000000
vt 0.673367 0.000000
vt 0.663317 0.000000
vt 0.658291 0.000000
vt 0.653266 0.000000
vt 0.648241 0.000000
vt 0.638191 0.000000
vt 0.633166 0.000000
vt 0.628141 0.000000
vt 0.261307 0.000000
vt 0.668342 0.000000
vt 0.643216 0.000000
vt 0.623116 0.000000
vt 0.266332 0.000000
vt 0.618090 0.000000
vt 0.271357 0.000000
vt 0.613065 0.000000
vt 0.276382 0.000000
vt 0.608040 0.000000
vt 0.281407 0.000000
vt 0.603015 0.000000
vt 0.286432 0.000000
vt 0.597990 0.000000
vt 0.291457 0.000000
vt 0.592965 0.000000
vt 0.587940 0.000000
vt 0.296482 0.000000
vt 0.582915 0.000000
vt 0.301508 0.000000
vt 0.577889 0.000000
vt 0.306533 0.000000
vt 0.572864 0.000000
vt 0.311558 0.000000
vt 0.567839 0.000000
vt 0.316583 0.000000
vt 0.562814 0.000000
vt 0.321608 0.000000
vt 0.557789 0.000000
vt 0.326633 0.000000
vt 0.552764 0.000000
vt 0.442211 0.000000
vt 0.331658 0.000000
vt 0.447236 0.000000
vt 0.437186 0.000000
vt 0.336683 0.000000
vt 0.547739 0.000000
vt 0.432161 0.000000
vt 0.452261 0.000000
vt 0.341709 0.000000
vt 0.542714 0.000000
vt 0.427136 0.000000
vt 0.457286 0.000000
vt 0.346734 0.000000
vt 0.537688 0.000000
vt 0.422111 0.000000
vt 0.462312 0.000000
vt 0.351759 0.000000
vt 0.532663 0.000000
vt 0.417085 0.000000
vt 0.467337 0.000000
vt 0.356784 0.000000
vt 0.527638 0.000000
vt 0.412060 0.000000
vt 0.472362 0.000000
vt 0.361809 0.000000
vt 0.522613 0.000000
vt 0.407035 0.000000
vt 0.477387 0.000000
vt 0.517588 0.000000
vt 0.366834 0.000000
vt 0.402010 0.000000
vt 0.482412 0.000000
vt 0.512563 0.000000
vt 0.371859 0.000000
vt 0.396985 0.000000
vt 0.507538 0.000000
vt 0.487437 0.000000
vt 0.376884 0.000000
vt 0.502513 0.000000
vt 0.391960 0.000000
vt 0.492462 0.000000
vt 0.386935 0.000000
vt 0.381910 0.000000
vt 0.497487 0.000000
vt 0.786458 0.000000
vt 0.796875 0.000000
vt 0.791667 0.000000
vt 0.802083 0.000000
vt 0.781250 0.000000
vt 0.807292 0.000000
vt 0.776042 0.000000
vt 0.812500 0.000000
vt 0.770833 0.000000
vt 0.817708 0.000000
vt 0.765625 0.000000
vt 0.822917 0.000000
vt 0.760417 0.000000
vt 0.828125 0.000000
vt 0.755208 0.000000
vt 0.838542 0.000000
vt 0.744792 0.000000
vt 0.843750 0.000000
vt 0.739583 0.000000
vt 0.848958 0.000000
vt 0.734375 0.000000
vt 0.854167 0.000000
vt 0.729167 0.000000
vt 0.859375 0.000000
vt 0.723958 0.000000
vt 0.864583 0.000000
vt 0.927083 0.000000
vt 0.937500 0.000000
vt 0.932292 0.000000
vt 0.651042 0.000000
vt 0.661458 0.000000
vt 0.656250 0.000000
vt 0.921875 0.000000
vt 0.671875 0.000000
vt 0.911458 0.000000
vt 0.677083 0.000000
vt 0.906250 0.000000
vt 0.682292 0.000000
vt 0.901042 0.000000
vt 0.687500 0.000000
vt 0.895833 0.000000
vt 0.692708 0.000000
vt 0.890625 0.000000
vt 0.697917 0.000000
vt 0.885417 0.000000
vt 0.703125 0.000000
vt 0.880208 0.000000
vt 0.708333 0.000000
vt 0.875000 0.000000
vt 0.713542 0.000000
vt 0.869792 0.000000
vt 0.718750 0.000000
vt 0.645833 0.000000
vt 0.640625 0.000000
vt 0.635417 0.000000
vt 0.942708 0.000000
vt 0.630208 0.000000
vt 0.625000 0.000000
vt 0.947917 0.000000
vt 0.619792 0.000000
vt 0.614583 0.000000
vt 0.953125 0.000000
vt 0.609375 0.000000
vt 0.604167 0.000000
vt 0.958333 0.000000
vt 0.598958 0.000000
vt 0.593750 0.000000
vt 0.963542 0.000000
vt 0.588542 0.000000
vt 0.968750 0.000000
vt 0.578125 0.000000
vt 0.572917 0.000000
vt 0.567708 0.000000
vt 0.562500 0.000000
vt 0.557292 0.000000
vt 0.552083 0.000000
vt 0.546875 0.000000
vt 0.541667 0.000000
vt 0.536458 0.000000
vt 0.531250 0.000000
vt 0.526042 0.000000
vt 0.973958 0.000000
vt 0.520833 0.000000
vt 0.979167 0.000000
vt 0.984375 0.000000
vt 0.515625 0.000000
vt 0.989583 0.000000
vt 0.994792 0.000000
vt 0.510417 0.000000
vt 0.135417 0.000000
vt 0.505208 0.000000
vt 0.140625 0.000000
vt 0.145833 0.000000
vt 0.494792 0.000000
vt 0.151042 0.000000
vt 0.489583 0.000000
vt 0.156250 0.000000
vt 0.484375 0.000000
vt 0.161458 0.000000
vt 0.479167 0.000000
vt 0.473958 0.000000
vt 0.171875 0.000000
vt 0.468750 0.000000
vt 0.177083 0.000000
vt 0.463542 0.000000
vt 0.458333 0.000000
vt 0.182292 0.000000
vt 0.453125 0.000000
vt 0.187500 0.000000
vt 0.447917 0.000000
vt 0.192708 0.000000
vt 0.130208 0.000000
vt 0.005208 0.000000
vt 0.442708 0.000000
vt 0.197917 0.000000
vt 0.010417 0.000000
vt 0.437500 0.000000
vt 0.015625 0.000000
vt 0.432292 0.000000
vt 0.020833 0.000000
vt 0.026042 0.000000
vt 0.427083 0.000000
vt 0.031250 0.000000
vt 0.125000 0.000000
vt 0.421875 0.000000
vt 0.338542 0.000000
vt 0.328125 0.000000
vt 0.036458 0.000000
vt 0.119792 0.000000
vt 0.343750 0.000000
vt 0.041667 0.000000
vt 0.114583 0.000000
vt 0.348958 0.000000
vt 0.411458 0.000000
vt 0.046875 0.000000
vt 0.109375 0.000000
vt 0.354167 0.000000
vt 0.406250 0.000000
vt 0.052083 0.000000
vt 0.104167 0.000000
vt 0.359375 0.000000
vt 0.401042 0.000000
vt 0.057292 0.000000
vt 0.098958 0.000000
vt 0.364583 0.000000
vt 0.395833 0.000000
vt 0.062500 0.000000
vt 0.093750 0.000000
vt 0.369792 0.000000
vt 0.088542 0.000000
vt 0.078125 0.000000
vt 0.072917 0.000000
vt 0.067708 0.000000
vt 0.375000 0.000000
vt 0.380208 0.000000
vt 0.385417 0.000000
vt 0.390625 0.000000
vt 0.322917 0.000000
vt 0.203125 0.000000
vt 0.208333 0.000000
vt 0.317708 0.000000
vt 0.213542 0.000000
vt 0.312500 0.000000
vt 0.218750 0.000000
vt 0.307292 0.000000
vt 0.223958 0.000000
vt 0.302083 0.000000
vt 0.229167 0.000000
vt 0.296875 0.000000
vt 0.234375 0.000000
vt 0.291667 0.000000
vt 0.239583 0.000000
vt 0.286458 0.000000
vt 0.244792 0.000000
vt 0.281250 0.000000
vt 0.276042 0.000000
vt 0.255208 0.000000
vt 0.270833 0.000000
vt 0.260417 0.000000
vt 0.265625 0.000000
vt 0.038462 1.000000
vt 0.000000 1.000000
vt 0.076923 1.000000
vt 0.115385 1.000000
vt 0.153846 1.000000
vt 0.192308 1.000000
vt 0.230769 1.000000
vt 0.269231 1.000000
vt 0.307692 1.000000
vt 0.346154 1.000000
vt 0.384615 1.000000
vt 0.423077 1.000000
vt 0.461538 1.000000
vt 0.500000 1.000000
vt 0.538462 1.000000
vt 0.576923 1.000000
vt 0.615385 1.000000
vt 0.653846 1.000000
vt 0.692308 1.000000
vt 0.730769 1.000000
vt 0.769231 1.000000
vt 0.807692 1.000000
vt 0.846154 1.000000
vt 0.884615 1.000000
vt 0.923077 1.000000
vt 0.961538 1.000000
vt 1.000000 1.000000
vt 0.005988 1.000000
vt 0.011976 1.000000
vt 0.005988 0.000000
vt 0.017964 1.000000
vt 0.011976 0.000000
vt 0.023952 1.000000
vt 0.017964 0.000000
vt 0.029940 1.000000
vt 0.023952 0.000000
vt 0.035928 1.000000
vt 0.029940 0.000000
vt 0.041916 1.000000
vt 0.035928 0.000000
vt 0.047904 1.000000
vt 0.041916 0.000000
vt 0.053892 1.000000
vt 0.047904 0.000000
vt 0.059880 1.000000
vt 0.053892 0.000000
vt 0.065868 1.000000
vt 0.059880 0.000000
vt 0.071856 1.000000
vt 0.065868 0.000000
vt 0.077844 1.000000
vt 0.071856 0.000000
vt 0.083832 1.000000
vt 0.077844 0.000000
vt 0.089820 1.000000
vt 0.083832 0.000000
vt 0.095808 1.000000
vt 0.089820 0.000000
vt 0.101796 1.000000
vt 0.095808 0.000000
vt 0.107784 1.000000
vt 0.101796 0.000000
vt 0.113772 1.000000
vt 0.107784 0.000000
vt 0.119760 1.000000
vt 0.113772 0.000000
vt 0.125749 1.000000
vt 0.119760 0.000000
vt 0.131737 1.000000
vt 0.125749 0.000000
vt 0.137725 1.000000
vt 0.131737 0.000000
vt 0.143713 1.000000
vt 0.137725 0.000000
vt 0.149701 1.000000
vt 0.143713 0.000000
vt 0.155689 1.000000
vt 0.149701 0.000000
vt 0.161677 1.000000
vt 0.155689 0.000000
vt 0.167665 1.000000
vt 0.161677 0.000000
vt 0.173653 1.000000
vt 0.167665 0.000000
vt 0.179641 1.000000
vt 0.173653 0.000000
vt 0.185629 1.000000
vt 0.179641 0.000000
vt 0.191617 1.000000
vt 0.185629 0.000000
vt 0.197605 1.000000
vt 0.191617 0.000000
vt 0.203593 1.000000
vt 0.197605 0.000000
vt 0.209581 1.000000
vt 0.203593 0.000000
vt 0.215569 1.000000
vt 0.209581 0.000000
vt 0.221557 1.000000
vt 0.215569 0.000000
vt 0.227545 1.000000
vt 0.221557 0.000000
vt 0.233533 1.000000
vt 0.227545 0.000000
vt 0.239521 1.000000
vt 0.233533 0.000000
vt 0.245509 1.000000
vt 0.239521 0.000000
vt 0.251497 1.000000
vt 0.245509 0.000000
vt 0.257485 1.000000
vt 0.251497 0.000000
vt 0.263473 1.000000
vt 0.257485 0.000000
vt 0.269461 1.000000
vt 0.263473 0.000000
vt 0.275449 1.000000
vt 0.269461 0.000000
vt 0.281437 1.000000
vt 0.275449 0.000000
vt 0.287425 1.000000
vt 0.281437 0.000000
vt 0.293413 1.000000
vt 0.287425 0.000000
vt 0.299401 1.000000
vt 0.293413 0.000000
vt 0.305389 1.000000
vt 0.299401 0.000000
vt 0.311377 1.000000
vt 0.305389 0.000000
vt 0.317365 1.000000
vt 0.311377 0.000000
vt 0.323353 1.000000
vt 0.317365 0.000000
vt 0.329341 1.000000
vt 0.323353 0.000000
vt 0.335329 1.000000
vt 0.329341 0.000000
vt 0.341317 1.000000
vt 0.335329 0.000000
vt 0.347305 1.000000
vt 0.341317 0.000000
vt 0.353293 1.000000
vt 0.347305 0.000000
vt 0.359281 1.000000
vt 0.353293 0.000000
vt 0.365269 1.000000
vt 0.359281 0.000000
vt 0.371257 1.000000
vt 0.365269 0.000000
vt 0.377246 1.000000
vt 0.371257 0.000000
vt 0.383234 1.000000
vt 0.377246 0.000000
vt 0.389222 1.000000
vt 0.383234 0.000000
vt 0.395210 1.000000
vt 0.389222 0.000000
vt 0.401198 1.000000
vt 0.395210 0.000000
vt 0.407186 1.000000
vt 0.401198 0.000000
vt 0.413174 1.000000
vt 0.407186 0.000000
vt 0.419162 1.000000
vt 0.413174 0.000000
vt 0.425150 1.000000
vt 0.419162 0.000000
vt 0.431138 1.000000
vt 0.425150 0.000000
vt 0.437126 1.000000
vt 0.431138 0.000000
vt 0.443114 1.000000
vt 0.437126 0.000000
vt 0.449102 1.000000
vt 0.443114 0.000000
vt 0.455090 1.000000
vt 0.449102 0.000000
vt 0.461078 1.000000
vt 0.455090 0.000000
vt 0.467066 1.000000
vt 0.461078 0.000000
vt 0.473054 1.000000
vt 0.467066 0.000000
vt 0.479042 1.000000
vt 0.473054 0.000000
vt 0.485030 1.000000
vt 0.479042 0.000000
vt 0.491018 1.000000
vt 0.485030 0.000000
vt 0.497006 1.000000
vt 0.491018 0.000000
vt 0.502994 1.000000
vt 0.497006 0.000000
vt 0.508982 1.000000
vt 0.502994 0.000000
vt 0.514970 1.000000
vt 0.508982 0.000000
vt 0.520958 1.000000
vt 0.514970 0.000000
vt 0.526946 1.000000
vt 0.520958 0.000000
vt 0.532934 1.000000
vt 0.526946 0.000000
vt 0.538922 1.000000
vt 0.532934 0.000000
vt 0.544910 1.000000
vt 0.538922 0.000000
vt 0.550898 1.000000
vt 0.544910 0.000000
vt 0.556886 1.000000
vt 0.550898 0.000000
vt 0.562874 1.000000
vt 0.556886 0.000000
vt 0.568862 1.000000
vt 0.562874 0.000000
vt 0.574850 1.000000
vt 0.568862 0.000000
vt 0.580838 1.000000
vt 0.574850 0.000000
vt 0.586826 1.000000
vt 0.580838 0.000000
vt 0.592814 1.000000
vt 0.586826 0.000000
vt 0.598802 1.000000
vt 0.592814 0.000000
vt 0.604790 1.000000
vt 0.598802 0.000000
vt 0.610778 1.000000
vt 0.604790 0.000000
vt 0.616766 1.000000
vt 0.610778 0.000000
vt 0.622755 1.000000
vt 0.616766 0.000000
vt 0.628743 1.000000
vt 0.622755 0.000000
vt 0.634731 1.000000
vt 0.628743 0.000000
vt 0.640719 1.000000
vt 0.634731 0.000000
vt 0.646707 1.000000
vt 0.640719 0.000000
vt 0.652695 1.000000
vt 0.646707 0.000000
vt 0.658683 1.000000
vt 0.652695 0.000000
vt 0.664671 1.000000
vt 0.658683 0.000000
vt 0.670659 1.000000
vt 0.664671 0.000000
vt 0.676647 1.000000
vt 0.670659 0.000000
vt 0.682635 1.000000
vt 0.676647 0.000000
vt 0.688623 1.000000
vt 0.682635 0.000000
vt 0.694611 1.000000
vt 0.688623 0.000000
vt 0.700599 1.000000
vt 0.694611 0.000000
vt 0.706587 1.000000
vt 0.700599 0.000000
vt 0.712575 1.000000
vt 0.706587 0.000000
vt 0.718563 1.000000
vt 0.712575 0.000000
vt 0.724551 1.000000
vt 0.718563 0.000000
vt 0.730539 1.000000
vt 0.724551 0.000000
vt 0.736527 1.000000
vt 0.730539 0.000000
vt 0.742515 1.000000
vt 0.736527 0.000000
vt 0.748503 1.000000
vt 0.742515 0.000000
vt 0.754491 1.000000
vt 0.748503 0.000000
vt 0.760479 1.000000
vt 0.754491 0.000000
vt 0.766467 1.000000
vt 0.760479 0.000000
vt 0.772455 1.000000
vt 0.766467 0.000000
vt 0.778443 1.000000
vt 0.772455 0.000000
vt 0.784431 1.000000
vt 0.778443 0.000000
vt 0.790419 1.000000
vt 0.784431 0.000000
vt 0.796407 1.000000
vt 0.790419 0.000000
vt 0.802395 1.000000
vt 0.796407 0.000000
vt 0.808383 1.000000
vt 0.802395 0.000000
vt 0.814371 1.000000
vt 0.808383 0.000000
vt 0.820359 1.000000
vt 0.814371 0.000000
vt 0.826347 1.000000
vt 0.820359 0.000000
vt 0.832335 1.000000
vt 0.826347 0.000000
vt 0.838323 1.000000
vt 0.832335 0.000000
vt 0.844311 1.000000
vt 0.838323 0.000000
vt 0.850299 1.000000
vt 0.844311 0.000000
vt 0.856287 1.000000
vt 0.850299 0.000000
vt 0.862275 1.000000
vt 0.856287 0.000000
vt 0.868263 1.000000
vt 0.862275 0.000000
vt 0.874251 1.000000
vt 0.868263 0.000000
vt 0.880240 1.000000
vt 0.874251 0.000000
vt 0.886228 1.000000
vt 0.880240 0.000000
vt 0.892216 1.000000
vt 0.886228 0.000000
vt 0.898204 1.000000
vt 0.892216 0.000000
vt 0.904192 1.000000
vt 0.898204 0.000000
vt 0.910180 1.000000
vt 0.904192 0.000000
vt 0.916168 1.000000
vt 0.910180 0.000000
vt 0.922156 1.000000
vt 0.916168 0.000000
vt 0.928144 1.000000
vt 0.922156 0.000000
vt 0.934132 1.000000
vt 0.928144 0.000000
vt 0.940120 1.000000
vt 0.934132 0.000000
vt 0.946108 1.000000
vt 0.940120 0.000000
vt 0.952096 1.000000
vt 0.946108 0.000000
vt 0.958084 1.000000
vt 0.952096 0.000000
vt 0.964072 1.000000
vt 0.958084 0.000000
vt 0.970060 1.000000
vt 0.964072 0.000000
vt 0.976048 1.000000
vt 0.970060 0.000000
vt 0.982036 1.000000
vt 0.976048 0.000000
vt 0.988024 1.000000
vt 0.982036 0.000000
vt 0.994012 1.000000
vt 0.988024 0.000000
vt 0.994012 0.000000
vt 0.006757 1.000000
vt 0.013514 1.000000
vt 0.006757 0.000000
vt 0.020270 1.000000
vt 0.013514 0.000000
vt 0.027027 1.000000
vt 0.020270 0.000000
vt 0.033784 1.000000
vt 0.027027 0.000000
vt 0.040541 1.000000
vt 0.033784 0.000000
vt 0.047297 1.000000
vt 0.040541 0.000000
vt 0.054054 1.000000
vt 0.047297 0.000000
vt 0.060811 1.000000
vt 0.054054 0.000000
vt 0.067568 1.000000
vt 0.060811 0.000000
vt 0.074324 1.000000
vt 0.067568 0.000000
vt 0.081081 1.000000
vt 0.074324 0.000000
vt 0.087838 1.000000
vt 0.081081 0.000000
vt 0.094595 1.000000
vt 0.087838 0.000000
vt 0.101351 1.000000
vt 0.094595 0.000000
vt 0.108108 1.000000
vt 0.101351 0.000000
vt 0.114865 1.000000
vt 0.108108 0.000000
vt 0.121622 1.000000
vt 0.114865 0.000000
vt 0.128378 1.000000
vt 0.121622 0.000000
vt 0.135135 1.000000
vt 0.128378 0.000000
vt 0.141892 1.000000
vt 0.135135 0.000000
vt 0.148649 1.000000
vt 0.141892 0.000000
vt 0.155405 1.000000
vt 0.148649 0.000000
vt 0.162162 1.000000
vt 0.155405 0.000000
vt 0.168919 1.000000
vt 0.162162 0.000000
vt 0.175676 1.000000
vt 0.168919 0.000000
vt 0.182432 1.000000
vt 0.175676 0.000000
vt 0.189189 1.000000
vt 0.182432 0.000000
vt 0.195946 1.000000
vt 0.189189 0.000000
vt 0.202703 1.000000
vt 0.195946 0.000000
vt 0.209459 1.000000
vt 0.202703 0.000000
vt 0.216216 1.000000
vt 0.209459 0.000000
vt 0.222973 1.000000
vt 0.216216 0.000000
vt 0.229730 1.000000
vt 0.222973 0.000000
vt 0.236486 1.000000
vt 0.229730 0.000000
vt 0.243243 1.000000
vt 0.236486 0.000000
vt 0.250000 1.000000
vt 0.243243 0.000000
vt 0.256757 1.000000
vt 0.263514 1.000000
vt 0.256757 0.000000
vt 0.270270 1.000000
vt 0.263514 0.000000
vt 0.277027 1.000000
vt 0.270270 0.000000
vt 0.283784 1.000000
vt 0.277027 0.000000
vt 0.290541 1.000000
vt 0.283784 0.000000
vt 0.297297 1.000000
vt 0.290541 0.000000
vt 0.304054 1.000000
vt 0.297297 0.000000
vt 0.310811 1.000000
vt 0.304054 0.000000
vt 0.317568 1.000000
vt 0.310811 0.000000
vt 0.324324 1.000000
vt 0.317568 0.000000
vt 0.331081 1.000000
vt 0.324324 0.000000
vt 0.337838 1.000000
vt 0.331081 0.000000
vt 0.344595 1.000000
vt 0.337838 0.000000
vt 0.351351 1.000000
vt 0.344595 0.000000
vt 0.358108 1.000000
vt 0.351351 0.000000
vt 0.364865 1.000000
vt 0.358108 0.000000
vt 0.371622 1.000000
vt 0.364865 0.000000
vt 0.378378 1.000000
vt 0.371622 0.000000
vt 0.385135 1.000000
vt 0.378378 0.000000
vt 0.391892 1.000000
vt 0.385135 0.000000
vt 0.398649 1.000000
vt 0.391892 0.000000
vt 0.405405 1.000000
vt 0.398649 0.000000
vt 0.412162 1.000000
vt 0.405405 0.000000
vt 0.418919 1.000000
vt 0.412162 0.000000
vt 0.425676 1.000000
vt 0.418919 0.000000
vt 0.432432 1.000000
vt 0.425676 0.000000
vt 0.439189 1.000000
vt 0.432432 0.000000
vt 0.445946 1.000000
vt 0.439189 0.000000
vt 0.452703 1.000000
vt 0.445946 0.000000
vt 0.459459 1.000000
vt 0.452703 0.000000
vt 0.466216 1.000000
vt 0.459459 0.000000
vt 0.472973 1.000000
vt 0.466216 0.000000
vt 0.479730 1.000000
vt 0.472973 0.000000
vt 0.486486 1.000000
vt 0.479730 0.000000
vt 0.493243 1.000000
vt 0.486486 0.000000
vt 0.493243 0.000000
vt 0.506757 1.000000
vt 0.513514 1.000000
vt 0.506757 0.000000
vt 0.520270 1.000000
vt 0.513514 0.000000
vt 0.527027 1.000000
vt 0.520270 0.000000
vt 0.533784 1.000000
vt 0.527027 0.000000
vt 0.540541 1.000000
vt 0.533784 0.000000
vt 0.547297 1.000000
vt 0.540541 0.000000
vt 0.554054 1.000000
vt 0.547297 0.000000
vt 0.560811 1.000000
vt 0.554054 0.000000
vt 0.567568 1.000000
vt 0.560811 0.000000
vt 0.574324 1.000000
vt 0.567568 0.000000
vt 0.581081 1.000000
vt 0.574324 0.000000
vt 0.587838 1.000000
vt 0.581081 0.000000
vt 0.594595 1.000000
vt 0.587838 0.000000
vt 0.601351 1.000000
vt 0.594595 0.000000
vt 0.608108 1.000000
vt 0.601351 0.000000
vt 0.614865 1.000000
vt 0.608108 0.000000
vt 0.621622 1.000000
vt 0.614865 0.000000
vt 0.628378 1.000000
vt 0.621622 0.000000
vt 0.635135 1.000000
vt 0.628378 0.000000
vt 0.641892 1.000000
vt 0.635135 0.000000
vt 0.648649 1.000000
vt 0.641892 0.000000
vt 0.655405 1.000000
vt 0.648649 0.000000
vt 0.662162 1.000000
vt 0.655405 0.000000
vt 0.668919 1.000000
vt 0.662162 0.000000
vt 0.675676 1.000000
vt 0.668919 0.000000
vt 0.682432 1.000000
vt 0.675676 0.000000
vt 0.689189 1.000000
vt 0.682432 0.000000
vt 0.695946 1.000000
vt 0.689189 0.000000
vt 0.702703 1.000000
vt 0.695946 0.000000
vt 0.709459 1.000000
vt 0.702703 0.000000
vt 0.716216 1.000000
vt 0.709459 0.000000
vt 0.722973 1.000000
vt 0.716216 0.000000
vt 0.729730 1.000000
vt 0.722973 0.000000
vt 0.736486 1.000000
vt 0.729730 0.000000
vt 0.743243 1.000000
vt 0.736486 0.000000
vt 0.750000 1.000000
vt 0.743243 0.000000
vt 0.756757 1.000000
vt 0.763514 1.000000
vt 0.756757 0.000000
vt 0.770270 1.000000
vt 0.763514 0.000000
vt 0.777027 1.000000
vt 0.770270 0.000000
vt 0.783784 1.000000
vt 0.777027 0.000000
vt 0.790541 1.000000
vt 0.783784 0.000000
vt 0.797297 1.000000
vt 0.790541 0.000000
vt 0.804054 1.000000
vt 0.797297 0.000000
vt 0.810811 1.000000
vt 0.804054 0.000000
vt 0.817568 1.000000
vt 0.810811 0.000000
vt 0.824324 1.000000
vt 0.817568 0.000000
vt 0.831081 1.000000
vt 0.824324 0.000000
vt 0.837838 1.000000
vt 0.831081 0.000000
vt 0.844595 1.000000
vt 0.837838 0.000000
vt 0.851351 1.000000
vt 0.844595 0.000000
vt 0.858108 1.000000
vt 0.851351 0.000000
vt 0.864865 1.000000
vt 0.858108 0.000000
vt 0.871622 1.000000
vt 0.864865 0.000000
vt 0.878378 1.000000
vt 0.871622 0.000000
vt 0.885135 1.000000
vt 0.878378 0.000000
vt 0.891892 1.000000
vt 0.885135 0.000000
vt 0.898649 1.000000
vt 0.891892 0.000000
vt 0.905405 1.000000
vt 0.898649 0.000000
vt 0.912162 1.000000
vt 0.905405 0.000000
vt 0.918919 1.000000
vt 0.912162 0.000000
vt 0.925676 1.000000
vt 0.918919 0.000000
vt 0.932432 1.000000
vt 0.925676 0.000000
vt 0.939189 1.000000
vt 0.932432 0.000000
vt 0.945946 1.000000
vt 0.939189 0.000000
vt 0.952703 1.000000
vt 0.945946 0.000000
vt 0.959459 1.000000
vt 0.952703 0.000000
vt 0.966216 1.000000
vt 0.959459 0.000000
vt 0.972973 1.000000
vt 0.966216 0.000000
vt 0.979730 1.000000
vt 0.972973 0.000000
vt 0.986486 1.000000
vt 0.979730 0.000000
vt 0.993243 1.000000
vt 0.986486 0.000000
vt 0.993243 0.000000
vt 0.020833 1.000000
vt 0.041667 1.000000
vt 0.062500 1.000000
vt 0.083333 1.000000
vt 0.104167 1.000000
vt 0.125000 1.000000
vt 0.145833 1.000000
vt 0.166667 1.000000
vt 0.187500 1.000000
vt 0.208333 1.000000
vt 0.229167 1.000000
vt 0.270833 1.000000
vt 0.291667 1.000000
vt 0.312500 1.000000
vt 0.333333 1.000000
vt 0.354167 1.000000
vt 0.375000 1.000000
vt 0.395833 1.000000
vt 0.416667 1.000000
vt 0.437500 1.000000
vt 0.458333 1.000000
vt 0.479167 1.000000
vt 0.520833 1.000000
vt 0.541667 1.000000
vt 0.562500 1.000000
vt 0.583333 1.000000
vt 0.604167 1.000000
vt 0.625000 1.000000
vt 0.645833 1.000000
vt 0.666667 1.000000
vt 0.687500 1.000000
vt 0.708333 1.000000
vt 0.729167 1.000000
vt 0.770833 1.000000
vt 0.791667 1.000000
vt 0.812500 1.000000
vt 0.833333 1.000000
vt 0.854167 1.000000
vt 0.875000 1.000000
vt 0.895833 1.000000
vt 0.916667 1.000000
vt 0.937500 1.000000
vt 0.958333 1.000000
vt 0.979167 1.000000
vt 0.009174 1.000000
vt 0.018349 1.000000
vt 0.009174 0.000000
vt 0.027523 1.000000
vt 0.018349 0.000000
vt 0.036697 1.000000
vt 0.027523 0.000000
vt 0.045872 1.000000
vt 0.036697 0.000000
vt 0.055046 1.000000
vt 0.045872 0.000000
vt 0.064220 1.000000
vt 0.055046 0.000000
vt 0.073394 1.000000
vt 0.064220 0.000000
vt 0.082569 1.000000
vt 0.073394 0.000000
vt 0.091743 1.000000
vt 0.082569 0.000000
vt 0.100917 1.000000
vt 0.091743 0.000000
vt 0.110092 1.000000
vt 0.100917 0.000000
vt 0.119266 1.000000
vt 0.110092 0.000000
vt 0.128440 1.000000
vt 0.119266 0.000000
vt 0.137615 1.000000
vt 0.128440 0.000000
vt 0.146789 1.000000
vt 0.137615 0.000000
vt 0.155963 1.000000
vt 0.146789 0.000000
vt 0.165138 1.000000
vt 0.155963 0.000000
vt 0.174312 1.000000
vt 0.165138 0.000000
vt 0.183486 1.000000
vt 0.174312 0.000000
vt 0.192661 1.000000
vt 0.183486 0.000000
vt 0.201835 1.000000
vt 0.192661 0.000000
vt 0.211009 1.000000
vt 0.201835 0.000000
vt 0.220183 1.000000
vt 0.211009 0.000000
vt 0.229358 1.000000
vt 0.220183 0.000000
vt 0.238532 1.000000
vt 0.229358 0.000000
vt 0.247706 1.000000
vt 0.238532 0.000000
vt 0.256881 1.000000
vt 0.247706 0.000000
vt 0.266055 1.000000
vt 0.256881 0.000000
vt 0.275229 1.000000
vt 0.266055 0.000000
vt 0.284404 1.000000
vt 0.275229 0.000000
vt 0.293578 1.000000
vt 0.284404 0.000000
vt 0.302752 1.000000
vt 0.293578 0.000000
vt 0.311927 1.000000
vt 0.302752 0.000000
vt 0.321101 1.000000
vt 0.311927 0.000000
vt 0.330275 1.000000
vt 0.321101 0.000000
vt 0.339450 1.000000
vt 0.330275 0.000000
vt 0.348624 1.000000
vt 0.339450 0.000000
vt 0.357798 1.000000
vt 0.348624 0.000000
vt 0.366972 1.000000
vt 0.357798 0.000000
vt 0.376147 1.000000
vt 0.366972 0.000000
vt 0.385321 1.000000
vt 0.376147 0.000000
vt 0.394495 1.000000
vt 0.385321 0.000000
vt 0.403670 1.000000
vt 0.394495 0.000000
vt 0.412844 1.000000
vt 0.403670 0.000000
vt 0.422018 1.000000
vt 0.412844 0.000000
vt 0.431193 1.000000
vt 0.422018 0.000000
vt 0.440367 1.000000
vt 0.431193 0.000000
vt 0.449541 1.000000
vt 0.440367 0.000000
vt 0.458716 1.000000
vt 0.449541 0.000000
vt 0.467890 1.000000
vt 0.458716 0.000000
vt 0.477064 1.000000
vt 0.467890 0.000000
vt 0.486239 1.000000
vt 0.477064 0.000000
vt 0.495413 1.000000
vt 0.486239 0.000000
vt 0.504587 1.000000
vt 0.495413 0.000000
vt 0.513761 1.000000
vt 0.504587 0.000000
vt 0.522936 1.000000
vt 0.513761 0.000000
vt 0.532110 1.000000
vt 0.522936 0.000000
vt 0.541284 1.000000
vt 0.532110 0.000000
vt 0.550459 1.000000
vt 0.541284 0.000000
vt 0.559633 1.000000
vt 0.550459 0.000000
vt 0.568807 1.000000
vt 0.559633 0.000000
vt 0.577982 1.000000
vt 0.568807 0.000000
vt 0.587156 1.000000
vt 0.577982 0.000000
vt 0.596330 1.000000
vt 0.587156 0.000000
vt 0.605505 1.000000
vt 0.596330 0.000000
vt 0.614679 1.000000
vt 0.605505 0.000000
vt 0.623853 1.000000
vt 0.614679 0.000000
vt 0.633027 1.000000
vt 0.623853 0.000000
vt 0.642202 1.000000
vt 0.633027 0.000000
vt 0.651376 1.000000
vt 0.642202 0.000000
vt 0.660550 1.000000
vt 0.651376 0.000000
vt 0.669725 1.000000
vt 0.660550 0.000000
vt 0.678899 1.000000
vt 0.669725 0.000000
vt 0.688073 1.000000
vt 0.678899 0.000000
vt 0.697248 1.000000
vt 0.688073 0.000000
vt 0.706422 1.000000
vt 0.697248 0.000000
vt 0.715596 1.000000
vt 0.706422 0.000000
vt 0.724771 1.000000
vt 0.715596 0.000000
vt 0.733945 1.000000
vt 0.724771 0.000000
vt 0.743119 1.000000
vt 0.733945 0.000000
vt 0.752294 1.000000
vt 0.743119 0.000000
vt 0.761468 1.000000
vt 0.752294 0.000000
vt 0.770642 1.000000
vt 0.761468 0.000000
vt 0.779817 1.000000
vt 0.770642 0.000000
vt 0.788991 1.000000
vt 0.779817 0.000000
vt 0.798165 1.000000
vt 0.788991 0.000000
vt 0.807339 1.000000
vt 0.798165 0.000000
vt 0.816514 1.000000
vt 0.807339 0.000000
vt 0.825688 1.000000
vt 0.816514 0.000000
vt 0.834862 1.000000
vt 0.825688 0.000000
vt 0.844037 1.000000
vt 0.834862 0.000000
vt 0.853211 1.000000
vt 0.844037 0.000000
vt 0.862385 1.000000
vt 0.853211 0.000000
vt 0.871560 1.000000
vt 0.862385 0.000000
vt 0.880734 1.000000
vt 0.871560 0.000000
vt 0.889908 1.000000
vt 0.880734 0.000000
vt 0.899083 1.000000
vt 0.889908 0.000000
vt 0.908257 1.000000
vt 0.899083 0.000000
vt 0.917431 1.000000
vt 0.908257 0.000000
vt 0.926606 1.000000
vt 0.917431 0.000000
vt 0.935780 1.000000
vt 0.926606 0.000000
vt 0.944954 1.000000
vt 0.935780 0.000000
vt 0.954128 1.000000
vt 0.944954 0.000000
vt 0.963303 1.000000
vt 0.954128 0.000000
vt 0.972477 1.000000
vt 0.963303 0.000000
vt 0.981651 1.000000
vt 0.972477 0.000000
vt 0.990826 1.000000
vt 0.981651 0.000000
vt 0.990826 0.000000
vt 0.009709 1.000000
vt 0.019417 1.000000
vt 0.009709 0.000000
vt 0.029126 1.000000
vt 0.019417 0.000000
vt 0.038835 1.000000
vt 0.029126 0.000000
vt 0.048544 1.000000
vt 0.038835 0.000000
vt 0.058252 1.000000
vt 0.048544 0.000000
vt 0.067961 1.000000
vt 0.058252 0.000000
vt 0.077670 1.000000
vt 0.067961 0.000000
vt 0.087379 1.000000
vt 0.077670 0.000000
vt 0.097087 1.000000
vt 0.087379 0.000000
vt 0.106796 1.000000
vt 0.097087 0.000000
vt 0.116505 1.000000
vt 0.106796 0.000000
vt 0.126214 1.000000
vt 0.116505 0.000000
vt 0.135922 1.000000
vt 0.126214 0.000000
vt 0.145631 1.000000
vt 0.135922 0.000000
vt 0.155340 1.000000
vt 0.145631 0.000000
vt 0.165049 1.000000
vt 0.155340 0.000000
vt 0.174757 1.000000
vt 0.165049 0.000000
vt 0.184466 1.000000
vt 0.174757 0.000000
vt 0.194175 1.000000
vt 0.184466 0.000000
vt 0.203883 1.000000
vt 0.194175 0.000000
vt 0.213592 1.000000
vt 0.203883 0.000000
vt 0.223301 1.000000
vt 0.213592 0.000000
vt 0.233010 1.000000
vt 0.223301 0.000000
vt 0.242718 1.000000
vt 0.233010 0.000000
vt 0.252427 1.000000
vt 0.242718 0.000000
vt 0.262136 1.000000
vt 0.252427 0.000000
vt 0.271845 1.000000
vt 0.262136 0.000000
vt 0.281553 1.000000
vt 0.271845 0.000000
vt 0.291262 1.000000
vt 0.281553 0.000000
vt 0.300971 1.000000
vt 0.291262 0.000000
vt 0.310680 1.000000
vt 0.300971 0.000000
vt 0.320388 1.000000
vt 0.310680 0.000000
vt 0.330097 1.000000
vt 0.320388 0.000000
vt 0.339806 1.000000
vt 0.330097 0.000000
vt 0.349515 1.000000
vt 0.339806 0.000000
vt 0.359223 1.000000
vt 0.349515 0.000000
vt 0.368932 1.000000
vt 0.359223 0.000000
vt 0.378641 1.000000
vt 0.368932 0.000000
vt 0.388350 1.000000
vt 0.378641 0.000000
vt 0.398058 1.000000
vt 0.388350 0.000000
vt 0.407767 1.000000
vt 0.398058 0.000000
vt 0.417476 1.000000
vt 0.407767 0.000000
vt 0.427184 1.000000
vt 0.417476 0.000000
vt 0.436893 1.000000
vt 0.427184 0.000000
vt 0.446602 1.000000
vt 0.436893 0.000000
vt 0.456311 1.000000
vt 0.446602 0.000000
vt 0.466019 1.000000
vt 0.456311 0.000000
vt 0.475728 1.000000
vt 0.466019 0.000000
vt 0.485437 1.000000
vt 0.475728 0.000000
vt 0.495146 1.000000
vt 0.485437 0.000000
vt 0.504854 1.000000
vt 0.495146 0.000000
vt 0.514563 1.000000
vt 0.504854 0.000000
vt 0.524272 1.000000
vt 0.514563 0.000000
vt 0.533981 1.000000
vt 0.524272 0.000000
vt 0.543689 1.000000
vt 0.533981 0.000000
vt 0.553398 1.000000
vt 0.543689 0.000000
vt 0.563107 1.000000
vt 0.553398 0.000000
vt 0.572816 1.000000
vt 0.563107 0.000000
vt 0.582524 1.000000
vt 0.572816 0.000000
vt 0.592233 1.000000
vt 0.582524 0.000000
vt 0.601942 1.000000
vt 0.592233 0.000000
vt 0.611650 1.000000
vt 0.601942 0.000000
vt 0.621359 1.000000
vt 0.611650 0.000000
vt 0.631068 1.000000
vt 0.621359 0.000000
vt 0.640777 1.000000
vt 0.631068 0.000000
vt 0.650485 1.000000
vt 0.640777 0.000000
vt 0.660194 1.000000
vt 0.650485 0.000000
vt 0.669903 1.000000
vt 0.660194 0.000000
vt 0.679612 1.000000
vt 0.669903 0.000000
vt 0.689320 1.000000
vt 0.679612 0.000000
vt 0.699029 1.000000
vt 0.689320 0.000000
vt 0.708738 1.000000
vt 0.699029 0.000000
vt 0.718447 1.000000
vt 0.708738 0.000000
vt 0.728155 1.000000
vt 0.718447 0.000000
vt 0.737864 1.000000
vt 0.728155 0.000000
vt 0.747573 1.000000
vt 0.737864 0.000000
vt 0.757282 1.000000
vt 0.747573 0.000000
vt 0.766990 1.000000
vt 0.757282 0.000000
vt 0.776699 1.000000
vt 0.766990 0.000000
vt 0.786408 1.000000
vt 0.776699 0.000000
vt 0.796117 1.000000
vt 0.786408 0.000000
vt 0.805825 1.000000
vt 0.796117 0.000000
vt 0.815534 1.000000
vt 0.805825 0.000000
vt 0.825243 1.000000
vt 0.815534 0.000000
vt 0.834951 1.000000
vt 0.825243 0.000000
vt 0.844660 1.000000
vt 0.834951 0.000000
vt 0.854369 1.000000
vt 0.844660 0.000000
vt 0.864078 1.000000
vt 0.854369 0.000000
vt 0.873786 1.000000
vt 0.864078 0.000000
vt 0.883495 1.000000
vt 0.873786 0.000000
vt 0.893204 1.000000
vt 0.883495 0.000000
vt 0.902913 1.000000
vt 0.893204 0.000000
vt 0.912621 1.000000
vt 0.902913 0.000000
vt 0.922330 1.000000
vt 0.912621 0.000000
vt 0.932039 1.000000
vt 0.922330 0.000000
vt 0.941748 1.000000
vt 0.932039 0.000000
vt 0.951456 1.000000
vt 0.941748 0.000000
vt 0.961165 1.000000
vt 0.951456 0.000000
vt 0.970874 1.000000
vt 0.961165 0.000000
vt 0.980583 1.000000
vt 0.970874 0.000000
vt 0.990291 1.000000
vt 0.980583 0.000000
vt 0.990291 0.000000
vt 0.007194 1.000000
vt 0.014388 1.000000
vt 0.007194 0.000000
vt 0.021583 1.000000
vt 0.014388 0.000000
vt 0.028777 1.000000
vt 0.021583 0.000000
vt 0.035971 1.000000
vt 0.028777 0.000000
vt 0.043165 1.000000
vt 0.035971 0.000000
vt 0.050360 1.000000
vt 0.043165 0.000000
vt 0.057554 1.000000
vt 0.050360 0.000000
vt 0.064748 1.000000
vt 0.057554 0.000000
vt 0.071942 1.000000
vt 0.064748 0.000000
vt 0.079137 1.000000
vt 0.071942 0.000000
vt 0.086331 1.000000
vt 0.079137 0.000000
vt 0.093525 1.000000
vt 0.086331 0.000000
vt 0.100719 1.000000
vt 0.093525 0.000000
vt 0.107914 1.000000
vt 0.100719 0.000000
vt 0.115108 1.000000
vt 0.107914 0.000000
vt 0.122302 1.000000
vt 0.115108 0.000000
vt 0.129496 1.000000
vt 0.122302 0.000000
vt 0.136691 1.000000
vt 0.129496 0.000000
vt 0.143885 1.000000
vt 0.136691 0.000000
vt 0.151079 1.000000
vt 0.143885 0.000000
vt 0.158273 1.000000
vt 0.151079 0.000000
vt 0.165468 1.000000
vt 0.158273 0.000000
vt 0.172662 1.000000
vt 0.165468 0.000000
vt 0.179856 1.000000
vt 0.172662 0.000000
vt 0.187050 1.000000
vt 0.179856 0.000000
vt 0.194245 1.000000
vt 0.187050 0.000000
vt 0.201439 1.000000
vt 0.194245 0.000000
vt 0.208633 1.000000
vt 0.201439 0.000000
vt 0.215827 1.000000
vt 0.208633 0.000000
vt 0.223022 1.000000
vt 0.215827 0.000000
vt 0.230216 1.000000
vt 0.223022 0.000000
vt 0.237410 1.000000
vt 0.230216 0.000000
vt 0.244604 1.000000
vt 0.237410 0.000000
vt 0.251799 1.000000
vt 0.244604 0.000000
vt 0.258993 1.000000
vt 0.251799 0.000000
vt 0.266187 1.000000
vt 0.258993 0.000000
vt 0.273381 1.000000
vt 0.266187 0.000000
vt 0.280576 1.000000
vt 0.273381 0.000000
vt 0.287770 1.000000
vt 0.280576 0.000000
vt 0.294964 1.000000
vt 0.287770 0.000000
vt 0.302158 1.000000
vt 0.294964 0.000000
vt 0.309353 1.000000
vt 0.302158 0.000000
vt 0.316547 1.000000
vt 0.309353 0.000000
vt 0.323741 1.000000
vt 0.316547 0.000000
vt 0.330935 1.000000
vt 0.323741 0.000000
vt 0.338129 1.000000
vt 0.330935 0.000000
vt 0.345324 1.000000
vt 0.338129 0.000000
vt 0.352518 1.000000
vt 0.345324 0.000000
vt 0.359712 1.000000
vt 0.352518 0.000000
vt 0.366906 1.000000
vt 0.359712 0.000000
vt 0.374101 1.000000
vt 0.366906 0.000000
vt 0.381295 1.000000
vt 0.374101 0.000000
vt 0.388489 1.000000
vt 0.381295 0.000000
vt 0.395683 1.000000
vt 0.388489 0.000000
vt 0.402878 1.000000
vt 0.395683 0.000000
vt 0.410072 1.000000
vt 0.402878 0.000000
vt 0.417266 1.000000
vt 0.410072 0.000000
vt 0.424460 1.000000
vt 0.417266 0.000000
vt 0.431655 1.000000
vt 0.424460 0.000000
vt 0.438849 1.000000
vt 0.431655 0.000000
vt 0.446043 1.000000
vt 0.438849 0.000000
vt 0.453237 1.000000
vt 0.446043 0.000000
vt 0.460432 1.000000
vt 0.453237 0.000000
vt 0.467626 1.000000
vt 0.460432 0.000000
vt 0.474820 1.000000
vt 0.467626 0.000000
vt 0.482014 1.000000
vt 0.474820 0.000000
vt 0.489209 1.000000
vt 0.482014 0.000000
vt 0.496403 1.000000
vt 0.489209 0.000000
vt 0.503597 1.000000
vt 0.496403 0.000000
vt 0.510791 1.000000
vt 0.503597 0.000000
vt 0.517986 1.000000
vt 0.510791 0.000000
vt 0.525180 1.000000
vt 0.517986 0.000000
vt 0.532374 1.000000
vt 0.525180 0.000000
vt 0.539568 1.000000
vt 0.532374 0.000000
vt 0.546763 1.000000
vt 0.539568 0.000000
vt 0.553957 1.000000
vt 0.546763 0.000000
vt 0.561151 1.000000
vt 0.553957 0.000000
vt 0.568345 1.000000
vt 0.561151 0.000000
vt 0.575540 1.000000
vt 0.568345 0.000000
vt 0.582734 1.000000
vt 0.575540 0.000000
vt 0.589928 1.000000
vt 0.582734 0.000000
vt 0.597122 1.000000
vt 0.589928 0.000000
vt 0.604317 1.000000
vt 0.597122 0.000000
vt 0.611511 1.000000
vt 0.604317 0.000000
vt 0.618705 1.000000
vt 0.611511 0.000000
vt 0.625899 1.000000
vt 0.618705 0.000000
vt 0.633094 1.000000
vt 0.625899 0.000000
vt 0.640288 1.000000
vt 0.633094 0.000000
vt 0.647482 1.000000
vt 0.640288 0.000000
vt 0.654676 1.000000
vt 0.647482 0.000000
vt 0.661870 1.000000
vt 0.654676 0.000000
vt 0.669065 1.000000
vt 0.661870 0.000000
vt 0.676259 1.000000
vt 0.669065 0.000000
vt 0.683453 1.000000
vt 0.676259 0.000000
vt 0.690647 1.000000
vt 0.683453 0.000000
vt 0.697842 1.000000
vt 0.690647 0.000000
vt 0.705036 1.000000
vt 0.697842 0.000000
vt 0.712230 1.000000
vt 0.705036 0.000000
vt 0.719424 1.000000
vt 0.712230 0.000000
vt 0.726619 1.000000
vt 0.719424 0.000000
vt 0.733813 1.000000
vt 0.726619 0.000000
vt 0.741007 1.000000
vt 0.733813 0.000000
vt 0.748201 1.000000
vt 0.741007 0.000000
vt 0.755396 1.000000
vt 0.748201 0.000000
vt 0.762590 1.000000
vt 0.755396 0.000000
vt 0.769784 1.000000
vt 0.762590 0.000000
vt 0.776978 1.000000
vt 0.769784 0.000000
vt 0.784173 1.000000
vt 0.776978 0.000000
vt 0.791367 1.000000
vt 0.784173 0.000000
vt 0.798561 1.000000
vt 0.791367 0.000000
vt 0.805755 1.000000
vt 0.798561 0.000000
vt 0.812950 1.000000
vt 0.805755 0.000000
vt 0.820144 1.000000
vt 0.812950 0.000000
vt 0.827338 1.000000
vt 0.820144 0.000000
vt 0.834532 1.000000
vt 0.827338 0.000000
vt 0.841727 1.000000
vt 0.834532 0.000000
vt 0.848921 1.000000
vt 0.841727 0.000000
vt 0.856115 1.000000
vt 0.848921 0.000000
vt 0.863309 1.000000
vt 0.856115 0.000000
vt 0.870504 1.000000
vt 0.863309 0.000000
vt 0.877698 1.000000
vt 0.870504 0.000000
vt 0.884892 1.000000
vt 0.877698 0.000000
vt 0.892086 1.000000
vt 0.884892 0.000000
vt 0.899281 1.000000
vt 0.892086 0.000000
vt 0.906475 1.000000
vt 0.899281 0.000000
vt 0.913669 1.000000
vt 0.906475 0.000000
vt 0.920863 1.000000
vt 0.913669 0.000000
vt 0.928058 1.000000
vt 0.920863 0.000000
vt 0.935252 1.000000
vt 0.928058 0.000000
vt 0.942446 1.000000
vt 0.935252 0.000000
vt 0.949640 1.000000
vt 0.942446 0.000000
vt 0.956835 1.000000
vt 0.949640 0.000000
vt 0.964029 1.000000
vt 0.956835 0.000000
vt 0.971223 1.000000
vt 0.964029 0.000000
vt 0.978417 1.000000
vt 0.971223 0.000000
vt 0.985611 1.000000
vt 0.978417 0.000000
vt 0.992806 1.000000
vt 0.985611 0.000000
vt 0.992806 0.000000
vt 0.006369 1.000000
vt 0.012739 1.000000
vt 0.006369 0.000000
vt 0.019108 1.000000
vt 0.012739 0.000000
vt 0.025478 1.000000
vt 0.019108 0.000000
vt 0.031847 1.000000
vt 0.025478 0.000000
vt 0.038217 1.000000
vt 0.031847 0.000000
vt 0.044586 1.000000
vt 0.038217 0.000000
vt 0.050955 1.000000
vt 0.044586 0.000000
vt 0.057325 1.000000
vt 0.050955 0.000000
vt 0.063694 1.000000
vt 0.057325 0.000000
vt 0.070064 1.000000
vt 0.063694 0.000000
vt 0.076433 1.000000
vt 0.070064 0.000000
vt 0.082803 1.000000
vt 0.076433 0.000000
vt 0.089172 1.000000
vt 0.082803 0.000000
vt 0.095541 1.000000
vt 0.089172 0.000000
vt 0.101911 1.000000
vt 0.095541 0.000000
vt 0.108280 1.000000
vt 0.101911 0.000000
vt 0.114650 1.000000
vt 0.108280 0.000000
vt 0.121019 1.000000
vt 0.114650 0.000000
vt 0.127389 1.000000
vt 0.121019 0.000000
vt 0.133758 1.000000
vt 0.127389 0.000000
vt 0.140127 1.000000
vt 0.133758 0.000000
vt 0.146497 1.000000
vt 0.140127 0.000000
vt 0.152866 1.000000
vt 0.146497 0.000000
vt 0.159236 1.000000
vt 0.152866 0.000000
vt 0.165605 1.000000
vt 0.159236 0.000000
vt 0.171975 1.000000
vt 0.165605 0.000000
vt 0.178344 1.000000
vt 0.171975 0.000000
vt 0.184713 1.000000
vt 0.178344 0.000000
vt 0.191083 1.000000
vt 0.184713 0.000000
vt 0.197452 1.000000
vt 0.191083 0.000000
vt 0.203822 1.000000
vt 0.197452 0.000000
vt 0.210191 1.000000
vt 0.203822 0.000000
vt 0.216561 1.000000
vt 0.210191 0.000000
vt 0.222930 1.000000
vt 0.216561 0.000000
vt 0.229299 1.000000
vt 0.222930 0.000000
vt 0.235669 1.000000
vt 0.229299 0.000000
vt 0.242038 1.000000
vt 0.235669 0.000000
vt 0.248408 1.000000
vt 0.242038 0.000000
vt 0.254777 1.000000
vt 0.248408 0.000000
vt 0.261146 1.000000
vt 0.254777 0.000000
vt 0.267516 1.000000
vt 0.261146 0.000000
vt 0.273885 1.000000
vt 0.267516 0.000000
vt 0.280255 1.000000
vt 0.273885 0.000000
vt 0.286624 1.000000
vt 0.280255 0.000000
vt 0.292994 1.000000
vt 0.286624 0.000000
vt 0.299363 1.000000
vt 0.292994 0.000000
vt 0.305732 1.000000
vt 0.299363 0.000000
vt 0.312102 1.000000
vt 0.305732 0.000000
vt 0.318471 1.000000
vt 0.312102 0.000000
vt 0.324841 1.000000
vt 0.318471 0.000000
vt 0.331210 1.000000
vt 0.324841 0.000000
vt 0.337580 1.000000
vt 0.331210 0.000000
vt 0.343949 1.000000
vt 0.337580 0.000000
vt 0.350318 1.000000
vt 0.343949 0.000000
vt 0.356688 1.000000
vt 0.350318 0.000000
vt 0.363057 1.000000
vt 0.356688 0.000000
vt 0.369427 1.000000
vt 0.363057 0.000000
vt 0.375796 1.000000
vt 0.369427 0.000000
vt 0.382166 1.000000
vt 0.375796 0.000000
vt 0.388535 1.000000
vt 0.382166 0.000000
vt 0.394904 1.000000
vt 0.388535 0.000000
vt 0.401274 1.000000
vt 0.394904 0.000000
vt 0.407643 1.000000
vt 0.401274 0.000000
vt 0.414013 1.000000
vt 0.407643 0.000000
vt 0.420382 1.000000
vt 0.414013 0.000000
vt 0.426752 1.000000
vt 0.420382 0.000000
vt 0.433121 1.000000
vt 0.426752 0.000000
vt 0.439490 1.000000
vt 0.433121 0.000000
vt 0.445860 1.000000
vt 0.439490 0.000000
vt 0.452229 1.000000
vt 0.445860 0.000000
vt 0.458599 1.000000
vt 0.452229 0.000000
vt 0.464968 1.000000
vt 0.458599 0.000000
vt 0.471338 1.000000
vt 0.464968 0.000000
vt 0.477707 1.000000
vt 0.471338 0.000000
vt 0.484076 1.000000
vt 0.477707 0.000000
vt 0.490446 1.000000
vt 0.484076 0.000000
vt 0.496815 1.000000
vt 0.490446 0.000000
vt 0.503185 1.000000
vt 0.496815 0.000000
vt 0.509554 1.000000
vt 0.503185 0.000000
vt 0.515924 1.000000
vt 0.509554 0.000000
vt 0.522293 1.000000
vt 0.515924 0.000000
vt 0.528662 1.000000
vt 0.522293 0.000000
vt 0.535032 1.000000
vt 0.528662 0.000000
vt 0.541401 1.000000
vt 0.535032 0.000000
vt 0.547771 1.000000
vt 0.541401 0.000000
vt 0.554140 1.000000
vt 0.547771 0.000000
vt 0.560510 1.000000
vt 0.554140 0.000000
vt 0.566879 1.000000
vt 0.560510 0.000000
vt 0.573248 1.000000
vt 0.566879 0.000000
vt 0.579618 1.000000
vt 0.573248 0.000000
vt 0.585987 1.000000
vt 0.579618 0.000000
vt 0.592357 1.000000
vt 0.585987 0.000000
vt 0.598726 1.000000
vt 0.592357 0.000000
vt 0.605096 1.000000
vt 0.598726 0.000000
vt 0.611465 1.000000
vt 0.605096 0.000000
vt 0.617834 1.000000
vt 0.611465 0.000000
vt 0.624204 1.000000
vt 0.617834 0.000000
vt 0.630573 1.000000
vt 0.624204 0.000000
vt 0.636943 1.000000
vt 0.630573 0.000000
vt 0.643312 1.000000
vt 0.636943 0.000000
vt 0.649682 1.000000
vt 0.643312 0.000000
vt 0.656051 1.000000
vt 0.649682 0.000000
vt 0.662420 1.000000
vt 0.656051 0.000000
vt 0.668790 1.000000
vt 0.662420 0.000000
vt 0.675159 1.000000
vt 0.668790 0.000000
vt 0.681529 1.000000
vt 0.675159 0.000000
vt 0.687898 1.000000
vt 0.681529 0.000000
vt 0.694268 1.000000
vt 0.687898 0.000000
vt 0.700637 1.000000
vt 0.694268 0.000000
vt 0.707006 1.000000
vt 0.700637 0.000000
vt 0.713376 1.000000
vt 0.707006 0.000000
vt 0.719745 1.000000
vt 0.713376 0.000000
vt 0.726115 1.000000
vt 0.719745 0.000000
vt 0.732484 1.000000
vt 0.726115 0.000000
vt 0.738854 1.000000
vt 0.732484 0.000000
vt 0.745223 1.000000
vt 0.738854 0.000000
vt 0.751592 1.000000
vt 0.745223 0.000000
vt 0.757962 1.000000
vt 0.751592 0.000000
vt 0.764331 1.000000
vt 0.757962 0.000000
vt 0.770701 1.000000
vt 0.764331 0.000000
vt 0.777070 1.000000
vt 0.770701 0.000000
vt 0.783440 1.000000
vt 0.777070 0.000000
vt 0.789809 1.000000
vt 0.783440 0.000000
vt 0.796178 1.000000
vt 0.789809 0.000000
vt 0.802548 1.000000
vt 0.796178 0.000000
vt 0.808917 1.000000
vt 0.802548 0.000000
vt 0.815287 1.000000
vt 0.808917 0.000000
vt 0.821656 1.000000
vt 0.815287 0.000000
vt 0.828025 1.000000
vt 0.821656 0.000000
vt 0.834395 1.000000
vt 0.828025 0.000000
vt 0.840764 1.000000
vt 0.834395 0.000000
vt 0.847134 1.000000
vt 0.840764 0.000000
vt 0.853503 1.000000
vt 0.847134 0.000000
vt 0.859873 1.000000
vt 0.853503 0.000000
vt 0.866242 1.000000
vt 0.859873 0.000000
vt 0.872611 1.000000
vt 0.866242 0.000000
vt 0.878981 1.000000
vt 0.872611 0.000000
vt 0.885350 1.000000
vt 0.878981 0.000000
vt 0.891720 1.000000
vt 0.885350 0.000000
vt 0.898089 1.000000
vt 0.891720 0.000000
vt 0.904459 1.000000
vt 0.898089 0.000000
vt 0.910828 1.000000
vt 0.904459 0.000000
vt 0.917197 1.000000
vt 0.910828 0.000000
vt 0.923567 1.000000
vt 0.917197 0.000000
vt 0.929936 1.000000
vt 0.923567 0.000000
vt 0.936306 1.000000
vt 0.929936 0.000000
vt 0.942675 1.000000
vt 0.936306 0.000000
vt 0.949045 1.000000
vt 0.942675 0.000000
vt 0.955414 1.000000
vt 0.949045 0.000000
vt 0.961783 1.000000
vt 0.955414 0.000000
vt 0.968153 1.000000
vt 0.961783 0.000000
vt 0.974522 1.000000
vt 0.968153 0.000000
vt 0.980892 1.000000
vt 0.974522 0.000000
vt 0.987261 1.000000
vt 0.980892 0.000000
vt 0.993631 1.000000
vt 0.987261 0.000000
vt 0.993631 0.000000
vt 0.040000 1.000000
vt 0.080000 1.000000
vt 0.040000 0.000000
vt 0.120000 1.000000
vt 0.080000 0.000000
vt 0.160000 1.000000
vt 0.120000 0.000000
vt 0.200000 1.000000
vt 0.160000 0.000000
vt 0.240000 1.000000
vt 0.280000 1.000000
vt 0.240000 0.000000
vt 0.320000 1.000000
vt 0.280000 0.000000
vt 0.360000 1.000000
vt 0.320000 0.000000
vt 0.400000 1.000000
vt 0.360000 0.000000
vt 0.440000 1.000000
vt 0.480000 1.000000
vt 0.440000 0.000000
vt 0.520000 1.000000
vt 0.480000 0.000000
vt 0.560000 1.000000
vt 0.520000 0.000000
vt 0.600000 1.000000
vt 0.560000 0.000000
vt 0.640000 1.000000
vt 0.680000 1.000000
vt 0.640000 0.000000
vt 0.720000 1.000000
vt 0.680000 0.000000
vt 0.760000 1.000000
vt 0.720000 0.000000
vt 0.800000 1.000000
vt 0.760000 0.000000
vt 0.840000 1.000000
vt 0.880000 1.000000
vt 0.840000 0.000000
vt 0.920000 1.000000
vt 0.880000 0.000000
vt 0.960000 1.000000
vt 0.920000 0.000000
vt 0.960000 0.000000
s 0
usemtl マテリアル.001
f 177/1/1 179/2/1 178/3/1
f 177/1/1 180/4/1 179/2/1
f 176/5/1 180/4/1 177/1/1
f 176/5/1 181/6/1 180/4/1
f 139/7/1 2/8/1 1/9/1
f 137/10/1 135/11/1 138/12/1
f 135/11/1 139/7/1 138/12/1
f 135/11/1 2/8/1 139/7/1
f 175/13/1 181/6/1 176/5/1
f 175/13/1 309/14/1 181/6/1
f 309/14/1 182/15/1 181/6/1
f 175/13/1 310/16/1 309/14/1
f 308/17/1 182/15/1 309/14/1
f 174/18/1 310/16/1 175/13/1
f 135/11/1 3/19/1 2/8/1
f 308/17/1 183/20/1 182/15/1
f 174/18/1 311/21/1 310/16/1
f 307/22/1 183/20/1 308/17/1
f 173/23/1 311/21/1 174/18/1
f 135/11/1 134/24/1 3/19/1
f 134/24/1 4/25/1 3/19/1
f 307/22/1 184/26/1 183/20/1
f 173/23/1 312/27/1 311/21/1
f 306/28/1 184/26/1 307/22/1
f 173/23/1 313/29/1 312/27/1
f 137/10/1 136/30/1 135/11/1
f 133/31/1 4/25/1 134/24/1
f 305/32/1 184/26/1 306/28/1
f 172/33/1 313/29/1 173/23/1
f 133/31/1 5/34/1 4/25/1
f 305/32/1 185/35/1 184/26/1
f 172/33/1 314/36/1 313/29/1
f 304/37/1 185/35/1 305/32/1
f 132/38/1 5/34/1 133/31/1
f 171/39/1 314/36/1 172/33/1
f 304/37/1 186/40/1 185/35/1
f 132/38/1 6/41/1 5/34/1
f 171/39/1 315/42/1 314/36/1
f 303/43/1 186/40/1 304/37/1
f 131/44/1 6/41/1 132/38/1
f 303/43/1 187/45/1 186/40/1
f 171/39/1 316/46/1 315/42/1
f 170/47/1 316/46/1 171/39/1
f 302/48/1 187/45/1 303/43/1
f 131/44/1 7/49/1 6/41/1
f 130/50/1 7/49/1 131/44/1
f 170/47/1 317/51/1 316/46/1
f 301/52/1 187/45/1 302/48/1
f 301/52/1 188/53/1 187/45/1
f 169/54/1 317/51/1 170/47/1
f 130/50/1 8/55/1 7/49/1
f 169/54/1 318/56/1 317/51/1
f 300/57/1 188/53/1 301/52/1
f 129/58/1 8/55/1 130/50/1
f 300/57/1 189/59/1 188/53/1
f 168/60/1 318/56/1 169/54/1
f 168/60/1 319/61/1 318/56/1
f 299/62/1 189/59/1 300/57/1
f 299/62/1 190/63/1 189/59/1
f 129/58/1 9/64/1 8/55/1
f 128/65/1 9/64/1 129/58/1
f 167/66/1 319/61/1 168/60/1
f 167/66/1 320/67/1 319/61/1
f 298/68/1 190/63/1 299/62/1
f 298/68/1 191/69/1 190/63/1
f 167/66/1 321/70/1 320/67/1
f 166/71/1 321/70/1 167/66/1
f 297/72/1 191/69/1 298/68/1
f 297/72/1 192/73/1 191/69/1
f 127/74/1 9/64/1 128/65/1
f 127/74/1 10/75/1 9/64/1
f 297/72/1 193/76/1 192/73/1
f 297/72/1 194/77/1 193/76/1
f 166/71/1 297/72/1 321/70/1
f 166/71/1 194/77/1 297/72/1
f 165/78/1 194/77/1 166/71/1
f 165/78/1 215/79/1 194/77/1
f 215/79/1 195/80/1 194/77/1
f 164/81/1 142/82/1 165/78/1
f 142/82/1 215/79/1 165/78/1
f 142/82/1 216/83/1 215/79/1
f 214/84/1 195/80/1 215/79/1
f 164/81/1 143/85/1 142/82/1
f 141/86/1 216/83/1 142/82/1
f 214/84/1 196/87/1 195/80/1
f 163/88/1 143/85/1 164/81/1
f 213/89/1 196/87/1 214/84/1
f 126/90/1 10/75/1 127/74/1
f 163/88/1 144/91/1 143/85/1
f 162/92/1 144/91/1 163/88/1
f 126/90/1 11/93/1 10/75/1
f 213/89/1 197/94/1 196/87/1
f 212/95/1 197/94/1 213/89/1
f 162/92/1 145/96/1 144/91/1
f 161/97/1 145/96/1 162/92/1
f 211/98/1 197/94/1 212/95/1
f 211/98/1 198/99/1 197/94/1
f 161/97/1 146/100/1 145/96/1
f 210/101/1 198/99/1 211/98/1
f 160/102/1 146/100/1 161/97/1
f 210/101/1 199/103/1 198/99/1
f 160/102/1 147/104/1 146/100/1
f 209/105/1 199/103/1 210/101/1
f 159/106/1 147/104/1 160/102/1
f 209/105/1 200/107/1 199/103/1
f 208/108/1 200/107/1 209/105/1
f 159/106/1 148/109/1 147/104/1
f 125/110/1 11/93/1 126/90/1
f 158/111/1 148/109/1 159/106/1
f 207/112/1 200/107/1 208/108/1
f 158/111/1 149/113/1 148/109/1
f 207/112/1 201/114/1 200/107/1
f 125/110/1 12/115/1 11/93/1
f 206/116/1 201/114/1 207/112/1
f 157/117/1 149/113/1 158/111/1
f 157/117/1 150/118/1 149/113/1
f 206/116/1 202/119/1 201/114/1
f 205/120/1 202/119/1 206/116/1
f 157/117/1 151/121/1 150/118/1
f 156/122/1 151/121/1 157/117/1
f 204/123/1 202/119/1 205/120/1
f 204/123/1 203/124/1 202/119/1
f 156/122/1 152/125/1 151/121/1
f 155/126/1 152/125/1 156/122/1
f 124/127/1 12/115/1 125/110/1
f 155/126/1 153/128/1 152/125/1
f 154/129/1 153/128/1 155/126/1
f 124/127/1 13/130/1 12/115/1
f 140/131/1 216/83/1 141/86/1
f 296/132/1 217/133/1 140/131/1
f 217/133/1 216/83/1 140/131/1
f 296/132/1 218/134/1 217/133/1
f 123/135/1 13/130/1 124/127/1
f 123/135/1 14/136/1 13/130/1
f 122/137/1 14/136/1 123/135/1
f 122/137/1 15/138/1 14/136/1
f 121/139/1 15/138/1 122/137/1
f 121/139/1 16/140/1 15/138/1
f 120/141/1 16/140/1 121/139/1
f 120/141/1 17/142/1 16/140/1
f 119/143/1 17/142/1 120/141/1
f 294/144/1 336/145/1 295/146/1
f 336/145/1 296/132/1 295/146/1
f 336/145/1 218/134/1 296/132/1
f 336/145/1 219/147/1 218/134/1
f 336/145/1 335/148/1 219/147/1
f 335/148/1 341/149/1 219/147/1
f 341/149/1 340/150/1 219/147/1
f 340/150/1 220/151/1 219/147/1
f 119/143/1 18/152/1 17/142/1
f 118/153/1 18/152/1 119/143/1
f 118/153/1 19/154/1 18/152/1
f 117/155/1 19/154/1 118/153/1
f 117/155/1 20/156/1 19/154/1
f 116/157/1 20/156/1 117/155/1
f 294/144/1 337/158/1 336/145/1
f 334/159/1 341/149/1 335/148/1
f 334/159/1 342/160/1 341/149/1
f 339/161/1 220/151/1 340/150/1
f 116/157/1 21/162/1 20/156/1
f 115/163/1 21/162/1 116/157/1
f 115/163/1 22/164/1 21/162/1
f 114/165/1 22/164/1 115/163/1
f 113/166/1 22/164/1 114/165/1
f 113/166/1 23/167/1 22/164/1
f 112/168/1 23/167/1 113/166/1
f 112/168/1 24/169/1 23/167/1
f 111/170/1 24/169/1 112/168/1
f 111/170/1 25/171/1 24/169/1
f 110/172/1 25/171/1 111/170/1
f 333/173/1 342/160/1 334/159/1
f 110/172/1 26/174/1 25/171/1
f 333/173/1 338/175/1 342/160/1
f 332/176/1 338/175/1 333/173/1
f 331/177/1 338/175/1 332/176/1
f 109/178/1 26/174/1 110/172/1
f 330/179/1 338/175/1 331/177/1
f 108/180/1 26/174/1 109/178/1
f 108/180/1 27/181/1 26/174/1
f 329/182/1 338/175/1 330/179/1
f 328/183/1 338/175/1 329/182/1
f 107/184/1 27/181/1 108/180/1
f 327/185/1 338/175/1 328/183/1
f 326/186/1 338/175/1 327/185/1
f 107/184/1 28/187/1 27/181/1
f 106/188/1 28/187/1 107/184/1
f 325/189/1 338/175/1 326/186/1
f 324/190/1 338/175/1 325/189/1
f 105/191/1 28/187/1 106/188/1
f 323/192/1 338/175/1 324/190/1
f 105/191/1 29/193/1 28/187/1
f 104/194/1 29/193/1 105/191/1
f 322/195/1 338/175/1 323/192/1
f 294/144/1 322/195/1 337/158/1
f 294/144/1 338/175/1 322/195/1
f 294/144/1 339/161/1 338/175/1
f 294/144/1 220/151/1 339/161/1
f 103/196/1 29/193/1 104/194/1
f 103/196/1 30/197/1 29/193/1
f 102/198/1 30/197/1 103/196/1
f 101/199/1 30/197/1 102/198/1
f 100/200/1 30/197/1 101/199/1
f 100/200/1 31/201/1 30/197/1
f 99/202/1 31/201/1 100/200/1
f 98/203/1 31/201/1 99/202/1
f 97/204/1 31/201/1 98/203/1
f 97/204/1 32/205/1 31/201/1
f 96/206/1 32/205/1 97/204/1
f 95/207/1 32/205/1 96/206/1
f 94/208/1 32/205/1 95/207/1
f 93/209/1 32/205/1 94/208/1
f 92/210/1 32/205/1 93/209/1
f 91/211/1 32/205/1 92/210/1
f 90/212/1 32/205/1 91/211/1
f 73/213/1 75/214/1 74/215/1
f 73/213/1 76/216/1 75/214/1
f 89/217/1 32/205/1 90/212/1
f 73/213/1 77/218/1 76/216/1
f 88/219/1 32/205/1 89/217/1
f 73/213/1 78/220/1 77/218/1
f 87/221/1 32/205/1 88/219/1
f 73/213/1 79/222/1 78/220/1
f 86/223/1 32/205/1 87/221/1
f 73/213/1 80/224/1 79/222/1
f 85/225/1 32/205/1 86/223/1
f 73/213/1 81/226/1 80/224/1
f 84/227/1 32/205/1 85/225/1
f 73/213/1 82/228/1 81/226/1
f 83/229/1 32/205/1 84/227/1
f 73/213/1 83/229/1 82/228/1
f 73/213/1 32/205/1 83/229/1
f 73/213/1 33/230/1 32/205/1
f 72/231/1 33/230/1 73/213/1
f 71/232/1 33/230/1 72/231/1
f 71/232/1 34/233/1 33/230/1
f 70/234/1 34/233/1 71/232/1
f 70/234/1 35/235/1 34/233/1
f 69/236/1 35/235/1 70/234/1
f 293/237/1 220/151/1 294/144/1
f 292/238/1 221/239/1 293/237/1
f 221/239/1 220/151/1 293/237/1
f 292/238/1 222/240/1 221/239/1
f 68/241/1 35/235/1 69/236/1
f 68/241/1 36/242/1 35/235/1
f 67/243/1 36/242/1 68/241/1
f 67/243/1 37/244/1 36/242/1
f 66/245/1 37/244/1 67/243/1
f 66/245/1 38/246/1 37/244/1
f 65/247/1 38/246/1 66/245/1
f 65/247/1 39/248/1 38/246/1
f 291/249/1 222/240/1 292/238/1
f 65/247/1 40/250/1 39/248/1
f 64/251/1 40/250/1 65/247/1
f 64/251/1 41/252/1 40/250/1
f 64/251/1 42/253/1 41/252/1
f 291/249/1 257/254/1 222/240/1
f 257/254/1 223/255/1 222/240/1
f 64/251/1 43/256/1 42/253/1
f 63/257/1 43/256/1 64/251/1
f 63/257/1 44/258/1 43/256/1
f 63/257/1 45/259/1 44/258/1
f 63/257/1 46/260/1 45/259/1
f 62/261/1 46/260/1 63/257/1
f 62/261/1 47/262/1 46/260/1
f 62/261/1 48/263/1 47/262/1
f 62/261/1 49/264/1 48/263/1
f 62/261/1 50/265/1 49/264/1
f 62/261/1 51/266/1 50/265/1
f 62/261/1 52/267/1 51/266/1
f 62/261/1 53/268/1 52/267/1
f 61/269/1 53/268/1 62/261/1
f 61/269/1 54/270/1 53/268/1
f 60/271/1 54/270/1 61/269/1
f 60/271/1 55/272/1 54/270/1
f 59/273/1 55/272/1 60/271/1
f 59/273/1 56/274/1 55/272/1
f 58/275/1 56/274/1 59/273/1
f 58/275/1 57/276/1 56/274/1
f 290/277/1 257/254/1 291/249/1
f 290/277/1 258/278/1 257/254/1
f 256/279/1 223/255/1 257/254/1
f 256/279/1 224/280/1 223/255/1
f 289/281/1 258/278/1 290/277/1
f 289/281/1 259/282/1 258/278/1
f 255/283/1 224/280/1 256/279/1
f 255/283/1 225/284/1 224/280/1
f 288/285/1 259/282/1 289/281/1
f 288/285/1 260/286/1 259/282/1
f 287/287/1 260/286/1 288/285/1
f 255/283/1 226/288/1 225/284/1
f 254/289/1 226/288/1 255/283/1
f 287/287/1 261/290/1 260/286/1
f 286/291/1 261/290/1 287/287/1
f 254/289/1 227/292/1 226/288/1
f 253/293/1 227/292/1 254/289/1
f 286/291/1 262/294/1 261/290/1
f 253/293/1 228/295/1 227/292/1
f 285/296/1 262/294/1 286/291/1
f 252/297/1 228/295/1 253/293/1
f 285/296/1 263/298/1 262/294/1
f 252/297/1 229/299/1 228/295/1
f 284/300/1 263/298/1 285/296/1
f 252/297/1 230/301/1 229/299/1
f 251/302/1 230/301/1 252/297/1
f 283/303/1 263/298/1 284/300/1
f 283/303/1 264/304/1 263/298/1
f 251/302/1 231/305/1 230/301/1
f 282/306/1 264/304/1 283/303/1
f 250/307/1 231/305/1 251/302/1
f 250/307/1 232/308/1 231/305/1
f 282/306/1 265/309/1 264/304/1
f 250/307/1 233/310/1 232/308/1
f 281/311/1 265/309/1 282/306/1
f 249/312/1 233/310/1 250/307/1
f 281/311/1 266/313/1 265/309/1
f 249/312/1 234/314/1 233/310/1
f 249/312/1 235/315/1 234/314/1
f 280/316/1 266/313/1 281/311/1
f 249/312/1 236/317/1 235/315/1
f 279/318/1 266/313/1 280/316/1
f 248/319/1 236/317/1 249/312/1
f 248/319/1 237/320/1 236/317/1
f 278/321/1 266/313/1 279/318/1
f 278/321/1 267/322/1 266/313/1
f 248/319/1 238/323/1 237/320/1
f 277/324/1 267/322/1 278/321/1
f 276/325/1 267/322/1 277/324/1
f 248/319/1 239/326/1 238/323/1
f 247/327/1 239/326/1 248/319/1
f 275/328/1 267/322/1 276/325/1
f 247/327/1 240/329/1 239/326/1
f 275/328/1 268/330/1 267/322/1
f 274/331/1 268/330/1 275/328/1
f 247/327/1 241/332/1 240/329/1
f 273/333/1 268/330/1 274/331/1
f 246/334/1 241/332/1 247/327/1
f 246/334/1 242/335/1 241/332/1
f 272/336/1 268/330/1 273/333/1
f 246/334/1 243/337/1 242/335/1
f 272/336/1 271/338/1 268/330/1
f 271/338/1 270/339/1 268/330/1
f 270/339/1 269/340/1 268/330/1
f 245/341/1 244/342/1 246/334/1
f 244/342/1 243/337/1 246/334/1
f 368/343/1 366/344/1 369/345/1
f 366/344/1 370/346/1 369/345/1
f 366/344/1 365/347/1 370/346/1
f 365/347/1 363/348/1 370/346/1
f 368/343/1 367/349/1 366/344/1
f 364/350/1 363/348/1 365/347/1
f 372/351/1 374/352/1 373/353/1
f 372/351/1 371/354/1 374/352/1
f 376/355/1 378/160/1 377/356/1
f 376/355/1 375/357/1 378/160/1
f 360/358/1 348/359/1 361/360/1
f 348/359/1 362/361/1 361/360/1
f 348/359/1 347/362/1 362/361/1
f 347/362/1 355/363/1 362/361/1
f 360/358/1 349/364/1 348/359/1
f 350/365/1 355/363/1 347/362/1
f 360/358/1 345/366/1 349/364/1
f 345/366/1 350/365/1 349/364/1
f 345/366/1 344/367/1 350/365/1
f 344/367/1 355/363/1 350/365/1
f 360/358/1 346/368/1 345/366/1
f 343/9/1 355/363/1 344/367/1
f 360/358/1 353/369/1 346/368/1
f 353/369/1 343/9/1 346/368/1
f 353/369/1 352/370/1 343/9/1
f 352/370/1 355/363/1 343/9/1
f 360/358/1 354/371/1 353/369/1
f 351/372/1 355/363/1 352/370/1
f 360/358/1 358/373/1 354/371/1
f 358/373/1 351/372/1 354/371/1
f 358/373/1 357/374/1 351/372/1
f 357/374/1 355/363/1 351/372/1
f 360/358/1 359/375/1 358/373/1
f 356/376/1 355/363/1 357/374/1
f 479/377/1 481/160/1 480/378/1
f 479/377/1 379/9/1 481/160/1
f 478/379/1 379/9/1 479/377/1
f 478/379/1 380/380/1 379/9/1
f 477/381/1 380/380/1 478/379/1
f 477/381/1 381/382/1 380/380/1
f 476/383/1 381/382/1 477/381/1
f 476/383/1 382/384/1 381/382/1
f 475/385/1 382/384/1 476/383/1
f 475/385/1 383/386/1 382/384/1
f 474/387/1 383/386/1 475/385/1
f 474/387/1 384/388/1 383/386/1
f 473/389/1 384/388/1 474/387/1
f 473/389/1 385/390/1 384/388/1
f 472/391/1 385/390/1 473/389/1
f 472/391/1 386/392/1 385/390/1
f 471/393/1 386/392/1 472/391/1
f 471/393/1 387/394/1 386/392/1
f 470/395/1 387/394/1 471/393/1
f 470/395/1 388/396/1 387/394/1
f 469/397/1 388/396/1 470/395/1
f 469/397/1 389/398/1 388/396/1
f 468/399/1 389/398/1 469/397/1
f 468/399/1 390/400/1 389/398/1
f 466/401/1 468/399/1 467/402/1
f 466/401/1 390/400/1 468/399/1
f 466/401/1 391/403/1 390/400/1
f 466/401/1 392/404/1 391/403/1
f 465/405/2 392/404/2 466/401/2
f 464/406/1 393/407/1 465/405/1
f 393/407/1 392/404/1 465/405/1
f 464/406/1 394/408/1 393/407/1
f 463/409/1 429/410/1 464/406/1
f 429/410/1 394/408/1 464/406/1
f 429/410/1 395/411/1 394/408/1
f 463/409/1 430/412/1 429/410/1
f 428/413/1 395/411/1 429/410/1
f 462/414/1 430/412/1 463/409/1
f 462/414/1 431/415/1 430/412/1
f 428/413/1 396/416/1 395/411/1
f 427/417/1 396/416/1 428/413/1
f 461/418/1 431/415/1 462/414/1
f 461/418/1 432/419/1 431/415/1
f 427/417/1 397/420/1 396/416/1
f 426/421/1 397/420/1 427/417/1
f 460/422/1 432/419/1 461/418/1
f 460/422/1 433/423/1 432/419/1
f 426/421/1 398/424/1 397/420/1
f 425/425/1 398/424/1 426/421/1
f 459/426/1 433/423/1 460/422/1
f 459/426/1 434/427/1 433/423/1
f 425/425/1 399/428/1 398/424/1
f 424/429/1 399/428/1 425/425/1
f 458/430/1 434/427/1 459/426/1
f 458/430/1 435/431/1 434/427/1
f 424/429/1 400/432/1 399/428/1
f 423/433/1 400/432/1 424/429/1
f 457/434/1 435/431/1 458/430/1
f 423/433/1 401/435/1 400/432/1
f 457/434/1 436/436/1 435/431/1
f 422/437/1 401/435/1 423/433/1
f 456/438/1 436/436/1 457/434/1
f 422/437/1 402/439/1 401/435/1
f 456/438/1 437/440/1 436/436/1
f 455/441/1 437/440/1 456/438/1
f 421/442/1 402/439/1 422/437/1
f 421/442/1 403/443/1 402/439/1
f 455/441/1 438/444/1 437/440/1
f 454/445/1 438/444/1 455/441/1
f 420/446/1 403/443/1 421/442/1
f 420/446/1 404/447/1 403/443/1
f 454/445/1 439/448/1 438/444/1
f 420/446/1 405/449/1 404/447/1
f 453/450/1 439/448/1 454/445/1
f 419/451/1 405/449/1 420/446/1
f 419/451/1 406/452/1 405/449/1
f 419/451/1 407/453/1 406/452/1
f 453/450/1 440/454/1 439/448/1
f 452/455/1 440/454/1 453/450/1
f 419/451/1 408/456/1 407/453/1
f 451/457/1 440/454/1 452/455/1
f 419/451/1 409/458/1 408/456/1
f 450/459/1 440/454/1 451/457/1
f 418/460/1 409/458/1 419/451/1
f 418/460/1 410/461/1 409/458/1
f 449/462/1 440/454/1 450/459/1
f 418/460/1 411/463/1 410/461/1
f 448/464/1 440/454/1 449/462/1
f 447/465/1 440/454/1 448/464/1
f 418/460/1 412/466/1 411/463/1
f 446/467/1 440/454/1 447/465/1
f 418/460/1 413/468/1 412/466/1
f 446/467/1 445/469/1 440/454/1
f 445/469/1 444/470/1 440/454/1
f 444/470/1 443/471/1 440/454/1
f 443/471/1 442/472/1 440/454/1
f 442/472/1 441/473/1 440/454/1
f 417/474/1 416/475/1 418/460/1
f 416/475/1 415/476/1 418/460/1
f 415/476/1 414/477/1 418/460/1
f 414/477/1 413/468/1 418/460/1
f 564/478/1 566/479/1 565/480/1
f 564/478/1 567/481/1 566/479/1
f 563/482/1 567/481/1 564/478/1
f 563/482/1 568/483/1 567/481/1
f 562/484/1 568/483/1 563/482/1
f 562/484/1 569/485/1 568/483/1
f 561/486/1 569/485/1 562/484/1
f 561/486/1 570/487/1 569/485/1
f 560/412/1 517/488/1 561/486/1
f 517/488/1 626/489/1 561/486/1
f 626/489/1 570/487/1 561/486/1
f 517/488/1 627/490/1 626/489/1
f 625/491/1 570/487/1 626/489/1
f 560/412/1 518/492/1 517/488/1
f 516/493/1 627/490/1 517/488/1
f 625/491/1 571/494/1 570/487/1
f 624/495/1 571/494/1 625/491/1
f 560/412/1 519/496/1 518/492/1
f 559/497/1 519/496/1 560/412/1
f 623/498/1 571/494/1 624/495/1
f 516/493/1 628/499/1 627/490/1
f 559/497/1 520/500/1 519/496/1
f 515/501/1 628/499/1 516/493/1
f 622/502/1 571/494/1 623/498/1
f 622/502/1 572/503/1 571/494/1
f 559/497/1 521/504/1 520/500/1
f 515/501/1 629/505/1 628/499/1
f 558/506/1 521/504/1 559/497/1
f 514/507/1 629/505/1 515/501/1
f 621/508/1 572/503/1 622/502/1
f 558/506/1 522/509/1 521/504/1
f 621/508/1 573/510/1 572/503/1
f 620/511/1 573/510/1 621/508/1
f 513/512/1 629/505/1 514/507/1
f 513/512/1 630/513/1 629/505/1
f 557/514/1 522/509/1 558/506/1
f 557/514/1 523/515/1 522/509/1
f 512/516/1 630/513/1 513/512/1
f 619/517/1 573/510/1 620/511/1
f 512/516/1 631/518/1 630/513/1
f 619/517/1 574/519/1 573/510/1
f 511/520/1 631/518/1 512/516/1
f 511/520/1 632/521/1 631/518/1
f 618/522/1 574/519/1 619/517/1
f 557/514/1 524/523/1 523/515/1
f 556/524/1 524/523/1 557/514/1
f 510/525/1 632/521/1 511/520/1
f 510/525/1 633/526/1 632/521/1
f 618/522/1 575/527/1 574/519/1
f 617/528/1 575/527/1 618/522/1
f 556/524/1 525/529/1 524/523/1
f 509/530/1 633/526/1 510/525/1
f 509/530/1 634/531/1 633/526/1
f 555/532/1 525/529/1 556/524/1
f 616/533/1 575/527/1 617/528/1
f 508/416/1 634/531/1 509/530/1
f 555/532/1 526/534/1 525/529/1
f 508/416/1 635/535/1 634/531/1
f 616/533/1 576/536/1 575/527/1
f 507/537/1 635/535/1 508/416/1
f 507/537/1 636/538/1 635/535/1
f 615/539/1 576/536/1 616/533/1
f 555/532/1 527/540/1 526/534/1
f 554/541/1 527/540/1 555/532/1
f 506/542/1 636/538/1 507/537/1
f 506/542/1 637/543/1 636/538/1
f 615/539/1 577/544/1 576/536/1
f 505/545/1 637/543/1 506/542/1
f 614/546/1 577/544/1 615/539/1
f 554/541/1 528/547/1 527/540/1
f 505/545/1 638/160/1 637/543/1
f 504/548/1 638/160/1 505/545/1
f 553/549/1 528/547/1 554/541/1
f 504/548/1 530/550/1 638/160/1
f 613/551/1 577/544/1 614/546/1
f 553/549/1 529/552/1 528/547/1
f 613/551/1 578/553/1 577/544/1
f 503/554/1 530/550/1 504/548/1
f 553/549/1 482/9/1 529/552/1
f 612/406/1 578/553/1 613/551/1
f 552/555/1 482/9/1 553/549/1
f 503/554/1 531/556/1 530/550/1
f 612/406/1 579/557/1 578/553/1
f 502/558/1 531/556/1 503/554/1
f 552/555/1 483/559/1 482/9/1
f 611/560/1 579/557/1 612/406/1
f 551/561/1 483/559/1 552/555/1
f 501/562/1 531/556/1 502/558/1
f 551/561/1 484/563/1 483/559/1
f 501/562/1 532/564/1 531/556/1
f 611/560/1 580/565/1 579/557/1
f 610/566/1 580/565/1 611/560/1
f 551/561/1 485/567/1 484/563/1
f 500/568/1 532/564/1 501/562/1
f 550/569/1 485/567/1 551/561/1
f 500/568/1 533/570/1 532/564/1
f 550/569/1 486/571/1 485/567/1
f 499/572/1 533/570/1 500/568/1
f 610/566/1 581/573/1 580/565/1
f 609/574/1 581/573/1 610/566/1
f 549/575/1 486/571/1 550/569/1
f 549/575/1 487/576/1 486/571/1
f 498/577/1 533/570/1 499/572/1
f 498/577/1 534/468/1 533/570/1
f 549/575/1 488/578/1 487/576/1
f 608/579/1 581/573/1 609/574/1
f 497/580/1 534/468/1 498/577/1
f 548/581/1 488/578/1 549/575/1
f 548/581/1 489/582/1 488/578/1
f 608/579/1 582/583/1 581/573/1
f 496/584/1 534/468/1 497/580/1
f 548/581/1 490/585/1 489/582/1
f 607/586/1 582/583/1 608/579/1
f 496/584/1 535/587/1 534/468/1
f 495/588/1 535/587/1 496/584/1
f 548/581/1 491/589/1 490/585/1
f 494/590/1 535/587/1 495/588/1
f 548/581/1 492/591/1 491/589/1
f 547/592/1 492/591/1 548/581/1
f 493/593/1 535/587/1 494/590/1
f 547/592/1 493/593/1 492/591/1
f 547/592/1 535/587/1 493/593/1
f 606/594/1 582/583/1 607/586/1
f 606/594/1 583/595/1 582/583/1
f 547/592/1 536/596/1 535/587/1
f 546/597/1 536/596/1 547/592/1
f 605/598/1 583/595/1 606/594/1
f 546/597/1 537/599/1 536/596/1
f 545/600/1 537/599/1 546/597/1
f 605/598/1 584/601/1 583/595/1
f 604/602/1 584/601/1 605/598/1
f 545/600/1 538/603/1 537/599/1
f 544/604/1 538/603/1 545/600/1
f 603/605/1 584/601/1 604/602/1
f 602/606/1 584/601/1 603/605/1
f 544/604/1 539/607/1 538/603/1
f 543/608/1 539/607/1 544/604/1
f 602/606/1 585/609/1 584/601/1
f 601/610/1 585/609/1 602/606/1
f 600/611/1 585/609/1 601/610/1
f 599/612/1 585/609/1 600/611/1
f 543/608/1 540/613/1 539/607/1
f 542/614/1 540/613/1 543/608/1
f 598/615/1 585/609/1 599/612/1
f 597/616/1 585/609/1 598/615/1
f 596/617/1 585/609/1 597/616/1
f 595/618/1 585/609/1 596/617/1
f 594/619/1 585/609/1 595/618/1
f 593/620/1 585/609/1 594/619/1
f 542/614/1 541/621/1 540/613/1
f 592/622/1 585/609/1 593/620/1
f 591/623/1 585/609/1 592/622/1
f 590/624/1 585/609/1 591/623/1
f 589/625/1 585/609/1 590/624/1
f 589/625/1 586/465/1 585/609/1
f 589/625/1 587/626/1 586/465/1
f 589/625/1 588/627/1 587/626/1
f 677/628/1 679/629/1 678/630/1
f 677/628/1 680/631/1 679/629/1
f 677/628/1 681/45/1 680/631/1
f 677/628/1 682/632/1 681/45/1
f 677/628/1 683/348/1 682/632/1
f 677/628/1 684/633/1 683/348/1
f 677/628/1 685/634/1 684/633/1
f 677/628/1 686/635/1 685/634/1
f 677/628/1 687/636/1 686/635/1
f 676/637/1 687/636/1 677/628/1
f 675/638/1 687/636/1 676/637/1
f 675/638/1 688/134/1 687/636/1
f 674/122/1 688/134/1 675/638/1
f 674/122/1 689/639/1 688/134/1
f 673/640/1 689/639/1 674/122/1
f 672/373/1 689/639/1 673/640/1
f 672/373/1 690/641/1 689/639/1
f 671/642/1 690/641/1 672/373/1
f 671/642/1 670/643/1 690/641/1
f 670/643/1 669/644/1 690/641/1
f 669/644/1 668/645/1 690/641/1
f 668/645/1 667/110/1 690/641/1
f 667/110/1 666/646/1 690/641/1
f 666/646/1 665/647/1 690/641/1
f 703/648/1 705/353/1 704/649/1
f 703/648/1 706/650/1 705/353/1
f 703/648/1 707/651/1 706/650/1
f 703/648/1 708/652/1 707/651/1
f 703/648/1 709/21/1 708/652/1
f 703/648/1 710/653/1 709/21/1
f 703/648/1 711/654/1 710/653/1
f 703/648/1 712/655/1 711/654/1
f 703/648/1 713/656/1 712/655/1
f 702/316/1 713/656/1 703/648/1
f 701/657/1 713/656/1 702/316/1
f 701/657/1 714/658/1 713/656/1
f 700/659/1 714/658/1 701/657/1
f 699/660/1 714/658/1 700/659/1
f 699/660/1 715/661/1 714/658/1
f 698/662/1 715/661/1 699/660/1
f 698/662/1 716/160/1 715/661/1
f 697/663/1 716/160/1 698/662/1
f 697/663/1 696/664/1 716/160/1
f 696/664/1 695/312/1 716/160/1
f 695/312/1 694/343/1 716/160/1
f 694/343/1 693/665/1 716/160/1
f 693/665/1 692/666/1 716/160/1
f 692/666/1 691/667/1 716/160/1
f 651/668/1 653/257/1 652/669/1
f 651/668/1 654/670/1 653/257/1
f 651/668/1 655/671/1 654/670/1
f 651/668/1 656/672/1 655/671/1
f 651/668/1 657/673/1 656/672/1
f 651/668/1 658/674/1 657/673/1
f 651/668/1 659/675/1 658/674/1
f 650/359/1 659/675/1 651/668/1
f 650/359/1 660/208/1 659/675/1
f 649/676/1 660/208/1 650/359/1
f 648/677/1 660/208/1 649/676/1
f 648/677/1 661/369/1 660/208/1
f 647/678/1 661/369/1 648/677/1
f 647/678/1 662/679/1 661/369/1
f 646/205/1 662/679/1 647/678/1
f 646/205/1 663/680/1 662/679/1
f 645/681/1 663/680/1 646/205/1
f 645/681/1 664/682/1 663/680/1
f 644/683/1 664/682/1 645/681/1
f 644/683/1 643/684/1 664/682/1
f 643/684/1 642/685/1 664/682/1
f 642/685/1 641/686/1 664/682/1
f 641/686/1 640/687/1 664/682/1
f 640/687/1 639/9/1 664/682/1
f 755/688/1 757/689/1 756/690/1
f 755/688/1 758/691/1 757/689/1
f 755/688/1 759/692/1 758/691/1
f 754/693/1 759/692/1 755/688/1
f 754/693/1 760/694/1 759/692/1
f 753/695/1 760/694/1 754/693/1
f 729/696/1 731/697/1 730/698/1
f 752/699/1 760/694/1 753/695/1
f 752/699/1 761/700/1 760/694/1
f 729/696/1 732/701/1 731/697/1
f 751/702/1 761/700/1 752/699/1
f 729/696/1 733/703/1 732/701/1
f 751/702/1 762/704/1 761/700/1
f 728/705/1 733/703/1 729/696/1
f 750/706/1 762/704/1 751/702/1
f 728/705/1 734/707/1 733/703/1
f 750/706/1 763/708/1 762/704/1
f 727/709/1 734/707/1 728/705/1
f 749/710/1 763/708/1 750/706/1
f 727/709/1 735/711/1 734/707/1
f 726/712/1 735/711/1 727/709/1
f 749/710/1 764/713/1 763/708/1
f 748/714/1 764/713/1 749/710/1
f 725/715/1 735/711/1 726/712/1
f 725/715/1 736/716/1 735/711/1
f 748/714/1 765/717/1 764/713/1
f 747/718/1 765/717/1 748/714/1
f 724/719/1 736/716/1 725/715/1
f 724/719/1 737/720/1 736/716/1
f 747/718/1 766/721/1 765/717/1
f 746/722/1 766/721/1 747/718/1
f 723/723/1 737/720/1 724/719/1
f 723/723/1 738/724/1 737/720/1
f 746/722/1 767/725/1 766/721/1
f 745/726/1 767/725/1 746/722/1
f 745/726/1 768/727/1 767/725/1
f 722/728/1 738/724/1 723/723/1
f 722/728/1 739/729/1 738/724/1
f 745/726/1 744/730/1 768/727/1
f 744/730/1 743/731/1 768/727/1
f 721/732/1 739/729/1 722/728/1
f 721/732/1 740/733/1 739/729/1
f 721/732/1 741/734/1 740/733/1
f 720/735/1 741/734/1 721/732/1
f 902/736/1 904/737/1 903/738/1
f 901/739/1 904/737/1 902/736/1
f 866/740/1 868/741/1 867/742/1
f 900/743/1 904/737/1 901/739/1
f 866/740/1 869/744/1 868/741/1
f 720/735/1 742/745/1 741/734/1
f 866/740/1 870/746/1 869/744/1
f 899/747/1 904/737/1 900/743/1
f 866/740/1 871/748/1 870/746/1
f 719/749/1 742/745/1 720/735/1
f 898/750/1 904/737/1 899/747/1
f 866/740/1 872/751/1 871/748/1
f 866/740/1 873/752/1 872/751/1
f 897/753/1 904/737/1 898/750/1
f 866/740/1 874/754/1 873/752/1
f 896/755/1 904/737/1 897/753/1
f 866/740/1 875/756/1 874/754/1
f 895/757/1 904/737/1 896/755/1
f 866/740/1 876/758/1 875/756/1
f 894/759/1 904/737/1 895/757/1
f 866/740/1 877/760/1 876/758/1
f 893/761/1 904/737/1 894/759/1
f 866/740/1 878/762/1 877/760/1
f 892/763/1 904/737/1 893/761/1
f 866/740/1 879/764/1 878/762/1
f 891/765/1 904/737/1 892/763/1
f 866/740/1 880/766/1 879/764/1
f 866/740/1 881/767/1 880/766/1
f 866/740/1 882/768/1 881/767/1
f 866/740/1 883/769/1 882/768/1
f 866/740/1 884/770/1 883/769/1
f 866/740/1 885/771/1 884/770/1
f 866/740/1 886/772/1 885/771/1
f 866/740/1 887/773/1 886/772/1
f 866/740/1 888/774/1 887/773/1
f 866/740/1 889/775/1 888/774/1
f 866/740/1 890/776/1 889/775/1
f 866/740/1 891/765/1 890/776/1
f 866/740/1 904/737/1 891/765/1
f 719/749/1 718/777/1 742/745/1
f 718/777/1 717/9/1 742/745/1
f 866/740/1 865/778/1 904/737/1
f 865/778/1 905/779/1 904/737/1
f 865/778/1 906/780/1 905/779/1
f 865/778/1 864/781/1 906/780/1
f 864/781/1 907/782/1 906/780/1
f 864/781/1 863/783/1 907/782/1
f 863/783/1 862/784/1 907/782/1
f 862/784/1 908/785/1 907/782/1
f 862/784/1 861/786/1 908/785/1
f 861/786/1 909/787/1 908/785/1
f 861/786/3 860/788/3 909/787/3
f 860/788/1 859/789/1 909/787/1
f 859/789/1 910/790/1 909/787/1
f 859/789/1 858/791/1 910/790/1
f 858/791/1 911/792/1 910/790/1
f 858/791/1 857/793/1 911/792/1
f 857/793/1 912/794/1 911/792/1
f 857/793/1 856/795/1 912/794/1
f 856/795/1 913/796/1 912/794/1
f 856/795/1 914/797/1 913/796/1
f 856/795/1 855/798/1 914/797/1
f 855/798/1 915/799/1 914/797/1
f 855/798/1 916/160/1 915/799/1
f 855/798/1 854/800/1 916/160/1
f 854/800/1 853/801/1 916/160/1
f 853/801/1 852/802/1 916/160/1
f 852/802/1 851/803/1 916/160/1
f 851/803/1 849/804/1 916/160/1
f 849/804/1 848/805/1 916/160/1
f 848/805/1 847/806/1 916/160/1
f 847/806/1 846/807/1 916/160/1
f 846/807/1 844/808/1 916/160/1
f 844/808/1 843/809/1 916/160/1
f 843/809/1 842/810/1 916/160/1
f 842/810/1 769/811/1 916/160/1
f 850/812/2 849/804/2 851/803/2
f 845/813/2 844/808/2 846/807/2
f 841/814/1 769/811/1 842/810/1
f 841/814/1 770/815/1 769/811/1
f 840/816/1 770/815/1 841/814/1
f 840/816/1 771/817/1 770/815/1
f 839/818/1 771/817/1 840/816/1
f 839/818/1 772/819/1 771/817/1
f 838/820/1 772/819/1 839/818/1
f 838/820/1 773/821/1 772/819/1
f 837/822/1 773/821/1 838/820/1
f 837/822/1 774/823/1 773/821/1
f 836/824/1 774/823/1 837/822/1
f 836/824/1 775/825/1 774/823/1
f 835/826/1 775/825/1 836/824/1
f 834/827/1 775/825/1 835/826/1
f 834/827/1 776/828/1 775/825/1
f 833/829/1 776/828/1 834/827/1
f 833/829/1 777/830/1 776/828/1
f 832/831/1 777/830/1 833/829/1
f 832/831/1 778/832/1 777/830/1
f 831/833/1 778/832/1 832/831/1
f 831/833/1 779/834/1 778/832/1
f 830/835/1 779/834/1 831/833/1
f 830/835/1 780/836/1 779/834/1
f 829/837/1 780/836/1 830/835/1
f 829/837/1 781/838/1 780/836/1
f 828/839/1 781/838/1 829/837/1
f 828/839/1 782/840/1 781/838/1
f 827/841/1 782/840/1 828/839/1
f 827/841/1 805/842/1 782/840/1
f 805/842/1 783/843/1 782/840/1
f 827/841/1 806/844/1 805/842/1
f 804/845/1 783/843/1 805/842/1
f 804/845/1 784/846/1 783/843/1
f 826/847/1 806/844/1 827/841/1
f 803/848/1 784/846/1 804/845/1
f 826/847/1 807/849/1 806/844/1
f 803/848/1 785/850/1 784/846/1
f 825/851/1 807/849/1 826/847/1
f 802/852/1 785/850/1 803/848/1
f 825/851/1 808/853/1 807/849/1
f 802/852/1 786/854/1 785/850/1
f 824/855/1 808/853/1 825/851/1
f 801/856/1 786/854/1 802/852/1
f 824/855/1 809/857/1 808/853/1
f 801/856/1 787/858/1 786/854/1
f 823/859/1 809/857/1 824/855/1
f 800/860/1 787/858/1 801/856/1
f 823/859/1 810/861/1 809/857/1
f 800/860/1 788/862/1 787/858/1
f 822/863/1 810/861/1 823/859/1
f 799/864/1 788/862/1 800/860/1
f 822/863/1 811/865/1 810/861/1
f 799/864/1 789/866/1 788/862/1
f 821/867/1 811/865/1 822/863/1
f 798/868/1 789/866/1 799/864/1
f 821/867/1 812/869/1 811/865/1
f 820/870/1 812/869/1 821/867/1
f 798/868/1 790/871/1 789/866/1
f 797/872/1 790/871/1 798/868/1
f 820/870/1 813/873/1 812/869/1
f 819/874/1 813/873/1 820/870/1
f 797/872/1 791/875/1 790/871/1
f 796/876/1 791/875/1 797/872/1
f 818/877/1 813/873/1 819/874/1
f 818/877/1 814/878/1 813/873/1
f 796/876/1 792/879/1 791/875/1
f 817/880/1 814/878/1 818/877/1
f 795/881/1 792/879/1 796/876/1
f 817/880/1 815/882/1 814/878/1
f 795/881/1 794/883/1 792/879/1
f 794/883/1 793/884/1 792/879/1
f 817/880/1 816/885/1 815/882/1
f 1068/886/1 1070/887/1 1069/888/1
f 1068/886/1 1071/889/1 1070/887/1
f 1067/890/1 1071/889/1 1068/886/1
f 1067/890/1 1072/891/1 1071/889/1
f 1066/892/1 1072/891/1 1067/890/1
f 1066/892/1 1073/893/1 1072/891/1
f 1065/894/1 1073/893/1 1066/892/1
f 1065/894/1 1074/895/1 1073/893/1
f 1064/896/1 1074/895/1 1065/894/1
f 1064/896/1 1075/897/1 1074/895/1
f 1063/898/1 1075/897/1 1064/896/1
f 1063/898/1 1076/899/1 1075/897/1
f 1062/900/1 1076/899/1 1063/898/1
f 1062/900/1 1077/406/1 1076/899/1
f 1061/612/1 1077/406/1 1062/900/1
f 1061/612/1 1078/901/1 1077/406/1
f 1060/902/1 1078/901/1 1061/612/1
f 1060/902/1 1079/903/1 1078/901/1
f 1059/904/1 1079/903/1 1060/902/1
f 1059/904/1 1080/905/1 1079/903/1
f 1058/906/1 1080/905/1 1059/904/1
f 1058/906/1 1081/907/1 1080/905/1
f 1057/908/1 1081/907/1 1058/906/1
f 1057/908/1 1082/909/1 1081/907/1
f 1056/910/1 1082/909/1 1057/908/1
f 1056/910/1 1083/911/1 1082/909/1
f 1095/912/1 1097/913/1 1096/914/1
f 1042/915/1 1044/916/1 1043/917/1
f 1094/918/1 1097/913/1 1095/912/1
f 1042/915/1 1045/465/1 1044/916/1
f 1093/491/1 1097/913/1 1094/918/1
f 1042/915/1 1046/919/1 1045/465/1
f 1092/920/1 1097/913/1 1093/491/1
f 1042/915/1 1047/921/1 1046/919/1
f 1091/922/1 1097/913/1 1092/920/1
f 1042/915/1 1048/923/1 1047/921/1
f 1090/924/1 1097/913/1 1091/922/1
f 1042/915/1 1049/925/1 1048/923/1
f 1089/926/1 1097/913/1 1090/924/1
f 1042/915/1 1050/927/1 1049/925/1
f 1088/928/1 1097/913/1 1089/926/1
f 1042/915/1 1051/929/1 1050/927/1
f 1087/930/1 1097/913/1 1088/928/1
f 1042/915/1 1052/931/1 1051/929/1
f 1086/932/1 1097/913/1 1087/930/1
f 1042/915/1 1053/933/1 1052/931/1
f 1085/934/1 1097/913/1 1086/932/1
f 1042/915/1 1054/935/1 1053/933/1
f 1084/936/1 1097/913/1 1085/934/1
f 1042/915/1 1055/937/1 1054/935/1
f 1042/915/1 1056/910/1 1055/937/1
f 1042/915/1 1083/911/1 1056/910/1
f 1042/915/1 1084/936/1 1083/911/1
f 1042/915/1 1041/938/1 1084/936/1
f 1041/938/1 1040/939/1 1084/936/1
f 1040/939/1 1097/913/1 1084/936/1
f 1040/939/1 1039/940/1 1097/913/1
f 1039/940/1 1098/941/1 1097/913/1
f 1039/940/4 1038/942/4 1098/941/4
f 1038/942/1 1037/943/1 1098/941/1
f 1037/943/1 1099/944/1 1098/941/1
f 1037/943/1 1036/945/1 1099/944/1
f 1036/945/1 1035/946/1 1099/944/1
f 1035/946/1 1100/947/1 1099/944/1
f 1035/946/1 1034/948/1 1100/947/1
f 1034/948/1 1033/949/1 1100/947/1
f 1033/949/1 1101/950/1 1100/947/1
f 1033/949/1 1032/951/1 1101/950/1
f 1032/951/1 1031/952/1 1101/950/1
f 1031/952/1 1102/953/1 1101/950/1
f 1031/952/1 1030/954/1 1102/953/1
f 1030/954/1 1103/955/1 1102/953/1
f 1030/954/1 1029/510/1 1103/955/1
f 1029/510/1 1028/956/1 1103/955/1
f 1028/956/1 1027/957/1 1103/955/1
f 1027/957/1 1026/958/1 1103/955/1
f 1026/958/1 1025/959/1 1103/955/1
f 1025/959/1 1024/960/1 1103/955/1
f 1024/960/1 1023/961/1 1103/955/1
f 1023/961/1 1022/962/1 1103/955/1
f 1022/962/1 1021/963/1 1103/955/1
f 1021/963/1 1020/964/1 1103/955/1
f 1020/964/1 1019/965/1 1103/955/1
f 1019/965/1 1018/966/1 1103/955/1
f 1018/966/1 1104/967/1 1103/955/1
f 1017/968/1 1104/967/1 1018/966/1
f 1017/968/1 1105/969/1 1104/967/1
f 1017/968/1 1106/970/1 1105/969/1
f 1016/971/1 1106/970/1 1017/968/1
f 1016/971/1 1107/972/1 1106/970/1
f 1016/971/1 1108/973/1 1107/972/1
f 1016/971/1 1109/160/1 1108/973/1
f 1015/974/1 1109/160/1 1016/971/1
f 1015/974/1 943/975/1 1109/160/1
f 1014/976/1 943/975/1 1015/974/1
f 1014/976/1 944/977/1 943/975/1
f 1013/412/1 944/977/1 1014/976/1
f 1013/412/1 945/978/1 944/977/1
f 1012/979/1 945/978/1 1013/412/1
f 1012/979/1 946/980/1 945/978/1
f 1011/981/1 946/980/1 1012/979/1
f 1011/981/1 947/982/1 946/980/1
f 1010/983/1 947/982/1 1011/981/1
f 1010/983/1 948/984/1 947/982/1
f 1009/985/1 948/984/1 1010/983/1
f 1009/985/1 949/416/1 948/984/1
f 1008/986/1 949/416/1 1009/985/1
f 1008/986/1 950/987/1 949/416/1
f 1007/988/1 950/987/1 1008/986/1
f 1007/988/1 951/989/1 950/987/1
f 1006/990/1 951/989/1 1007/988/1
f 1005/991/1 951/989/1 1006/990/1
f 1005/991/1 952/992/1 951/989/1
f 1004/993/1 952/992/1 1005/991/1
f 1004/993/1 953/994/1 952/992/1
f 1003/995/1 953/994/1 1004/993/1
f 1003/995/1 954/996/1 953/994/1
f 942/997/1 918/998/1 917/9/1
f 1002/999/1 954/996/1 1003/995/1
f 1002/999/1 981/468/1 954/996/1
f 981/468/1 955/1000/1 954/996/1
f 942/997/1 919/1001/1 918/998/1
f 1001/1002/1 981/468/1 1002/999/1
f 942/997/1 920/1003/1 919/1001/1
f 1000/1004/1 981/468/1 1001/1002/1
f 942/997/1 921/1005/1 920/1003/1
f 942/997/1 922/1006/1 921/1005/1
f 999/1007/1 981/468/1 1000/1004/1
f 942/997/1 923/1008/1 922/1006/1
f 941/1009/1 923/1008/1 942/997/1
f 998/1010/1 981/468/1 999/1007/1
f 998/1010/1 982/1011/1 981/468/1
f 980/1012/1 955/1000/1 981/468/1
f 941/1009/1 924/1013/1 923/1008/1
f 940/1014/1 924/1013/1 941/1009/1
f 998/1010/1 983/1015/1 982/1011/1
f 997/592/1 983/1015/1 998/1010/1
f 940/1014/1 925/1016/1 924/1013/1
f 939/1017/1 925/1016/1 940/1014/1
f 997/592/1 984/1018/1 983/1015/1
f 996/1019/1 984/1018/1 997/592/1
f 939/1017/1 926/1020/1 925/1016/1
f 938/1021/1 926/1020/1 939/1017/1
f 996/1019/1 985/1022/1 984/1018/1
f 995/1023/1 985/1022/1 996/1019/1
f 938/1021/1 927/1024/1 926/1020/1
f 937/1025/1 927/1024/1 938/1021/1
f 995/1023/1 986/1026/1 985/1022/1
f 994/1027/1 986/1026/1 995/1023/1
f 937/1025/1 928/1028/1 927/1024/1
f 936/1029/1 928/1028/1 937/1025/1
f 994/1027/1 987/1030/1 986/1026/1
f 993/1031/1 987/1030/1 994/1027/1
f 936/1029/1 929/1032/1 928/1028/1
f 935/1033/1 929/1032/1 936/1029/1
f 993/1031/1 988/1034/1 987/1030/1
f 934/1035/1 929/1032/1 935/1033/1
f 934/1035/1 933/588/1 929/1032/1
f 933/588/1 932/1036/1 929/1032/1
f 932/1036/1 931/1037/1 929/1032/1
f 931/1037/1 930/1038/1 929/1032/1
f 993/1031/1 989/1039/1 988/1034/1
f 993/1031/1 990/1040/1 989/1039/1
f 993/1031/1 991/1041/1 990/1040/1
f 993/1031/1 992/1042/1 991/1041/1
f 979/1043/1 955/1000/1 980/1012/1
f 979/1043/1 956/1044/1 955/1000/1
f 979/1043/1 957/1045/1 956/1044/1
f 978/1046/1 957/1045/1 979/1043/1
f 978/1046/1 958/1047/1 957/1045/1
f 977/1048/1 958/1047/1 978/1046/1
f 977/1048/1 959/1049/1 958/1047/1
f 976/1050/1 959/1049/1 977/1048/1
f 976/1050/1 960/1051/1 959/1049/1
f 975/1052/1 960/1051/1 976/1050/1
f 975/1052/1 961/1053/1 960/1051/1
f 974/1054/1 961/1053/1 975/1052/1
f 974/1054/1 962/1055/1 961/1053/1
f 973/1056/1 962/1055/1 974/1054/1
f 973/1056/1 963/1057/1 962/1055/1
f 972/1058/1 963/1057/1 973/1056/1
f 972/1058/1 964/1059/1 963/1057/1
f 971/1060/1 964/1059/1 972/1058/1
f 971/1060/1 965/504/1 964/1059/1
f 970/1061/1 965/504/1 971/1060/1
f 970/1061/1 966/1062/1 965/504/1
f 969/1063/1 966/1062/1 970/1061/1
f 969/1063/1 967/1064/1 966/1062/1
f 968/1065/1 967/1064/1 969/1063/1
f 1286/1/2 1287/3/2 1288/2/2
f 1286/1/2 1288/2/2 1289/4/2
f 1285/5/2 1286/1/2 1289/4/2
f 1285/5/2 1289/4/2 1290/6/2
f 1248/7/2 1110/9/2 1111/8/2
f 1246/10/2 1247/12/2 1244/11/2
f 1244/11/2 1247/12/2 1248/7/2
f 1244/11/2 1248/7/2 1111/8/2
f 1284/13/2 1285/5/2 1290/6/2
f 1284/13/2 1290/6/2 1418/14/2
f 1418/14/2 1290/6/2 1291/15/2
f 1284/13/2 1418/14/2 1419/16/2
f 1417/17/2 1418/14/2 1291/15/2
f 1283/18/2 1284/13/2 1419/16/2
f 1244/11/2 1111/8/2 1112/19/2
f 1417/17/2 1291/15/2 1292/20/2
f 1283/18/2 1419/16/2 1420/21/2
f 1416/22/2 1417/17/2 1292/20/2
f 1282/23/2 1283/18/2 1420/21/2
f 1244/11/2 1112/19/2 1243/24/2
f 1243/24/2 1112/19/2 1113/25/2
f 1416/22/2 1292/20/2 1293/26/2
f 1282/23/2 1420/21/2 1421/27/2
f 1415/28/2 1416/22/2 1293/26/2
f 1282/23/2 1421/27/2 1422/29/2
f 1246/10/2 1244/11/2 1245/30/2
f 1242/31/2 1243/24/2 1113/25/2
f 1414/32/2 1415/28/2 1293/26/2
f 1281/33/2 1282/23/2 1422/29/2
f 1242/31/2 1113/25/2 1114/34/2
f 1414/32/2 1293/26/2 1294/35/2
f 1281/33/2 1422/29/2 1423/36/2
f 1413/37/2 1414/32/2 1294/35/2
f 1241/38/2 1242/31/2 1114/34/2
f 1280/39/2 1281/33/2 1423/36/2
f 1413/37/2 1294/35/2 1295/40/2
f 1241/38/2 1114/34/2 1115/41/2
f 1280/39/2 1423/36/2 1424/42/2
f 1412/43/2 1413/37/2 1295/40/2
f 1240/44/2 1241/38/2 1115/41/2
f 1412/43/2 1295/40/2 1296/45/2
f 1280/39/2 1424/42/2 1425/46/2
f 1279/47/2 1280/39/2 1425/46/2
f 1411/48/2 1412/43/2 1296/45/2
f 1240/44/2 1115/41/2 1116/49/2
f 1239/50/2 1240/44/2 1116/49/2
f 1279/47/2 1425/46/2 1426/51/2
f 1410/52/2 1411/48/2 1296/45/2
f 1410/52/2 1296/45/2 1297/53/2
f 1278/54/2 1279/47/2 1426/51/2
f 1239/50/2 1116/49/2 1117/55/2
f 1278/54/2 1426/51/2 1427/56/2
f 1409/57/2 1410/52/2 1297/53/2
f 1238/58/2 1239/50/2 1117/55/2
f 1409/57/2 1297/53/2 1298/59/2
f 1277/60/2 1278/54/2 1427/56/2
f 1277/60/2 1427/56/2 1428/61/2
f 1408/62/2 1409/57/2 1298/59/2
f 1408/62/2 1298/59/2 1299/63/2
f 1238/58/2 1117/55/2 1118/64/2
f 1237/65/2 1238/58/2 1118/64/2
f 1276/66/2 1277/60/2 1428/61/2
f 1276/66/2 1428/61/2 1429/67/2
f 1407/68/2 1408/62/2 1299/63/2
f 1407/68/2 1299/63/2 1300/69/2
f 1276/66/2 1429/67/2 1430/70/2
f 1275/71/2 1276/66/2 1430/70/2
f 1406/72/2 1407/68/2 1300/69/2
f 1406/72/2 1300/69/2 1301/73/2
f 1236/74/2 1237/65/2 1118/64/2
f 1236/74/2 1118/64/2 1119/75/2
f 1406/72/2 1301/73/2 1302/76/2
f 1406/72/2 1302/76/2 1303/77/2
f 1275/71/2 1430/70/2 1406/72/2
f 1275/71/2 1406/72/2 1303/77/2
f 1274/78/2 1275/71/2 1303/77/2
f 1274/78/2 1303/77/2 1324/79/2
f 1324/79/2 1303/77/2 1304/80/2
f 1273/81/2 1274/78/2 1251/82/2
f 1251/82/2 1274/78/2 1324/79/2
f 1251/82/2 1324/79/2 1325/83/2
f 1323/84/2 1324/79/2 1304/80/2
f 1273/81/2 1251/82/2 1252/85/2
f 1250/86/2 1251/82/2 1325/83/2
f 1323/84/2 1304/80/2 1305/87/2
f 1272/88/2 1273/81/2 1252/85/2
f 1322/89/2 1323/84/2 1305/87/2
f 1235/90/2 1236/74/2 1119/75/2
f 1272/88/2 1252/85/2 1253/91/2
f 1271/92/2 1272/88/2 1253/91/2
f 1235/90/2 1119/75/2 1120/93/2
f 1322/89/2 1305/87/2 1306/94/2
f 1321/95/2 1322/89/2 1306/94/2
f 1271/92/2 1253/91/2 1254/96/2
f 1270/97/2 1271/92/2 1254/96/2
f 1320/98/2 1321/95/2 1306/94/2
f 1320/98/2 1306/94/2 1307/99/2
f 1270/97/2 1254/96/2 1255/100/2
f 1319/101/2 1320/98/2 1307/99/2
f 1269/102/2 1270/97/2 1255/100/2
f 1319/101/2 1307/99/2 1308/103/2
f 1269/102/2 1255/100/2 1256/104/2
f 1318/105/2 1319/101/2 1308/103/2
f 1268/106/2 1269/102/2 1256/104/2
f 1318/105/2 1308/103/2 1309/107/2
f 1317/108/2 1318/105/2 1309/107/2
f 1268/106/2 1256/104/2 1257/109/2
f 1234/110/2 1235/90/2 1120/93/2
f 1267/111/2 1268/106/2 1257/109/2
f 1316/112/2 1317/108/2 1309/107/2
f 1267/111/2 1257/109/2 1258/113/2
f 1316/112/2 1309/107/2 1310/114/2
f 1234/110/2 1120/93/2 1121/115/2
f 1315/116/2 1316/112/2 1310/114/2
f 1266/117/2 1267/111/2 1258/113/2
f 1266/117/2 1258/113/2 1259/118/2
f 1315/116/2 1310/114/2 1311/119/2
f 1314/120/2 1315/116/2 1311/119/2
f 1266/117/2 1259/118/2 1260/121/2
f 1265/122/2 1266/117/2 1260/121/2
f 1313/123/2 1314/120/2 1311/119/2
f 1313/123/2 1311/119/2 1312/124/2
f 1265/122/2 1260/121/2 1261/125/2
f 1264/126/2 1265/122/2 1261/125/2
f 1233/127/2 1234/110/2 1121/115/2
f 1264/126/2 1261/125/2 1262/128/2
f 1263/129/2 1264/126/2 1262/128/2
f 1233/127/2 1121/115/2 1122/130/2
f 1249/131/1 1250/86/1 1325/83/1
f 1405/132/2 1249/131/2 1326/133/2
f 1326/133/1 1249/131/1 1325/83/1
f 1405/132/2 1326/133/2 1327/134/2
f 1232/135/2 1233/127/2 1122/130/2
f 1232/135/2 1122/130/2 1123/136/2
f 1231/137/2 1232/135/2 1123/136/2
f 1231/137/2 1123/136/2 1124/138/2
f 1230/139/2 1231/137/2 1124/138/2
f 1230/139/2 1124/138/2 1125/140/2
f 1229/141/2 1230/139/2 1125/140/2
f 1229/141/2 1125/140/2 1126/142/2
f 1228/143/2 1229/141/2 1126/142/2
f 1403/144/2 1404/146/2 1445/145/2
f 1445/145/2 1404/146/2 1405/132/2
f 1445/145/2 1405/132/2 1327/134/2
f 1445/145/2 1327/134/2 1328/147/2
f 1445/145/2 1328/147/2 1444/148/2
f 1444/148/2 1328/147/2 1450/149/2
f 1450/149/2 1328/147/2 1449/150/2
f 1449/150/2 1328/147/2 1329/151/2
f 1228/143/2 1126/142/2 1127/152/2
f 1227/153/2 1228/143/2 1127/152/2
f 1227/153/2 1127/152/2 1128/154/2
f 1226/155/2 1227/153/2 1128/154/2
f 1226/155/2 1128/154/2 1129/156/2
f 1225/157/2 1226/155/2 1129/156/2
f 1403/144/2 1445/145/2 1446/158/2
f 1443/159/2 1444/148/2 1450/149/2
f 1443/159/2 1450/149/2 1451/160/2
f 1448/161/2 1449/150/2 1329/151/2
f 1225/157/2 1129/156/2 1130/162/2
f 1224/163/2 1225/157/2 1130/162/2
f 1224/163/2 1130/162/2 1131/164/2
f 1223/165/2 1224/163/2 1131/164/2
f 1222/166/2 1223/165/2 1131/164/2
f 1222/166/2 1131/164/2 1132/167/2
f 1221/168/2 1222/166/2 1132/167/2
f 1221/168/2 1132/167/2 1133/169/2
f 1220/170/2 1221/168/2 1133/169/2
f 1220/170/2 1133/169/2 1134/171/2
f 1219/172/2 1220/170/2 1134/171/2
f 1442/173/2 1443/159/2 1451/160/2
f 1219/172/2 1134/171/2 1135/174/2
f 1442/173/2 1451/160/2 1447/175/2
f 1441/176/2 1442/173/2 1447/175/2
f 1440/177/2 1441/176/2 1447/175/2
f 1218/178/2 1219/172/2 1135/174/2
f 1439/179/2 1440/177/2 1447/175/2
f 1217/180/2 1218/178/2 1135/174/2
f 1217/180/2 1135/174/2 1136/181/2
f 1438/182/2 1439/179/2 1447/175/2
f 1437/183/2 1438/182/2 1447/175/2
f 1216/184/2 1217/180/2 1136/181/2
f 1436/185/2 1437/183/2 1447/175/2
f 1435/186/2 1436/185/2 1447/175/2
f 1216/184/2 1136/181/2 1137/187/2
f 1215/188/2 1216/184/2 1137/187/2
f 1434/189/2 1435/186/2 1447/175/2
f 1433/190/2 1434/189/2 1447/175/2
f 1214/191/2 1215/188/2 1137/187/2
f 1432/192/2 1433/190/2 1447/175/2
f 1214/191/2 1137/187/2 1138/193/2
f 1213/194/2 1214/191/2 1138/193/2
f 1431/195/2 1432/192/2 1447/175/2
f 1403/144/2 1446/158/2 1431/195/2
f 1403/144/2 1431/195/2 1447/175/2
f 1403/144/2 1447/175/2 1448/161/2
f 1403/144/2 1448/161/2 1329/151/2
f 1212/196/2 1213/194/2 1138/193/2
f 1212/196/2 1138/193/2 1139/197/2
f 1211/198/2 1212/196/2 1139/197/2
f 1210/199/2 1211/198/2 1139/197/2
f 1209/200/2 1210/199/2 1139/197/2
f 1209/200/2 1139/197/2 1140/201/2
f 1208/202/2 1209/200/2 1140/201/2
f 1207/203/2 1208/202/2 1140/201/2
f 1206/204/2 1207/203/2 1140/201/2
f 1206/204/2 1140/201/2 1141/205/2
f 1205/206/2 1206/204/2 1141/205/2
f 1204/207/2 1205/206/2 1141/205/2
f 1203/208/2 1204/207/2 1141/205/2
f 1202/209/2 1203/208/2 1141/205/2
f 1201/210/2 1202/209/2 1141/205/2
f 1200/211/2 1201/210/2 1141/205/2
f 1199/212/2 1200/211/2 1141/205/2
f 1182/213/2 1183/215/2 1184/214/2
f 1182/213/2 1184/214/2 1185/216/2
f 1198/217/2 1199/212/2 1141/205/2
f 1182/213/2 1185/216/2 1186/218/2
f 1197/219/2 1198/217/2 1141/205/2
f 1182/213/2 1186/218/2 1187/220/2
f 1196/221/2 1197/219/2 1141/205/2
f 1182/213/2 1187/220/2 1188/222/2
f 1195/223/2 1196/221/2 1141/205/2
f 1182/213/2 1188/222/2 1189/224/2
f 1194/225/2 1195/223/2 1141/205/2
f 1182/213/2 1189/224/2 1190/226/2
f 1193/227/2 1194/225/2 1141/205/2
f 1182/213/2 1190/226/2 1191/228/2
f 1192/229/2 1193/227/2 1141/205/2
f 1182/213/2 1191/228/2 1192/229/2
f 1182/213/2 1192/229/2 1141/205/2
f 1182/213/2 1141/205/2 1142/230/2
f 1181/231/2 1182/213/2 1142/230/2
f 1180/232/2 1181/231/2 1142/230/2
f 1180/232/2 1142/230/2 1143/233/2
f 1179/234/2 1180/232/2 1143/233/2
f 1179/234/2 1143/233/2 1144/235/2
f 1178/236/2 1179/234/2 1144/235/2
f 1402/237/1 1403/144/1 1329/151/1
f 1401/238/2 1402/237/2 1330/239/2
f 1330/239/1 1402/237/1 1329/151/1
f 1401/238/2 1330/239/2 1331/240/2
f 1177/241/2 1178/236/2 1144/235/2
f 1177/241/2 1144/235/2 1145/242/2
f 1176/243/2 1177/241/2 1145/242/2
f 1176/243/2 1145/242/2 1146/244/2
f 1175/245/2 1176/243/2 1146/244/2
f 1175/245/2 1146/244/2 1147/246/2
f 1174/247/2 1175/245/2 1147/246/2
f 1174/247/2 1147/246/2 1148/248/2
f 1400/249/2 1401/238/2 1331/240/2
f 1174/247/2 1148/248/2 1149/250/2
f 1173/251/2 1174/247/2 1149/250/2
f 1173/251/2 1149/250/2 1150/252/2
f 1173/251/2 1150/252/2 1151/253/2
f 1400/249/2 1331/240/2 1366/254/2
f 1366/254/2 1331/240/2 1332/255/2
f 1173/251/2 1151/253/2 1152/256/2
f 1172/257/2 1173/251/2 1152/256/2
f 1172/257/2 1152/256/2 1153/258/2
f 1172/257/2 1153/258/2 1154/259/2
f 1172/257/2 1154/259/2 1155/260/2
f 1171/261/2 1172/257/2 1155/260/2
f 1171/261/2 1155/260/2 1156/262/2
f 1171/261/2 1156/262/2 1157/263/2
f 1171/261/2 1157/263/2 1158/264/2
f 1171/261/2 1158/264/2 1159/265/2
f 1171/261/2 1159/265/2 1160/266/2
f 1171/261/2 1160/266/2 1161/267/2
f 1171/261/2 1161/267/2 1162/268/2
f 1170/269/2 1171/261/2 1162/268/2
f 1170/269/2 1162/268/2 1163/270/2
f 1169/271/2 1170/269/2 1163/270/2
f 1169/271/2 1163/270/2 1164/272/2
f 1168/273/2 1169/271/2 1164/272/2
f 1168/273/2 1164/272/2 1165/274/2
f 1167/275/2 1168/273/2 1165/274/2
f 1167/275/2 1165/274/2 1166/276/2
f 1399/277/2 1400/249/2 1366/254/2
f 1399/277/2 1366/254/2 1367/278/2
f 1365/279/2 1366/254/2 1332/255/2
f 1365/279/2 1332/255/2 1333/280/2
f 1398/281/2 1399/277/2 1367/278/2
f 1398/281/2 1367/278/2 1368/282/2
f 1364/283/2 1365/279/2 1333/280/2
f 1364/283/2 1333/280/2 1334/284/2
f 1397/285/2 1398/281/2 1368/282/2
f 1397/285/2 1368/282/2 1369/286/2
f 1396/287/2 1397/285/2 1369/286/2
f 1364/283/2 1334/284/2 1335/288/2
f 1363/289/2 1364/283/2 1335/288/2
f 1396/287/2 1369/286/2 1370/290/2
f 1395/291/2 1396/287/2 1370/290/2
f 1363/289/2 1335/288/2 1336/292/2
f 1362/293/2 1363/289/2 1336/292/2
f 1395/291/2 1370/290/2 1371/294/2
f 1362/293/2 1336/292/2 1337/295/2
f 1394/296/2 1395/291/2 1371/294/2
f 1361/297/2 1362/293/2 1337/295/2
f 1394/296/2 1371/294/2 1372/298/2
f 1361/297/2 1337/295/2 1338/299/2
f 1393/300/2 1394/296/2 1372/298/2
f 1361/297/2 1338/299/2 1339/301/2
f 1360/302/2 1361/297/2 1339/301/2
f 1392/303/2 1393/300/2 1372/298/2
f 1392/303/2 1372/298/2 1373/304/2
f 1360/302/2 1339/301/2 1340/305/2
f 1391/306/2 1392/303/2 1373/304/2
f 1359/307/2 1360/302/2 1340/305/2
f 1359/307/2 1340/305/2 1341/308/2
f 1391/306/2 1373/304/2 1374/309/2
f 1359/307/2 1341/308/2 1342/310/2
f 1390/311/2 1391/306/2 1374/309/2
f 1358/312/2 1359/307/2 1342/310/2
f 1390/311/2 1374/309/2 1375/313/2
f 1358/312/2 1342/310/2 1343/314/2
f 1358/312/2 1343/314/2 1344/315/2
f 1389/316/2 1390/311/2 1375/313/2
f 1358/312/2 1344/315/2 1345/317/2
f 1388/318/2 1389/316/2 1375/313/2
f 1357/319/2 1358/312/2 1345/317/2
f 1357/319/2 1345/317/2 1346/320/2
f 1387/321/2 1388/318/2 1375/313/2
f 1387/321/2 1375/313/2 1376/322/2
f 1357/319/2 1346/320/2 1347/323/2
f 1386/324/2 1387/321/2 1376/322/2
f 1385/325/2 1386/324/2 1376/322/2
f 1357/319/2 1347/323/2 1348/326/2
f 1356/327/2 1357/319/2 1348/326/2
f 1384/328/2 1385/325/2 1376/322/2
f 1356/327/2 1348/326/2 1349/329/2
f 1384/328/2 1376/322/2 1377/330/2
f 1383/331/2 1384/328/2 1377/330/2
f 1356/327/2 1349/329/2 1350/332/2
f 1382/333/2 1383/331/2 1377/330/2
f 1355/334/2 1356/327/2 1350/332/2
f 1355/334/2 1350/332/2 1351/335/2
f 1381/336/2 1382/333/2 1377/330/2
f 1355/334/2 1351/335/2 1352/337/2
f 1381/336/2 1377/330/2 1380/338/2
f 1380/338/2 1377/330/2 1379/339/2
f 1379/339/2 1377/330/2 1378/340/2
f 1354/341/2 1355/334/2 1353/342/2
f 1353/342/2 1355/334/2 1352/337/2
f 1477/343/2 1478/345/2 1475/344/2
f 1475/344/2 1478/345/2 1479/346/2
f 1475/344/2 1479/346/2 1474/347/2
f 1474/347/2 1479/346/2 1472/348/2
f 1477/343/2 1475/344/2 1476/349/2
f 1473/350/2 1474/347/2 1472/348/2
f 1481/351/2 1482/353/2 1483/352/2
f 1481/351/2 1483/352/2 1480/354/2
f 1485/355/2 1486/356/2 1487/160/2
f 1485/355/2 1487/160/2 1484/357/2
f 1469/358/2 1470/360/2 1457/359/2
f 1457/359/2 1470/360/2 1471/361/2
f 1457/359/2 1471/361/2 1456/362/2
f 1456/362/2 1471/361/2 1464/363/2
f 1469/358/2 1457/359/2 1458/364/2
f 1459/365/2 1456/362/2 1464/363/2
f 1469/358/2 1458/364/2 1454/366/2
f 1454/366/2 1458/364/2 1459/365/2
f 1454/366/2 1459/365/2 1453/367/2
f 1453/367/2 1459/365/2 1464/363/2
f 1469/358/2 1454/366/2 1455/368/2
f 1452/9/2 1453/367/2 1464/363/2
f 1469/358/2 1455/368/2 1462/369/2
f 1462/369/2 1455/368/2 1452/9/2
f 1462/369/2 1452/9/2 1461/370/2
f 1461/370/2 1452/9/2 1464/363/2
f 1469/358/2 1462/369/2 1463/371/2
f 1460/372/2 1461/370/2 1464/363/2
f 1469/358/2 1463/371/2 1467/373/2
f 1467/373/2 1463/371/2 1460/372/2
f 1467/373/2 1460/372/2 1466/374/2
f 1466/374/2 1460/372/2 1464/363/2
f 1469/358/2 1467/373/2 1468/375/2
f 1465/376/2 1466/374/2 1464/363/2
f 1588/377/2 1589/378/2 1590/160/2
f 1588/377/2 1590/160/2 1488/9/2
f 1587/379/2 1588/377/2 1488/9/2
f 1587/379/2 1488/9/2 1489/380/2
f 1586/381/2 1587/379/2 1489/380/2
f 1586/381/2 1489/380/2 1490/382/2
f 1585/383/2 1586/381/2 1490/382/2
f 1585/383/2 1490/382/2 1491/384/2
f 1584/385/2 1585/383/2 1491/384/2
f 1584/385/2 1491/384/2 1492/386/2
f 1583/387/2 1584/385/2 1492/386/2
f 1583/387/2 1492/386/2 1493/388/2
f 1582/389/2 1583/387/2 1493/388/2
f 1582/389/2 1493/388/2 1494/390/2
f 1581/391/2 1582/389/2 1494/390/2
f 1581/391/2 1494/390/2 1495/392/2
f 1580/393/2 1581/391/2 1495/392/2
f 1580/393/2 1495/392/2 1496/394/2
f 1579/395/2 1580/393/2 1496/394/2
f 1579/395/2 1496/394/2 1497/396/2
f 1578/397/2 1579/395/2 1497/396/2
f 1578/397/2 1497/396/2 1498/398/2
f 1577/399/2 1578/397/2 1498/398/2
f 1577/399/2 1498/398/2 1499/400/2
f 1575/401/2 1576/402/2 1577/399/2
f 1575/401/2 1577/399/2 1499/400/2
f 1575/401/2 1499/400/2 1500/403/2
f 1575/401/2 1500/403/2 1501/404/2
f 1574/405/1 1575/401/1 1501/404/1
f 1573/406/2 1574/405/2 1502/407/2
f 1502/407/1 1574/405/1 1501/404/1
f 1573/406/2 1502/407/2 1503/408/2
f 1572/409/2 1573/406/2 1538/410/2
f 1538/410/2 1573/406/2 1503/408/2
f 1538/410/2 1503/408/2 1504/411/2
f 1572/409/2 1538/410/2 1539/412/2
f 1537/413/2 1538/410/2 1504/411/2
f 1571/414/2 1572/409/2 1539/412/2
f 1571/414/2 1539/412/2 1540/415/2
f 1537/413/2 1504/411/2 1505/416/2
f 1536/417/2 1537/413/2 1505/416/2
f 1570/418/2 1571/414/2 1540/415/2
f 1570/418/2 1540/415/2 1541/419/2
f 1536/417/2 1505/416/2 1506/420/2
f 1535/421/2 1536/417/2 1506/420/2
f 1569/422/2 1570/418/2 1541/419/2
f 1569/422/2 1541/419/2 1542/423/2
f 1535/421/2 1506/420/2 1507/424/2
f 1534/425/2 1535/421/2 1507/424/2
f 1568/426/2 1569/422/2 1542/423/2
f 1568/426/2 1542/423/2 1543/427/2
f 1534/425/2 1507/424/2 1508/428/2
f 1533/429/2 1534/425/2 1508/428/2
f 1567/430/2 1568/426/2 1543/427/2
f 1567/430/2 1543/427/2 1544/431/2
f 1533/429/2 1508/428/2 1509/432/2
f 1532/433/2 1533/429/2 1509/432/2
f 1566/434/2 1567/430/2 1544/431/2
f 1532/433/2 1509/432/2 1510/435/2
f 1566/434/2 1544/431/2 1545/436/2
f 1531/437/2 1532/433/2 1510/435/2
f 1565/438/2 1566/434/2 1545/436/2
f 1531/437/2 1510/435/2 1511/439/2
f 1565/438/2 1545/436/2 1546/440/2
f 1564/441/2 1565/438/2 1546/440/2
f 1530/442/2 1531/437/2 1511/439/2
f 1530/442/2 1511/439/2 1512/443/2
f 1564/441/2 1546/440/2 1547/444/2
f 1563/445/2 1564/441/2 1547/444/2
f 1529/446/2 1530/442/2 1512/443/2
f 1529/446/2 1512/443/2 1513/447/2
f 1563/445/2 1547/444/2 1548/448/2
f 1529/446/2 1513/447/2 1514/449/2
f 1562/450/2 1563/445/2 1548/448/2
f 1528/451/2 1529/446/2 1514/449/2
f 1528/451/2 1514/449/2 1515/452/2
f 1528/451/2 1515/452/2 1516/453/2
f 1562/450/2 1548/448/2 1549/454/2
f 1561/455/2 1562/450/2 1549/454/2
f 1528/451/2 1516/453/2 1517/456/2
f 1560/457/2 1561/455/2 1549/454/2
f 1528/451/2 1517/456/2 1518/458/2
f 1559/459/2 1560/457/2 1549/454/2
f 1527/460/2 1528/451/2 1518/458/2
f 1527/460/2 1518/458/2 1519/461/2
f 1558/462/2 1559/459/2 1549/454/2
f 1527/460/2 1519/461/2 1520/463/2
f 1557/464/2 1558/462/2 1549/454/2
f 1556/465/2 1557/464/2 1549/454/2
f 1527/460/2 1520/463/2 1521/466/2
f 1555/467/2 1556/465/2 1549/454/2
f 1527/460/2 1521/466/2 1522/468/2
f 1555/467/2 1549/454/2 1554/469/2
f 1554/469/2 1549/454/2 1553/470/2
f 1553/470/2 1549/454/2 1552/471/2
f 1552/471/2 1549/454/2 1551/472/2
f 1551/472/2 1549/454/2 1550/473/2
f 1526/474/2 1527/460/2 1525/475/2
f 1525/475/2 1527/460/2 1524/476/2
f 1524/476/2 1527/460/2 1523/477/2
f 1523/477/2 1527/460/2 1522/468/2
f 1673/478/2 1674/480/2 1675/479/2
f 1673/478/2 1675/479/2 1676/481/2
f 1672/482/2 1673/478/2 1676/481/2
f 1672/482/2 1676/481/2 1677/483/2
f 1671/484/2 1672/482/2 1677/483/2
f 1671/484/2 1677/483/2 1678/485/2
f 1670/486/2 1671/484/2 1678/485/2
f 1670/486/2 1678/485/2 1679/487/2
f 1669/412/2 1670/486/2 1626/488/2
f 1626/488/2 1670/486/2 1735/489/2
f 1735/489/2 1670/486/2 1679/487/2
f 1626/488/2 1735/489/2 1736/490/2
f 1734/491/2 1735/489/2 1679/487/2
f 1669/412/2 1626/488/2 1627/492/2
f 1625/493/2 1626/488/2 1736/490/2
f 1734/491/2 1679/487/2 1680/494/2
f 1733/495/2 1734/491/2 1680/494/2
f 1669/412/2 1627/492/2 1628/496/2
f 1668/497/2 1669/412/2 1628/496/2
f 1732/498/2 1733/495/2 1680/494/2
f 1625/493/2 1736/490/2 1737/499/2
f 1668/497/2 1628/496/2 1629/500/2
f 1624/501/2 1625/493/2 1737/499/2
f 1731/502/2 1732/498/2 1680/494/2
f 1731/502/2 1680/494/2 1681/503/2
f 1668/497/2 1629/500/2 1630/504/2
f 1624/501/2 1737/499/2 1738/505/2
f 1667/506/2 1668/497/2 1630/504/2
f 1623/507/2 1624/501/2 1738/505/2
f 1730/508/2 1731/502/2 1681/503/2
f 1667/506/2 1630/504/2 1631/509/2
f 1730/508/2 1681/503/2 1682/510/2
f 1729/511/2 1730/508/2 1682/510/2
f 1622/512/2 1623/507/2 1738/505/2
f 1622/512/2 1738/505/2 1739/513/2
f 1666/514/2 1667/506/2 1631/509/2
f 1666/514/2 1631/509/2 1632/515/2
f 1621/516/2 1622/512/2 1739/513/2
f 1728/517/2 1729/511/2 1682/510/2
f 1621/516/2 1739/513/2 1740/518/2
f 1728/517/2 1682/510/2 1683/519/2
f 1620/520/2 1621/516/2 1740/518/2
f 1620/520/2 1740/518/2 1741/521/2
f 1727/522/2 1728/517/2 1683/519/2
f 1666/514/2 1632/515/2 1633/523/2
f 1665/524/2 1666/514/2 1633/523/2
f 1619/525/2 1620/520/2 1741/521/2
f 1619/525/2 1741/521/2 1742/526/2
f 1727/522/2 1683/519/2 1684/527/2
f 1726/528/2 1727/522/2 1684/527/2
f 1665/524/2 1633/523/2 1634/529/2
f 1618/530/2 1619/525/2 1742/526/2
f 1618/530/2 1742/526/2 1743/531/2
f 1664/532/2 1665/524/2 1634/529/2
f 1725/533/2 1726/528/2 1684/527/2
f 1617/416/2 1618/530/2 1743/531/2
f 1664/532/2 1634/529/2 1635/534/2
f 1617/416/2 1743/531/2 1744/535/2
f 1725/533/2 1684/527/2 1685/536/2
f 1616/537/2 1617/416/2 1744/535/2
f 1616/537/2 1744/535/2 1745/538/2
f 1724/539/2 1725/533/2 1685/536/2
f 1664/532/2 1635/534/2 1636/540/2
f 1663/541/2 1664/532/2 1636/540/2
f 1615/542/2 1616/537/2 1745/538/2
f 1615/542/2 1745/538/2 1746/543/2
f 1724/539/2 1685/536/2 1686/544/2
f 1614/545/2 1615/542/2 1746/543/2
f 1723/546/2 1724/539/2 1686/544/2
f 1663/541/2 1636/540/2 1637/547/2
f 1614/545/2 1746/543/2 1747/160/2
f 1613/548/2 1614/545/2 1747/160/2
f 1662/549/2 1663/541/2 1637/547/2
f 1613/548/2 1747/160/2 1639/550/2
f 1722/551/2 1723/546/2 1686/544/2
f 1662/549/2 1637/547/2 1638/552/2
f 1722/551/2 1686/544/2 1687/553/2
f 1612/554/2 1613/548/2 1639/550/2
f 1662/549/2 1638/552/2 1591/9/2
f 1721/406/2 1722/551/2 1687/553/2
f 1661/555/2 1662/549/2 1591/9/2
f 1612/554/2 1639/550/2 1640/556/2
f 1721/406/2 1687/553/2 1688/557/2
f 1611/558/2 1612/554/2 1640/556/2
f 1661/555/2 1591/9/2 1592/559/2
f 1720/560/2 1721/406/2 1688/557/2
f 1660/561/2 1661/555/2 1592/559/2
f 1610/562/2 1611/558/2 1640/556/2
f 1660/561/2 1592/559/2 1593/563/2
f 1610/562/2 1640/556/2 1641/564/2
f 1720/560/2 1688/557/2 1689/565/2
f 1719/566/2 1720/560/2 1689/565/2
f 1660/561/2 1593/563/2 1594/567/2
f 1609/568/2 1610/562/2 1641/564/2
f 1659/569/2 1660/561/2 1594/567/2
f 1609/568/2 1641/564/2 1642/570/2
f 1659/569/2 1594/567/2 1595/571/2
f 1608/572/2 1609/568/2 1642/570/2
f 1719/566/2 1689/565/2 1690/573/2
f 1718/574/2 1719/566/2 1690/573/2
f 1658/575/2 1659/569/2 1595/571/2
f 1658/575/2 1595/571/2 1596/576/2
f 1607/577/2 1608/572/2 1642/570/2
f 1607/577/2 1642/570/2 1643/468/2
f 1658/575/2 1596/576/2 1597/578/2
f 1717/579/2 1718/574/2 1690/573/2
f 1606/580/2 1607/577/2 1643/468/2
f 1657/581/2 1658/575/2 1597/578/2
f 1657/581/2 1597/578/2 1598/582/2
f 1717/579/2 1690/573/2 1691/583/2
f 1605/584/2 1606/580/2 1643/468/2
f 1657/581/2 1598/582/2 1599/585/2
f 1716/586/2 1717/579/2 1691/583/2
f 1605/584/2 1643/468/2 1644/587/2
f 1604/588/2 1605/584/2 1644/587/2
f 1657/581/2 1599/585/2 1600/589/2
f 1603/590/2 1604/588/2 1644/587/2
f 1657/581/2 1600/589/2 1601/591/2
f 1656/592/2 1657/581/2 1601/591/2
f 1602/593/2 1603/590/2 1644/587/2
f 1656/592/2 1601/591/2 1602/593/2
f 1656/592/2 1602/593/2 1644/587/2
f 1715/594/2 1716/586/2 1691/583/2
f 1715/594/2 1691/583/2 1692/595/2
f 1656/592/2 1644/587/2 1645/596/2
f 1655/597/2 1656/592/2 1645/596/2
f 1714/598/2 1715/594/2 1692/595/2
f 1655/597/2 1645/596/2 1646/599/2
f 1654/600/2 1655/597/2 1646/599/2
f 1714/598/2 1692/595/2 1693/601/2
f 1713/602/2 1714/598/2 1693/601/2
f 1654/600/2 1646/599/2 1647/603/2
f 1653/604/2 1654/600/2 1647/603/2
f 1712/605/2 1713/602/2 1693/601/2
f 1711/606/2 1712/605/2 1693/601/2
f 1653/604/2 1647/603/2 1648/607/2
f 1652/608/2 1653/604/2 1648/607/2
f 1711/606/2 1693/601/2 1694/609/2
f 1710/610/2 1711/606/2 1694/609/2
f 1709/611/2 1710/610/2 1694/609/2
f 1708/612/2 1709/611/2 1694/609/2
f 1652/608/2 1648/607/2 1649/613/2
f 1651/614/2 1652/608/2 1649/613/2
f 1707/615/2 1708/612/2 1694/609/2
f 1706/616/2 1707/615/2 1694/609/2
f 1705/617/2 1706/616/2 1694/609/2
f 1704/618/2 1705/617/2 1694/609/2
f 1703/619/2 1704/618/2 1694/609/2
f 1702/620/2 1703/619/2 1694/609/2
f 1651/614/2 1649/613/2 1650/621/2
f 1701/622/2 1702/620/2 1694/609/2
f 1700/623/2 1701/622/2 1694/609/2
f 1699/624/2 1700/623/2 1694/609/2
f 1698/625/2 1699/624/2 1694/609/2
f 1698/625/2 1694/609/2 1695/465/2
f 1698/625/2 1695/465/2 1696/626/2
f 1698/625/2 1696/626/2 1697/627/2
f 1786/628/2 1787/630/2 1788/629/2
f 1786/628/2 1788/629/2 1789/631/2
f 1786/628/2 1789/631/2 1790/45/2
f 1786/628/2 1790/45/2 1791/632/2
f 1786/628/2 1791/632/2 1792/348/2
f 1786/628/2 1792/348/2 1793/633/2
f 1786/628/2 1793/633/2 1794/634/2
f 1786/628/2 1794/634/2 1795/635/2
f 1786/628/2 1795/635/2 1796/636/2
f 1785/637/2 1786/628/2 1796/636/2
f 1784/638/2 1785/637/2 1796/636/2
f 1784/638/2 1796/636/2 1797/134/2
f 1783/122/2 1784/638/2 1797/134/2
f 1783/122/2 1797/134/2 1798/639/2
f 1782/640/2 1783/122/2 1798/639/2
f 1781/373/2 1782/640/2 1798/639/2
f 1781/373/2 1798/639/2 1799/641/2
f 1780/642/2 1781/373/2 1799/641/2
f 1780/642/2 1799/641/2 1779/643/2
f 1779/643/2 1799/641/2 1778/644/2
f 1778/644/2 1799/641/2 1777/645/2
f 1777/645/2 1799/641/2 1776/110/2
f 1776/110/2 1799/641/2 1775/646/2
f 1775/646/2 1799/641/2 1774/647/2
f 1812/648/2 1813/649/2 1814/353/2
f 1812/648/2 1814/353/2 1815/650/2
f 1812/648/2 1815/650/2 1816/651/2
f 1812/648/2 1816/651/2 1817/652/2
f 1812/648/2 1817/652/2 1818/21/2
f 1812/648/2 1818/21/2 1819/653/2
f 1812/648/2 1819/653/2 1820/654/2
f 1812/648/2 1820/654/2 1821/655/2
f 1812/648/2 1821/655/2 1822/656/2
f 1811/316/2 1812/648/2 1822/656/2
f 1810/657/2 1811/316/2 1822/656/2
f 1810/657/2 1822/656/2 1823/658/2
f 1809/659/2 1810/657/2 1823/658/2
f 1808/660/2 1809/659/2 1823/658/2
f 1808/660/2 1823/658/2 1824/661/2
f 1807/662/2 1808/660/2 1824/661/2
f 1807/662/2 1824/661/2 1825/160/2
f 1806/663/2 1807/662/2 1825/160/2
f 1806/663/2 1825/160/2 1805/664/2
f 1805/664/2 1825/160/2 1804/312/2
f 1804/312/2 1825/160/2 1803/343/2
f 1803/343/2 1825/160/2 1802/665/2
f 1802/665/2 1825/160/2 1801/666/2
f 1801/666/2 1825/160/2 1800/667/2
f 1760/668/2 1761/669/2 1762/257/2
f 1760/668/2 1762/257/2 1763/670/2
f 1760/668/2 1763/670/2 1764/671/2
f 1760/668/2 1764/671/2 1765/672/2
f 1760/668/2 1765/672/2 1766/673/2
f 1760/668/2 1766/673/2 1767/674/2
f 1760/668/2 1767/674/2 1768/675/2
f 1759/359/2 1760/668/2 1768/675/2
f 1759/359/2 1768/675/2 1769/208/2
f 1758/676/2 1759/359/2 1769/208/2
f 1757/677/2 1758/676/2 1769/208/2
f 1757/677/2 1769/208/2 1770/369/2
f 1756/678/2 1757/677/2 1770/369/2
f 1756/678/2 1770/369/2 1771/679/2
f 1755/205/2 1756/678/2 1771/679/2
f 1755/205/2 1771/679/2 1772/680/2
f 1754/681/2 1755/205/2 1772/680/2
f 1754/681/2 1772/680/2 1773/682/2
f 1753/683/2 1754/681/2 1773/682/2
f 1753/683/2 1773/682/2 1752/684/2
f 1752/684/2 1773/682/2 1751/685/2
f 1751/685/2 1773/682/2 1750/686/2
f 1750/686/2 1773/682/2 1749/687/2
f 1749/687/2 1773/682/2 1748/9/2
f 1864/688/2 1865/690/2 1866/689/2
f 1864/688/2 1866/689/2 1867/691/2
f 1864/688/2 1867/691/2 1868/692/2
f 1863/693/2 1864/688/2 1868/692/2
f 1863/693/2 1868/692/2 1869/694/2
f 1862/695/2 1863/693/2 1869/694/2
f 1838/696/2 1839/698/2 1840/697/2
f 1861/699/2 1862/695/2 1869/694/2
f 1861/699/2 1869/694/2 1870/700/2
f 1838/696/2 1840/697/2 1841/701/2
f 1860/702/2 1861/699/2 1870/700/2
f 1838/696/2 1841/701/2 1842/703/2
f 1860/702/2 1870/700/2 1871/704/2
f 1837/705/2 1838/696/2 1842/703/2
f 1859/706/2 1860/702/2 1871/704/2
f 1837/705/2 1842/703/2 1843/707/2
f 1859/706/2 1871/704/2 1872/708/2
f 1836/709/2 1837/705/2 1843/707/2
f 1858/710/2 1859/706/2 1872/708/2
f 1836/709/2 1843/707/2 1844/711/2
f 1835/712/2 1836/709/2 1844/711/2
f 1858/710/2 1872/708/2 1873/713/2
f 1857/714/2 1858/710/2 1873/713/2
f 1834/715/2 1835/712/2 1844/711/2
f 1834/715/2 1844/711/2 1845/716/2
f 1857/714/2 1873/713/2 1874/717/2
f 1856/718/2 1857/714/2 1874/717/2
f 1833/719/2 1834/715/2 1845/716/2
f 1833/719/2 1845/716/2 1846/720/2
f 1856/718/2 1874/717/2 1875/721/2
f 1855/722/2 1856/718/2 1875/721/2
f 1832/723/2 1833/719/2 1846/720/2
f 1832/723/2 1846/720/2 1847/724/2
f 1855/722/2 1875/721/2 1876/725/2
f 1854/726/2 1855/722/2 1876/725/2
f 1854/726/2 1876/725/2 1877/727/2
f 1831/728/2 1832/723/2 1847/724/2
f 1831/728/2 1847/724/2 1848/729/2
f 1854/726/2 1877/727/2 1853/730/2
f 1853/730/2 1877/727/2 1852/731/2
f 1830/732/2 1831/728/2 1848/729/2
f 1830/732/2 1848/729/2 1849/733/2
f 1830/732/2 1849/733/2 1850/734/2
f 1829/735/2 1830/732/2 1850/734/2
f 2011/736/2 2012/738/2 2013/737/2
f 2010/739/2 2011/736/2 2013/737/2
f 1975/740/2 1976/742/2 1977/741/2
f 2009/743/2 2010/739/2 2013/737/2
f 1975/740/2 1977/741/2 1978/744/2
f 1829/735/2 1850/734/2 1851/745/2
f 1975/740/2 1978/744/2 1979/746/2
f 2008/747/2 2009/743/2 2013/737/2
f 1975/740/2 1979/746/2 1980/748/2
f 1828/749/2 1829/735/2 1851/745/2
f 2007/750/2 2008/747/2 2013/737/2
f 1975/740/2 1980/748/2 1981/751/2
f 1975/740/2 1981/751/2 1982/752/2
f 2006/753/2 2007/750/2 2013/737/2
f 1975/740/2 1982/752/2 1983/754/2
f 2005/755/2 2006/753/2 2013/737/2
f 1975/740/2 1983/754/2 1984/756/2
f 2004/757/2 2005/755/2 2013/737/2
f 1975/740/2 1984/756/2 1985/758/2
f 2003/759/2 2004/757/2 2013/737/2
f 1975/740/2 1985/758/2 1986/760/2
f 2002/761/2 2003/759/2 2013/737/2
f 1975/740/2 1986/760/2 1987/762/2
f 2001/763/2 2002/761/2 2013/737/2
f 1975/740/2 1987/762/2 1988/764/2
f 2000/765/2 2001/763/2 2013/737/2
f 1975/740/2 1988/764/2 1989/766/2
f 1975/740/2 1989/766/2 1990/767/2
f 1975/740/2 1990/767/2 1991/768/2
f 1975/740/2 1991/768/2 1992/769/2
f 1975/740/2 1992/769/2 1993/770/2
f 1975/740/2 1993/770/2 1994/771/2
f 1975/740/2 1994/771/2 1995/772/2
f 1975/740/2 1995/772/2 1996/773/2
f 1975/740/2 1996/773/2 1997/774/2
f 1975/740/2 1997/774/2 1998/775/2
f 1975/740/2 1998/775/2 1999/776/2
f 1975/740/2 1999/776/2 2000/765/2
f 1975/740/2 2000/765/2 2013/737/2
f 1828/749/2 1851/745/2 1827/777/2
f 1827/777/2 1851/745/2 1826/9/2
f 1975/740/2 2013/737/2 1974/778/2
f 1974/778/2 2013/737/2 2014/779/2
f 1974/778/2 2014/779/2 2015/780/2
f 1974/778/2 2015/780/2 1973/781/2
f 1973/781/2 2015/780/2 2016/782/2
f 1973/781/2 2016/782/2 1972/783/2
f 1972/783/2 2016/782/2 1971/784/2
f 1971/784/2 2016/782/2 2017/785/2
f 1971/784/2 2017/785/2 1970/786/2
f 1970/786/2 2017/785/2 2018/787/2
f 1970/786/5 2018/787/5 1969/788/5
f 1969/788/2 2018/787/2 1968/789/2
f 1968/789/2 2018/787/2 2019/790/2
f 1968/789/2 2019/790/2 1967/791/2
f 1967/791/2 2019/790/2 2020/792/2
f 1967/791/2 2020/792/2 1966/793/2
f 1966/793/2 2020/792/2 2021/794/2
f 1966/793/2 2021/794/2 1965/795/2
f 1965/795/2 2021/794/2 2022/796/2
f 1965/795/2 2022/796/2 2023/797/2
f 1965/795/2 2023/797/2 1964/798/2
f 1964/798/2 2023/797/2 2024/799/2
f 1964/798/2 2024/799/2 2025/160/2
f 1964/798/2 2025/160/2 1963/800/2
f 1963/800/2 2025/160/2 1962/801/2
f 1962/801/2 2025/160/2 1961/802/2
f 1961/802/2 2025/160/2 1960/803/2
f 1960/803/2 2025/160/2 1958/804/2
f 1958/804/2 2025/160/2 1957/805/2
f 1957/805/2 2025/160/2 1956/806/2
f 1956/806/2 2025/160/2 1955/807/2
f 1955/807/2 2025/160/2 1953/808/2
f 1953/808/2 2025/160/2 1952/809/2
f 1952/809/2 2025/160/2 1951/810/2
f 1951/810/2 2025/160/2 1878/811/2
f 1959/812/1 1960/803/1 1958/804/1
f 1954/813/1 1955/807/1 1953/808/1
f 1950/814/2 1951/810/2 1878/811/2
f 1950/814/2 1878/811/2 1879/815/2
f 1949/816/2 1950/814/2 1879/815/2
f 1949/816/2 1879/815/2 1880/817/2
f 1948/818/2 1949/816/2 1880/817/2
f 1948/818/2 1880/817/2 1881/819/2
f 1947/820/2 1948/818/2 1881/819/2
f 1947/820/2 1881/819/2 1882/821/2
f 1946/822/2 1947/820/2 1882/821/2
f 1946/822/2 1882/821/2 1883/823/2
f 1945/824/2 1946/822/2 1883/823/2
f 1945/824/2 1883/823/2 1884/825/2
f 1944/826/2 1945/824/2 1884/825/2
f 1943/827/2 1944/826/2 1884/825/2
f 1943/827/2 1884/825/2 1885/828/2
f 1942/829/2 1943/827/2 1885/828/2
f 1942/829/2 1885/828/2 1886/830/2
f 1941/831/2 1942/829/2 1886/830/2
f 1941/831/2 1886/830/2 1887/832/2
f 1940/833/2 1941/831/2 1887/832/2
f 1940/833/2 1887/832/2 1888/834/2
f 1939/835/2 1940/833/2 1888/834/2
f 1939/835/2 1888/834/2 1889/836/2
f 1938/837/2 1939/835/2 1889/836/2
f 1938/837/2 1889/836/2 1890/838/2
f 1937/839/2 1938/837/2 1890/838/2
f 1937/839/2 1890/838/2 1891/840/2
f 1936/841/2 1937/839/2 1891/840/2
f 1936/841/2 1891/840/2 1914/842/2
f 1914/842/2 1891/840/2 1892/843/2
f 1936/841/2 1914/842/2 1915/844/2
f 1913/845/2 1914/842/2 1892/843/2
f 1913/845/2 1892/843/2 1893/846/2
f 1935/847/2 1936/841/2 1915/844/2
f 1912/848/2 1913/845/2 1893/846/2
f 1935/847/2 1915/844/2 1916/849/2
f 1912/848/2 1893/846/2 1894/850/2
f 1934/851/2 1935/847/2 1916/849/2
f 1911/852/2 1912/848/2 1894/850/2
f 1934/851/2 1916/849/2 1917/853/2
f 1911/852/2 1894/850/2 1895/854/2
f 1933/855/2 1934/851/2 1917/853/2
f 1910/856/2 1911/852/2 1895/854/2
f 1933/855/2 1917/853/2 1918/857/2
f 1910/856/2 1895/854/2 1896/858/2
f 1932/859/2 1933/855/2 1918/857/2
f 1909/860/2 1910/856/2 1896/858/2
f 1932/859/2 1918/857/2 1919/861/2
f 1909/860/2 1896/858/2 1897/862/2
f 1931/863/2 1932/859/2 1919/861/2
f 1908/864/2 1909/860/2 1897/862/2
f 1931/863/2 1919/861/2 1920/865/2
f 1908/864/2 1897/862/2 1898/866/2
f 1930/867/2 1931/863/2 1920/865/2
f 1907/868/2 1908/864/2 1898/866/2
f 1930/867/2 1920/865/2 1921/869/2
f 1929/870/2 1930/867/2 1921/869/2
f 1907/868/2 1898/866/2 1899/871/2
f 1906/872/2 1907/868/2 1899/871/2
f 1929/870/2 1921/869/2 1922/873/2
f 1928/874/2 1929/870/2 1922/873/2
f 1906/872/2 1899/871/2 1900/875/2
f 1905/876/2 1906/872/2 1900/875/2
f 1927/877/2 1928/874/2 1922/873/2
f 1927/877/2 1922/873/2 1923/878/2
f 1905/876/2 1900/875/2 1901/879/2
f 1926/880/2 1927/877/2 1923/878/2
f 1904/881/2 1905/876/2 1901/879/2
f 1926/880/2 1923/878/2 1924/882/2
f 1904/881/2 1901/879/2 1903/883/2
f 1903/883/2 1901/879/2 1902/884/2
f 1926/880/2 1924/882/2 1925/885/2
f 2177/886/2 2178/888/2 2179/887/2
f 2177/886/2 2179/887/2 2180/889/2
f 2176/890/2 2177/886/2 2180/889/2
f 2176/890/2 2180/889/2 2181/891/2
f 2175/892/2 2176/890/2 2181/891/2
f 2175/892/2 2181/891/2 2182/893/2
f 2174/894/2 2175/892/2 2182/893/2
f 2174/894/2 2182/893/2 2183/895/2
f 2173/896/2 2174/894/2 2183/895/2
f 2173/896/2 2183/895/2 2184/897/2
f 2172/898/2 2173/896/2 2184/897/2
f 2172/898/2 2184/897/2 2185/899/2
f 2171/900/2 2172/898/2 2185/899/2
f 2171/900/2 2185/899/2 2186/406/2
f 2170/612/2 2171/900/2 2186/406/2
f 2170/612/2 2186/406/2 2187/901/2
f 2169/902/2 2170/612/2 2187/901/2
f 2169/902/2 2187/901/2 2188/903/2
f 2168/904/2 2169/902/2 2188/903/2
f 2168/904/2 2188/903/2 2189/905/2
f 2167/906/2 2168/904/2 2189/905/2
f 2167/906/2 2189/905/2 2190/907/2
f 2166/908/2 2167/906/2 2190/907/2
f 2166/908/2 2190/907/2 2191/909/2
f 2165/910/2 2166/908/2 2191/909/2
f 2165/910/2 2191/909/2 2192/911/2
f 2204/912/2 2205/914/2 2206/913/2
f 2151/915/2 2152/917/2 2153/916/2
f 2203/918/2 2204/912/2 2206/913/2
f 2151/915/2 2153/916/2 2154/465/2
f 2202/491/2 2203/918/2 2206/913/2
f 2151/915/2 2154/465/2 2155/919/2
f 2201/920/2 2202/491/2 2206/913/2
f 2151/915/2 2155/919/2 2156/921/2
f 2200/922/2 2201/920/2 2206/913/2
f 2151/915/2 2156/921/2 2157/923/2
f 2199/924/2 2200/922/2 2206/913/2
f 2151/915/2 2157/923/2 2158/925/2
f 2198/926/2 2199/924/2 2206/913/2
f 2151/915/2 2158/925/2 2159/927/2
f 2197/928/2 2198/926/2 2206/913/2
f 2151/915/2 2159/927/2 2160/929/2
f 2196/930/2 2197/928/2 2206/913/2
f 2151/915/2 2160/929/2 2161/931/2
f 2195/932/2 2196/930/2 2206/913/2
f 2151/915/2 2161/931/2 2162/933/2
f 2194/934/2 2195/932/2 2206/913/2
f 2151/915/2 2162/933/2 2163/935/2
f 2193/936/2 2194/934/2 2206/913/2
f 2151/915/2 2163/935/2 2164/937/2
f 2151/915/2 2164/937/2 2165/910/2
f 2151/915/2 2165/910/2 2192/911/2
f 2151/915/2 2192/911/2 2193/936/2
f 2151/915/2 2193/936/2 2150/938/2
f 2150/938/2 2193/936/2 2149/939/2
f 2149/939/2 2193/936/2 2206/913/2
f 2149/939/2 2206/913/2 2148/940/2
f 2148/940/2 2206/913/2 2207/941/2
f 2148/940/6 2207/941/6 2147/942/6
f 2147/942/2 2207/941/2 2146/943/2
f 2146/943/2 2207/941/2 2208/944/2
f 2146/943/2 2208/944/2 2145/945/2
f 2145/945/2 2208/944/2 2144/946/2
f 2144/946/2 2208/944/2 2209/947/2
f 2144/946/2 2209/947/2 2143/948/2
f 2143/948/2 2209/947/2 2142/949/2
f 2142/949/2 2209/947/2 2210/950/2
f 2142/949/2 2210/950/2 2141/951/2
f 2141/951/2 2210/950/2 2140/952/2
f 2140/952/2 2210/950/2 2211/953/2
f 2140/952/2 2211/953/2 2139/954/2
f 2139/954/2 2211/953/2 2212/955/2
f 2139/954/2 2212/955/2 2138/510/2
f 2138/510/2 2212/955/2 2137/956/2
f 2137/956/2 2212/955/2 2136/957/2
f 2136/957/2 2212/955/2 2135/958/2
f 2135/958/2 2212/955/2 2134/959/2
f 2134/959/2 2212/955/2 2133/960/2
f 2133/960/2 2212/955/2 2132/961/2
f 2132/961/2 2212/955/2 2131/962/2
f 2131/962/2 2212/955/2 2130/963/2
f 2130/963/2 2212/955/2 2129/964/2
f 2129/964/2 2212/955/2 2128/965/2
f 2128/965/2 2212/955/2 2127/966/2
f 2127/966/2 2212/955/2 2213/967/2
f 2126/968/2 2127/966/2 2213/967/2
f 2126/968/2 2213/967/2 2214/969/2
f 2126/968/2 2214/969/2 2215/970/2
f 2125/971/2 2126/968/2 2215/970/2
f 2125/971/2 2215/970/2 2216/972/2
f 2125/971/2 2216/972/2 2217/973/2
f 2125/971/2 2217/973/2 2218/160/2
f 2124/974/2 2125/971/2 2218/160/2
f 2124/974/2 2218/160/2 2052/975/2
f 2123/976/2 2124/974/2 2052/975/2
f 2123/976/2 2052/975/2 2053/977/2
f 2122/412/2 2123/976/2 2053/977/2
f 2122/412/2 2053/977/2 2054/978/2
f 2121/979/2 2122/412/2 2054/978/2
f 2121/979/2 2054/978/2 2055/980/2
f 2120/981/2 2121/979/2 2055/980/2
f 2120/981/2 2055/980/2 2056/982/2
f 2119/983/2 2120/981/2 2056/982/2
f 2119/983/2 2056/982/2 2057/984/2
f 2118/985/2 2119/983/2 2057/984/2
f 2118/985/2 2057/984/2 2058/416/2
f 2117/986/2 2118/985/2 2058/416/2
f 2117/986/2 2058/416/2 2059/987/2
f 2116/988/2 2117/986/2 2059/987/2
f 2116/988/2 2059/987/2 2060/989/2
f 2115/990/2 2116/988/2 2060/989/2
f 2114/991/2 2115/990/2 2060/989/2
f 2114/991/2 2060/989/2 2061/992/2
f 2113/993/2 2114/991/2 2061/992/2
f 2113/993/2 2061/992/2 2062/994/2
f 2112/995/2 2113/993/2 2062/994/2
f 2112/995/2 2062/994/2 2063/996/2
f 2051/997/2 2026/9/2 2027/998/2
f 2111/999/2 2112/995/2 2063/996/2
f 2111/999/2 2063/996/2 2090/468/2
f 2090/468/2 2063/996/2 2064/1000/2
f 2051/997/2 2027/998/2 2028/1001/2
f 2110/1002/2 2111/999/2 2090/468/2
f 2051/997/2 2028/1001/2 2029/1003/2
f 2109/1004/2 2110/1002/2 2090/468/2
f 2051/997/2 2029/1003/2 2030/1005/2
f 2051/997/2 2030/1005/2 2031/1006/2
f 2108/1007/2 2109/1004/2 2090/468/2
f 2051/997/2 2031/1006/2 2032/1008/2
f 2050/1009/2 2051/997/2 2032/1008/2
f 2107/1010/2 2108/1007/2 2090/468/2
f 2107/1010/2 2090/468/2 2091/1011/2
f 2089/1012/2 2090/468/2 2064/1000/2
f 2050/1009/2 2032/1008/2 2033/1013/2
f 2049/1014/2 2050/1009/2 2033/1013/2
f 2107/1010/2 2091/1011/2 2092/1015/2
f 2106/592/2 2107/1010/2 2092/1015/2
f 2049/1014/2 2033/1013/2 2034/1016/2
f 2048/1017/2 2049/1014/2 2034/1016/2
f 2106/592/2 2092/1015/2 2093/1018/2
f 2105/1019/2 2106/592/2 2093/1018/2
f 2048/1017/2 2034/1016/2 2035/1020/2
f 2047/1021/2 2048/1017/2 2035/1020/2
f 2105/1019/2 2093/1018/2 2094/1022/2
f 2104/1023/2 2105/1019/2 2094/1022/2
f 2047/1021/2 2035/1020/2 2036/1024/2
f 2046/1025/2 2047/1021/2 2036/1024/2
f 2104/1023/2 2094/1022/2 2095/1026/2
f 2103/1027/2 2104/1023/2 2095/1026/2
f 2046/1025/2 2036/1024/2 2037/1028/2
f 2045/1029/2 2046/1025/2 2037/1028/2
f 2103/1027/2 2095/1026/2 2096/1030/2
f 2102/1031/2 2103/1027/2 2096/1030/2
f 2045/1029/2 2037/1028/2 2038/1032/2
f 2044/1033/2 2045/1029/2 2038/1032/2
f 2102/1031/2 2096/1030/2 2097/1034/2
f 2043/1035/2 2044/1033/2 2038/1032/2
f 2043/1035/2 2038/1032/2 2042/588/2
f 2042/588/2 2038/1032/2 2041/1036/2
f 2041/1036/2 2038/1032/2 2040/1037/2
f 2040/1037/2 2038/1032/2 2039/1038/2
f 2102/1031/2 2097/1034/2 2098/1039/2
f 2102/1031/2 2098/1039/2 2099/1040/2
f 2102/1031/2 2099/1040/2 2100/1041/2
f 2102/1031/2 2100/1041/2 2101/1042/2
f 2088/1043/2 2089/1012/2 2064/1000/2
f 2088/1043/2 2064/1000/2 2065/1044/2
f 2088/1043/2 2065/1044/2 2066/1045/2
f 2087/1046/2 2088/1043/2 2066/1045/2
f 2087/1046/2 2066/1045/2 2067/1047/2
f 2086/1048/2 2087/1046/2 2067/1047/2
f 2086/1048/2 2067/1047/2 2068/1049/2
f 2085/1050/2 2086/1048/2 2068/1049/2
f 2085/1050/2 2068/1049/2 2069/1051/2
f 2084/1052/2 2085/1050/2 2069/1051/2
f 2084/1052/2 2069/1051/2 2070/1053/2
f 2083/1054/2 2084/1052/2 2070/1053/2
f 2083/1054/2 2070/1053/2 2071/1055/2
f 2082/1056/2 2083/1054/2 2071/1055/2
f 2082/1056/2 2071/1055/2 2072/1057/2
f 2081/1058/2 2082/1056/2 2072/1057/2
f 2081/1058/2 2072/1057/2 2073/1059/2
f 2080/1060/2 2081/1058/2 2073/1059/2
f 2080/1060/2 2073/1059/2 2074/504/2
f 2079/1061/2 2080/1060/2 2074/504/2
f 2079/1061/2 2074/504/2 2075/1062/2
f 2078/1063/2 2079/1061/2 2075/1062/2
f 2078/1063/2 2075/1062/2 2076/1064/2
f 2077/1065/2 2078/1063/2 2076/1064/2
s 1
f 2222/1066/7 2219/9/8 2220/1067/8
f 2224/1068/9 2221/578/7 2222/1066/7
f 2226/1069/10 2223/590/9 2224/1068/9
f 2228/1070/11 2225/568/10 2226/1069/10
f 2230/1071/12 2227/542/11 2228/1070/11
f 2232/1072/13 2229/516/12 2230/1071/12
f 2234/1073/14 2231/492/13 2232/1072/13
f 2236/1074/15 2233/523/14 2234/1073/14
f 2238/1075/16 2235/550/17 2236/1074/15
f 2240/1076/18 2237/596/16 2238/1075/16
f 2242/1077/19 2239/614/18 2240/1076/18
f 2244/1078/20 2241/581/19 2242/1077/19
f 2246/1079/21 2243/541/20 2244/1078/20
f 2248/1080/22 2245/412/21 2246/1079/21
f 2250/1081/23 2247/479/22 2248/1080/22
f 2252/1082/24 2249/503/25 2250/1081/23
f 2254/1083/26 2251/553/27 2252/1082/24
f 2256/1084/28 2253/601/26 2254/1083/26
f 2258/1085/29 2255/624/28 2256/1084/28
f 2260/1086/30 2257/617/29 2258/1085/29
f 2262/1087/31 2259/606/30 2260/1086/30
f 2264/1088/32 2261/579/31 2262/1087/31
f 2266/1089/33 2263/546/32 2264/1088/32
f 2268/1090/34 2265/511/33 2266/1089/33
f 2270/1091/35 2267/489/34 2268/1090/34
f 2220/1092/8 2269/521/35 2270/1091/35
f 2274/1093/36 2271/9/37 2272/1067/37
f 2276/1094/38 2273/1095/36 2274/1093/36
f 2278/1096/39 2275/1097/38 2276/1094/38
f 2280/1098/40 2277/1099/39 2278/1096/39
f 2282/1100/41 2279/1101/40 2280/1098/40
f 2284/1102/42 2281/1103/41 2282/1100/41
f 2286/1104/43 2283/1105/42 2284/1102/42
f 2288/1106/44 2285/1107/43 2286/1104/43
f 2290/1108/45 2287/1109/44 2288/1106/44
f 2292/1110/46 2289/1111/45 2290/1108/45
f 2294/1112/47 2291/1113/46 2292/1110/46
f 2296/1114/48 2293/1115/47 2294/1112/47
f 2298/1116/49 2295/1117/48 2296/1114/48
f 2300/1118/50 2297/1119/49 2298/1116/49
f 2302/1120/51 2299/1121/50 2300/1118/50
f 2304/1122/52 2301/1123/53 2302/1120/51
f 2306/1124/54 2303/1125/52 2304/1122/52
f 2308/1126/55 2305/1127/54 2306/1124/54
f 2310/1128/56 2307/1129/55 2308/1126/55
f 2312/1130/57 2309/1131/56 2310/1128/56
f 2314/1132/58 2311/1133/59 2312/1130/57
f 2316/1134/60 2313/1135/58 2314/1132/58
f 2318/1136/61 2315/1137/62 2316/1134/60
f 2320/1138/63 2317/1139/64 2318/1136/61
f 2322/1140/65 2319/1141/63 2320/1138/63
f 2324/1142/66 2321/1143/65 2322/1140/65
f 2326/1144/67 2323/1145/66 2324/1142/66
f 2328/1146/68 2325/1147/67 2326/1144/67
f 2330/1148/69 2327/1149/70 2328/1146/68
f 2332/1150/71 2329/1151/72 2330/1148/69
f 2334/1152/73 2331/1153/74 2332/1150/71
f 2336/1154/75 2333/1155/73 2334/1152/73
f 2338/1156/76 2335/1157/75 2336/1154/75
f 2340/1158/77 2337/1159/76 2338/1156/76
f 2342/1160/78 2339/1161/77 2340/1158/77
f 2344/1162/79 2341/1163/78 2342/1160/78
f 2346/1164/80 2343/1165/79 2344/1162/79
f 2348/1166/81 2345/1167/80 2346/1164/80
f 2350/1168/82 2347/1169/81 2348/1166/81
f 2352/1170/83 2349/1171/82 2350/1168/82
f 2354/1172/84 2351/1173/83 2352/1170/83
f 2356/1174/85 2353/1175/84 2354/1172/84
f 2358/1176/86 2355/1177/85 2356/1174/85
f 2360/1178/87 2357/1179/86 2358/1176/86
f 2362/1180/88 2359/1181/87 2360/1178/87
f 2364/1182/89 2361/1183/88 2362/1180/88
f 2366/1184/90 2363/1185/89 2364/1182/89
f 2368/1186/91 2365/1187/90 2366/1184/90
f 2370/1188/92 2367/1189/91 2368/1186/91
f 2372/1190/93 2369/1191/92 2370/1188/92
f 2374/1192/94 2371/1193/95 2372/1190/93
f 2376/1194/96 2373/1195/94 2374/1192/94
f 2378/1196/97 2375/1197/96 2376/1194/96
f 2380/1198/98 2377/1199/97 2378/1196/97
f 2382/1200/99 2379/1201/98 2380/1198/98
f 2384/1202/100 2381/1203/99 2382/1200/99
f 2386/1204/101 2383/1205/100 2384/1202/100
f 2388/1206/102 2385/1207/101 2386/1204/101
f 2390/1208/103 2387/1209/102 2388/1206/102
f 2392/1210/104 2389/1211/103 2390/1208/103
f 2394/1212/105 2391/1213/104 2392/1210/104
f 2396/1214/106 2393/1215/105 2394/1212/105
f 2398/1216/107 2395/1217/106 2396/1214/106
f 2400/1218/108 2397/1219/107 2398/1216/107
f 2402/1220/109 2399/1221/108 2400/1218/108
f 2404/1222/110 2401/1223/109 2402/1220/109
f 2406/1224/111 2403/1225/112 2404/1222/110
f 2408/1226/113 2405/1227/111 2406/1224/111
f 2410/1228/114 2407/1229/113 2408/1226/113
f 2412/1230/115 2409/1231/114 2410/1228/114
f 2414/1232/116 2411/1233/115 2412/1230/115
f 2416/1234/117 2413/1235/116 2414/1232/116
f 2418/1236/118 2415/1237/117 2416/1234/117
f 2420/1238/119 2417/1239/118 2418/1236/118
f 2422/1240/120 2419/1241/119 2420/1238/119
f 2424/1242/121 2421/1243/120 2422/1240/120
f 2426/1244/121 2423/1245/121 2424/1242/121
f 2428/1246/121 2425/1247/121 2426/1244/121
f 2430/1248/121 2427/1249/121 2428/1246/121
f 2432/1250/121 2429/1251/121 2430/1248/121
f 2434/1252/121 2431/1253/121 2432/1250/121
f 2436/1254/121 2433/1255/121 2434/1252/121
f 2438/1256/121 2435/1257/121 2436/1254/121
f 2440/1258/121 2437/1259/121 2438/1256/121
f 2442/1260/121 2439/1261/121 2440/1258/121
f 2444/1262/121 2441/1263/121 2442/1260/121
f 2446/1264/122 2443/1265/121 2444/1262/121
f 2448/1266/123 2445/1267/122 2446/1264/122
f 2450/1268/124 2447/1269/123 2448/1266/123
f 2452/1270/125 2449/1271/124 2450/1268/124
f 2454/1272/126 2451/1273/125 2452/1270/125
f 2456/1274/127 2453/1275/126 2454/1272/126
f 2458/1276/128 2455/1277/127 2456/1274/127
f 2460/1278/129 2457/1279/128 2458/1276/128
f 2462/1280/130 2459/1281/129 2460/1278/129
f 2464/1282/131 2461/1283/130 2462/1280/130
f 2466/1284/132 2463/1285/131 2464/1282/131
f 2468/1286/133 2465/1287/132 2466/1284/132
f 2470/1288/134 2467/1289/133 2468/1286/133
f 2472/1290/135 2469/1291/134 2470/1288/134
f 2474/1292/136 2471/1293/135 2472/1290/135
f 2476/1294/137 2473/1295/136 2474/1292/136
f 2478/1296/138 2475/1297/137 2476/1294/137
f 2480/1298/139 2477/1299/138 2478/1296/138
f 2482/1300/140 2479/1301/139 2480/1298/139
f 2484/1302/141 2481/1303/140 2482/1300/140
f 2486/1304/142 2483/1305/141 2484/1302/141
f 2488/1306/143 2485/1307/142 2486/1304/142
f 2490/1308/144 2487/1309/143 2488/1306/143
f 2492/1310/145 2489/1311/144 2490/1308/144
f 2494/1312/146 2491/1313/145 2492/1310/145
f 2496/1314/147 2493/1315/146 2494/1312/146
f 2498/1316/148 2495/1317/147 2496/1314/147
f 2500/1318/149 2497/1319/148 2498/1316/148
f 2502/1320/150 2499/1321/149 2500/1318/149
f 2504/1322/151 2501/1323/150 2502/1320/150
f 2506/1324/152 2503/1325/151 2504/1322/151
f 2508/1326/153 2505/1327/154 2506/1324/152
f 2510/1328/155 2507/1329/153 2508/1326/153
f 2512/1330/156 2509/1331/155 2510/1328/155
f 2514/1332/157 2511/1333/158 2512/1330/156
f 2516/1334/159 2513/1335/157 2514/1332/157
f 2518/1336/160 2515/1337/161 2516/1334/159
f 2520/1338/162 2517/1339/163 2518/1336/160
f 2522/1340/164 2519/1341/165 2520/1338/162
f 2524/1342/166 2521/1343/164 2522/1340/164
f 2526/1344/167 2523/1345/168 2524/1342/166
f 2528/1346/169 2525/1347/167 2526/1344/167
f 2530/1348/170 2527/1349/169 2528/1346/169
f 2532/1350/171 2529/1351/170 2530/1348/170
f 2534/1352/172 2531/1353/171 2532/1350/171
f 2536/1354/173 2533/1355/172 2534/1352/172
f 2538/1356/174 2535/1357/173 2536/1354/173
f 2540/1358/175 2537/1359/174 2538/1356/174
f 2542/1360/176 2539/1361/175 2540/1358/175
f 2544/1362/177 2541/1363/176 2542/1360/176
f 2546/1364/178 2543/1365/177 2544/1362/177
f 2548/1366/179 2545/1367/178 2546/1364/178
f 2550/1368/180 2547/1369/179 2548/1366/179
f 2552/1370/181 2549/1371/180 2550/1368/180
f 2554/1372/182 2551/1373/181 2552/1370/181
f 2556/1374/183 2553/1375/182 2554/1372/182
f 2558/1376/184 2555/1377/183 2556/1374/183
f 2560/1378/185 2557/1379/184 2558/1376/184
f 2562/1380/186 2559/1381/185 2560/1378/185
f 2564/1382/187 2561/1383/186 2562/1380/186
f 2566/1384/188 2563/1385/187 2564/1382/187
f 2568/1386/189 2565/1387/188 2566/1384/188
f 2570/1388/190 2567/1389/189 2568/1386/189
f 2572/1390/191 2569/1391/190 2570/1388/190
f 2574/1392/192 2571/1393/191 2572/1390/191
f 2576/1394/193 2573/1395/192 2574/1392/192
f 2578/1396/194 2575/1397/193 2576/1394/193
f 2580/1398/195 2577/1399/194 2578/1396/194
f 2582/1400/196 2579/1401/197 2580/1398/195
f 2584/1402/196 2581/1403/198 2582/1400/196
f 2586/1404/199 2583/1405/196 2584/1402/196
f 2588/1406/200 2585/1407/199 2586/1404/199
f 2590/1408/201 2587/1409/200 2588/1406/200
f 2592/1410/202 2589/1411/201 2590/1408/201
f 2594/1412/203 2591/1413/202 2592/1410/202
f 2596/1414/204 2593/1415/205 2594/1412/203
f 2598/1416/206 2595/1417/204 2596/1414/204
f 2600/1418/207 2597/1419/206 2598/1416/206
f 2602/1420/208 2599/1421/207 2600/1418/207
f 2604/1422/209 2601/1423/208 2602/1420/208
f 2272/1092/37 2603/1424/209 2604/1422/209
f 2608/1066/210 2605/9/211 2606/1067/212
f 2610/1068/213 2607/578/210 2608/1066/210
f 2612/1069/214 2609/590/213 2610/1068/213
f 2614/1070/215 2611/568/214 2612/1069/214
f 2616/1071/216 2613/542/215 2614/1070/215
f 2618/1072/217 2615/516/216 2616/1071/216
f 2620/1073/218 2617/492/217 2618/1072/217
f 2622/1074/219 2619/523/218 2620/1073/218
f 2624/1075/220 2621/550/219 2622/1074/219
f 2626/1076/221 2623/596/220 2624/1075/220
f 2628/1077/222 2625/614/223 2626/1076/221
f 2630/1078/224 2627/581/222 2628/1077/222
f 2632/1079/225 2629/541/226 2630/1078/224
f 2634/1080/227 2631/412/225 2632/1079/225
f 2636/1081/228 2633/479/227 2634/1080/227
f 2638/1082/229 2635/503/228 2636/1081/228
f 2640/1083/230 2637/553/231 2638/1082/229
f 2642/1084/232 2639/601/230 2640/1083/230
f 2644/1085/233 2641/624/232 2642/1084/232
f 2646/1086/234 2643/617/233 2644/1085/233
f 2648/1087/235 2645/606/234 2646/1086/234
f 2650/1088/236 2647/579/235 2648/1087/235
f 2652/1089/237 2649/546/236 2650/1088/236
f 2654/1090/238 2651/511/237 2652/1089/237
f 2656/1091/239 2653/489/238 2654/1090/238
f 2606/1092/212 2655/521/239 2656/1091/239
f 2660/1066/240 2657/9/241 2658/1067/241
f 2662/1068/242 2659/578/240 2660/1066/240
f 2664/1069/243 2661/590/242 2662/1068/242
f 2666/1070/244 2663/568/243 2664/1069/243
f 2668/1071/245 2665/542/244 2666/1070/244
f 2670/1072/246 2667/516/245 2668/1071/245
f 2672/1073/247 2669/492/246 2670/1072/246
f 2674/1074/248 2671/523/247 2672/1073/247
f 2676/1075/249 2673/550/248 2674/1074/248
f 2678/1076/250 2675/596/251 2676/1075/249
f 2680/1077/252 2677/614/250 2678/1076/250
f 2682/1078/253 2679/581/252 2680/1077/252
f 2684/1079/254 2681/541/253 2682/1078/253
f 2686/1080/255 2683/412/254 2684/1079/254
f 2688/1081/256 2685/479/255 2686/1080/255
f 2690/1082/257 2687/503/258 2688/1081/256
f 2692/1083/259 2689/553/260 2690/1082/257
f 2694/1084/261 2691/601/259 2692/1083/259
f 2696/1085/262 2693/624/261 2694/1084/261
f 2698/1086/263 2695/617/262 2696/1085/262
f 2700/1087/264 2697/606/263 2698/1086/263
f 2702/1088/265 2699/579/264 2700/1087/264
f 2704/1089/266 2701/546/265 2702/1088/265
f 2706/1090/267 2703/511/266 2704/1089/266
f 2708/1091/268 2705/489/267 2706/1090/267
f 2658/1092/241 2707/521/268 2708/1091/268
f 2712/1425/269 2709/9/270 2710/1067/270
f 2714/1426/271 2711/1427/269 2712/1425/269
f 2716/1428/272 2713/1429/271 2714/1426/271
f 2718/1430/273 2715/1431/272 2716/1428/272
f 2720/1432/274 2717/1433/273 2718/1430/273
f 2722/1434/275 2719/1435/274 2720/1432/274
f 2724/1436/276 2721/1437/275 2722/1434/275
f 2726/1438/277 2723/1439/276 2724/1436/276
f 2728/1440/278 2725/1441/277 2726/1438/277
f 2730/1442/279 2727/1443/278 2728/1440/278
f 2732/1444/280 2729/1445/279 2730/1442/279
f 2734/1446/281 2731/1447/280 2732/1444/280
f 2736/1448/282 2733/1449/281 2734/1446/281
f 2738/1450/283 2735/1451/282 2736/1448/282
f 2740/1452/284 2737/1453/283 2738/1450/283
f 2742/1454/285 2739/1455/284 2740/1452/284
f 2744/1456/286 2741/1457/285 2742/1454/285
f 2746/1458/287 2743/1459/286 2744/1456/286
f 2748/1460/288 2745/1461/287 2746/1458/287
f 2750/1462/289 2747/1463/288 2748/1460/288
f 2752/1464/290 2749/1465/289 2750/1462/289
f 2754/1466/291 2751/1467/290 2752/1464/290
f 2756/1468/292 2753/1469/291 2754/1466/291
f 2758/1470/293 2755/1471/294 2756/1468/292
f 2760/1472/295 2757/1473/296 2758/1470/293
f 2762/1474/297 2759/1475/298 2760/1472/295
f 2764/1476/299 2761/1477/297 2762/1474/297
f 2766/1478/300 2763/1479/299 2764/1476/299
f 2768/1480/301 2765/1481/300 2766/1478/300
f 2770/1482/302 2767/1483/301 2768/1480/301
f 2772/1484/303 2769/1485/302 2770/1482/302
f 2774/1486/304 2771/1487/303 2772/1484/303
f 2776/1488/305 2773/1489/306 2774/1486/304
f 2778/1490/307 2775/1491/305 2776/1488/305
f 2780/1492/308 2777/1493/307 2778/1490/307
f 2782/1494/309 2779/1495/308 2780/1492/308
f 2784/1496/310 2781/1497/309 2782/1494/309
f 2786/1498/311 2783/504/310 2784/1496/310
f 2788/1499/312 2785/1500/311 2786/1498/311
f 2790/1501/313 2787/1502/312 2788/1499/312
f 2792/1503/314 2789/1504/313 2790/1501/313
f 2794/1505/315 2791/1506/314 2792/1503/314
f 2796/1507/316 2793/1508/315 2794/1505/315
f 2798/1509/317 2795/1510/316 2796/1507/316
f 2800/1511/318 2797/1512/317 2798/1509/317
f 2802/1513/319 2799/1514/318 2800/1511/318
f 2804/1515/320 2801/1516/319 2802/1513/319
f 2806/1517/321 2803/1518/320 2804/1515/320
f 2808/1519/322 2805/1520/321 2806/1517/321
f 2810/1521/323 2807/1522/322 2808/1519/322
f 2812/1523/324 2809/1524/323 2810/1521/323
f 2814/1525/325 2811/1526/324 2812/1523/324
f 2816/1527/326 2813/1528/325 2814/1525/325
f 2818/1529/327 2815/1530/326 2816/1527/326
f 2820/1531/328 2817/1532/327 2818/1529/327
f 2822/1533/329 2819/1534/328 2820/1531/328
f 2824/1535/330 2821/1536/329 2822/1533/329
f 2826/1537/331 2823/1538/330 2824/1535/330
f 2828/1539/332 2825/1540/331 2826/1537/331
f 2830/1541/333 2827/1542/332 2828/1539/332
f 2832/1543/334 2829/1544/333 2830/1541/333
f 2834/1545/335 2831/1546/334 2832/1543/334
f 2836/1547/336 2833/1548/335 2834/1545/335
f 2838/1549/337 2835/1550/336 2836/1547/336
f 2840/1551/338 2837/1552/339 2838/1549/337
f 2842/1553/340 2839/1554/338 2840/1551/338
f 2844/1555/341 2841/1556/340 2842/1553/340
f 2846/1557/342 2843/1558/341 2844/1555/341
f 2848/1559/343 2845/1560/342 2846/1557/342
f 2850/1561/344 2847/1562/343 2848/1559/343
f 2852/1563/345 2849/1564/344 2850/1561/344
f 2854/1565/346 2851/1566/347 2852/1563/345
f 2856/1567/348 2853/1568/346 2854/1565/346
f 2858/1079/121 2855/1569/348 2856/1567/348
f 2860/1570/121 2857/412/121 2858/1079/121
f 2862/1571/121 2859/1572/121 2860/1570/121
f 2864/1573/121 2861/1574/121 2862/1571/121
f 2866/1575/121 2863/1576/121 2864/1573/121
f 2868/1577/121 2865/1578/121 2866/1575/121
f 2870/1579/121 2867/1580/121 2868/1577/121
f 2872/1581/121 2869/1582/121 2870/1579/121
f 2874/1583/121 2871/1584/121 2872/1581/121
f 2876/1585/121 2873/1586/121 2874/1583/121
f 2878/1587/121 2875/1588/121 2876/1585/121
f 2880/1589/349 2877/1590/121 2878/1587/121
f 2882/1591/350 2879/1592/349 2880/1589/349
f 2884/1593/351 2881/1594/350 2882/1591/350
f 2886/1595/352 2883/1596/351 2884/1593/351
f 2888/1597/353 2885/1598/352 2886/1595/352
f 2890/1599/354 2887/1600/353 2888/1597/353
f 2892/1601/355 2889/1602/354 2890/1599/354
f 2894/1603/356 2891/1604/355 2892/1601/355
f 2896/1605/357 2893/1606/356 2894/1603/356
f 2898/1607/358 2895/1608/357 2896/1605/357
f 2900/1609/359 2897/1610/358 2898/1607/358
f 2902/1611/360 2899/1612/359 2900/1609/359
f 2904/1613/361 2901/1614/360 2902/1611/360
f 2906/1615/362 2903/1616/363 2904/1613/361
f 2908/1617/364 2905/1618/362 2906/1615/362
f 2910/1619/365 2907/1620/364 2908/1617/364
f 2912/1621/366 2909/1622/365 2910/1619/365
f 2914/1623/367 2911/1624/366 2912/1621/366
f 2916/1625/368 2913/1626/367 2914/1623/367
f 2918/1627/369 2915/1628/368 2916/1625/368
f 2920/1629/370 2917/1630/369 2918/1627/369
f 2922/1631/371 2919/1632/370 2920/1629/370
f 2924/1633/372 2921/1634/371 2922/1631/371
f 2926/1635/373 2923/1636/372 2924/1633/372
f 2928/1637/374 2925/1638/373 2926/1635/373
f 2930/1639/146 2927/1640/374 2928/1637/374
f 2932/1641/375 2929/1642/146 2930/1639/146
f 2934/1643/375 2931/612/375 2932/1641/375
f 2936/1644/375 2933/1645/375 2934/1643/375
f 2938/1646/375 2935/1647/375 2936/1644/375
f 2940/1648/375 2937/1649/375 2938/1646/375
f 2942/1650/375 2939/1651/375 2940/1648/375
f 2944/1652/375 2941/1653/375 2942/1650/375
f 2946/1654/375 2943/1655/375 2944/1652/375
f 2948/1656/375 2945/1657/375 2946/1654/375
f 2950/1658/375 2947/1659/375 2948/1656/375
f 2952/1660/375 2949/1661/375 2950/1658/375
f 2954/1662/376 2951/1663/375 2952/1660/375
f 2956/1664/377 2953/1665/376 2954/1662/376
f 2958/1666/378 2955/1667/377 2956/1664/377
f 2960/1668/379 2957/1669/378 2958/1666/378
f 2962/1670/380 2959/1671/379 2960/1668/379
f 2964/1672/381 2961/1673/380 2962/1670/380
f 2966/1674/382 2963/1675/381 2964/1672/381
f 2968/1676/383 2965/1677/382 2966/1674/382
f 2970/1678/384 2967/1679/383 2968/1676/383
f 2972/1680/385 2969/1681/384 2970/1678/384
f 2974/1682/386 2971/1683/385 2972/1680/385
f 2976/1684/387 2973/1685/386 2974/1682/386
f 2978/1686/388 2975/1687/389 2976/1684/387
f 2980/1688/390 2977/1689/388 2978/1686/388
f 2982/1690/391 2979/1691/390 2980/1688/390
f 2984/1692/392 2981/1693/391 2982/1690/391
f 2986/1694/393 2983/1695/392 2984/1692/392
f 2988/1696/394 2985/1697/395 2986/1694/393
f 2990/1698/396 2987/1699/397 2988/1696/394
f 2992/1700/398 2989/1701/396 2990/1698/396
f 2994/1702/399 2991/1703/398 2992/1700/398
f 2996/1704/400 2993/1705/399 2994/1702/399
f 2998/1706/401 2995/1707/402 2996/1704/400
f 3000/1708/403 2997/1709/404 2998/1706/401
f 3002/1710/405 2999/1711/403 3000/1708/403
f 3004/1712/406 3001/1713/405 3002/1710/405
f 2710/1092/270 3003/1714/406 3004/1712/406
f 3008/1066/407 3005/9/408 3006/1067/408
f 3010/1068/409 3007/578/407 3008/1066/407
f 3012/1069/410 3009/590/409 3010/1068/409
f 3014/1070/411 3011/568/410 3012/1069/410
f 3016/1071/412 3013/542/411 3014/1070/411
f 3018/1072/413 3015/516/412 3016/1071/412
f 3020/1073/414 3017/492/413 3018/1072/413
f 3022/1074/415 3019/523/414 3020/1073/414
f 3024/1075/416 3021/550/415 3022/1074/415
f 3026/1076/417 3023/596/416 3024/1075/416
f 3028/1077/418 3025/614/417 3026/1076/417
f 3030/1078/419 3027/581/418 3028/1077/418
f 3032/1079/420 3029/541/419 3030/1078/419
f 3034/1080/421 3031/412/420 3032/1079/420
f 3036/1081/422 3033/479/421 3034/1080/421
f 3038/1082/423 3035/503/422 3036/1081/422
f 3040/1083/424 3037/553/423 3038/1082/423
f 3042/1084/425 3039/601/424 3040/1083/424
f 3044/1085/426 3041/624/425 3042/1084/425
f 3046/1086/427 3043/617/426 3044/1085/426
f 3048/1087/428 3045/606/427 3046/1086/427
f 3050/1088/429 3047/579/428 3048/1087/428
f 3052/1089/430 3049/546/429 3050/1088/429
f 3054/1090/431 3051/511/430 3052/1089/430
f 3056/1091/432 3053/489/431 3054/1090/431
f 3006/1092/408 3055/521/432 3056/1091/432
f 3060/1066/433 3057/9/434 3058/1067/434
f 3062/1068/435 3059/578/433 3060/1066/433
f 3064/1069/436 3061/590/435 3062/1068/435
f 3066/1070/437 3063/568/436 3064/1069/436
f 3068/1071/438 3065/542/437 3066/1070/437
f 3070/1072/439 3067/516/438 3068/1071/438
f 3072/1073/440 3069/492/441 3070/1072/439
f 3074/1074/442 3071/523/440 3072/1073/440
f 3076/1075/443 3073/550/442 3074/1074/442
f 3078/1076/444 3075/596/443 3076/1075/443
f 3080/1077/445 3077/614/444 3078/1076/444
f 3082/1078/446 3079/581/445 3080/1077/445
f 3084/1079/447 3081/541/446 3082/1078/446
f 3086/1080/448 3083/412/449 3084/1079/447
f 3088/1081/450 3085/479/448 3086/1080/448
f 3090/1082/451 3087/503/450 3088/1081/450
f 3092/1083/452 3089/553/451 3090/1082/451
f 3094/1084/453 3091/601/452 3092/1083/452
f 3096/1085/427 3093/624/453 3094/1084/453
f 3098/1086/454 3095/617/427 3096/1085/427
f 3100/1087/455 3097/606/454 3098/1086/454
f 3102/1088/456 3099/579/455 3100/1087/455
f 3104/1089/457 3101/546/456 3102/1088/456
f 3106/1090/458 3103/511/457 3104/1089/457
f 3108/1091/459 3105/489/458 3106/1090/458
f 3058/1092/434 3107/521/459 3108/1091/459
f 3112/1066/460 3109/9/461 3110/1067/462
f 3114/1068/463 3111/578/460 3112/1066/460
f 3116/1069/464 3113/590/463 3114/1068/463
f 3118/1070/465 3115/568/464 3116/1069/464
f 3120/1071/466 3117/542/465 3118/1070/465
f 3122/1072/467 3119/516/466 3120/1071/466
f 3124/1073/468 3121/492/467 3122/1072/467
f 3126/1074/469 3123/523/468 3124/1073/468
f 3128/1075/470 3125/550/469 3126/1074/469
f 3130/1076/471 3127/596/470 3128/1075/470
f 3132/1077/472 3129/614/471 3130/1076/471
f 3134/1078/473 3131/581/472 3132/1077/472
f 3136/1079/474 3133/541/475 3134/1078/473
f 3138/1080/476 3135/412/474 3136/1079/474
f 3140/1081/477 3137/479/476 3138/1080/476
f 3142/1082/478 3139/503/477 3140/1081/477
f 3144/1083/479 3141/553/478 3142/1082/478
f 3146/1084/480 3143/601/479 3144/1083/479
f 3148/1085/481 3145/624/480 3146/1084/480
f 3150/1086/482 3147/617/481 3148/1085/481
f 3152/1087/483 3149/606/482 3150/1086/482
f 3154/1088/484 3151/579/483 3152/1087/483
f 3156/1089/485 3153/546/484 3154/1088/484
f 3158/1090/486 3155/511/485 3156/1089/485
f 3160/1091/487 3157/489/486 3158/1090/486
f 3110/1092/462 3159/521/487 3160/1091/487
f 3164/1715/488 3161/9/489 3162/1067/489
f 3166/1716/490 3163/1005/488 3164/1715/488
f 3168/1717/491 3165/1016/490 3166/1716/490
f 3170/1718/492 3167/1032/491 3168/1717/491
f 3172/1719/493 3169/588/492 3170/1718/492
f 3174/1720/494 3171/1025/493 3172/1719/493
f 3176/1721/495 3173/1009/494 3174/1720/494
f 3178/1722/496 3175/978/495 3176/1721/495
f 3180/1723/497 3177/416/496 3178/1722/496
f 3182/1724/498 3179/994/497 3180/1723/497
f 3184/1725/499 3181/1045/498 3182/1724/498
f 3186/1496/500 3183/1053/499 3184/1725/499
f 3188/1726/501 3185/504/500 3186/1496/500
f 3190/1727/502 3187/1063/501 3188/1726/501
f 3192/1728/503 3189/1056/502 3190/1727/502
f 3194/1729/504 3191/1048/503 3192/1728/503
f 3196/1730/505 3193/468/504 3194/1729/504
f 3198/1731/506 3195/1022/505 3196/1730/505
f 3200/1732/507 3197/1039/506 3198/1731/506
f 3202/1733/508 3199/1031/507 3200/1732/507
f 3204/1734/509 3201/592/508 3202/1733/508
f 3206/1735/510 3203/1002/509 3204/1734/509
f 3208/1736/511 3205/991/510 3206/1735/510
f 3210/1079/512 3207/985/511 3208/1736/511
f 3212/1737/513 3209/412/512 3210/1079/512
f 3214/1738/514 3211/968/513 3212/1737/513
f 3216/1739/515 3213/963/514 3214/1738/514
f 3218/1740/516 3215/959/515 3216/1739/515
f 3220/1741/517 3217/510/516 3218/1740/516
f 3222/1742/518 3219/949/517 3220/1741/517
f 3224/1743/519 3221/943/518 3222/1742/518
f 3226/1744/520 3223/938/519 3224/1743/519
f 3228/1745/521 3225/465/520 3226/1744/520
f 3230/1746/522 3227/925/521 3228/1745/521
f 3232/1747/523 3229/933/522 3230/1746/522
f 3234/1641/524 3231/908/523 3232/1747/523
f 3236/1748/525 3233/612/524 3234/1641/524
f 3238/1749/526 3235/894/525 3236/1748/525
f 3240/1750/527 3237/888/526 3238/1749/526
f 3242/1751/528 3239/893/527 3240/1750/527
f 3244/1752/529 3241/406/528 3242/1751/528
f 3246/1753/530 3243/907/531 3244/1752/529
f 3248/1754/532 3245/934/530 3246/1753/530
f 3250/1755/533 3247/926/532 3248/1754/532
f 3252/1756/534 3249/491/533 3250/1755/533
f 3254/1757/535 3251/913/534 3252/1756/534
f 3256/1758/536 3253/950/535 3254/1757/535
f 3162/1092/489 3255/969/536 3256/1758/536
f 3260/1759/537 3257/9/538 3258/1067/538
f 3262/1760/539 3259/1761/537 3260/1759/537
f 3264/1762/540 3261/1763/539 3262/1760/539
f 3266/1764/541 3263/1765/540 3264/1762/540
f 3268/1766/542 3265/1767/541 3266/1764/541
f 3270/1768/543 3267/1769/542 3268/1766/542
f 3272/1770/544 3269/1771/543 3270/1768/543
f 3274/1772/545 3271/1773/544 3272/1770/544
f 3276/1774/546 3273/1775/545 3274/1772/545
f 3278/1776/547 3275/1777/546 3276/1774/546
f 3280/1778/548 3277/1779/547 3278/1776/547
f 3282/1780/549 3279/1781/548 3280/1778/548
f 3284/1782/550 3281/1783/549 3282/1780/549
f 3286/1784/551 3283/1785/550 3284/1782/550
f 3288/1786/552 3285/1787/551 3286/1784/551
f 3290/1788/553 3287/1789/552 3288/1786/552
f 3292/1790/554 3289/1791/553 3290/1788/553
f 3294/1792/555 3291/1793/554 3292/1790/554
f 3296/1794/556 3293/1795/555 3294/1792/555
f 3298/1796/557 3295/1797/556 3296/1794/556
f 3300/1798/558 3297/1799/557 3298/1796/557
f 3302/1800/559 3299/1801/558 3300/1798/558
f 3304/1802/560 3301/1803/559 3302/1800/559
f 3306/1804/561 3303/1805/560 3304/1802/560
f 3308/1806/562 3305/1807/561 3306/1804/561
f 3310/1808/563 3307/1809/562 3308/1806/562
f 3312/1810/564 3309/1811/563 3310/1808/563
f 3314/1812/565 3311/1813/564 3312/1810/564
f 3316/1814/566 3313/1815/565 3314/1812/565
f 3318/1816/567 3315/1817/566 3316/1814/566
f 3320/1818/568 3317/1819/567 3318/1816/567
f 3322/1820/569 3319/1821/568 3320/1818/568
f 3324/1822/570 3321/1823/569 3322/1820/569
f 3326/1824/571 3323/1825/570 3324/1822/570
f 3328/1826/572 3325/1827/571 3326/1824/571
f 3330/1828/573 3327/1829/572 3328/1826/572
f 3332/1830/574 3329/1831/573 3330/1828/573
f 3334/1832/575 3331/1833/574 3332/1830/574
f 3336/1834/576 3333/1835/575 3334/1832/575
f 3338/1836/577 3335/1837/576 3336/1834/576
f 3340/1838/578 3337/1839/577 3338/1836/577
f 3342/1840/579 3339/1841/578 3340/1838/578
f 3344/1842/580 3341/1843/579 3342/1840/579
f 3346/1844/581 3343/1845/580 3344/1842/580
f 3348/1846/582 3345/1847/581 3346/1844/581
f 3350/1848/583 3347/1849/582 3348/1846/582
f 3352/1850/584 3349/1851/583 3350/1848/583
f 3354/1852/585 3351/1853/584 3352/1850/584
f 3356/1854/586 3353/1855/585 3354/1852/585
f 3358/1856/587 3355/1857/586 3356/1854/586
f 3360/1858/588 3357/1859/587 3358/1856/587
f 3362/1860/589 3359/1861/588 3360/1858/588
f 3364/1862/590 3361/1863/589 3362/1860/589
f 3366/1864/591 3363/1865/590 3364/1862/590
f 3368/1866/592 3365/1867/591 3366/1864/591
f 3370/1868/593 3367/1869/592 3368/1866/592
f 3372/1870/594 3369/1871/593 3370/1868/593
f 3374/1872/595 3371/1873/594 3372/1870/594
f 3376/1874/596 3373/1875/595 3374/1872/595
f 3378/1876/597 3375/1877/596 3376/1874/596
f 3380/1878/598 3377/1879/599 3378/1876/597
f 3382/1880/600 3379/1881/598 3380/1878/598
f 3384/1882/601 3381/1883/600 3382/1880/600
f 3386/1884/602 3383/1885/601 3384/1882/601
f 3388/1886/603 3385/1887/602 3386/1884/602
f 3390/1888/604 3387/1889/603 3388/1886/603
f 3392/1890/605 3389/1891/604 3390/1888/604
f 3394/1892/606 3391/1893/605 3392/1890/605
f 3396/1894/607 3393/1895/606 3394/1892/606
f 3398/1896/608 3395/1897/607 3396/1894/607
f 3400/1898/609 3397/1899/608 3398/1896/608
f 3402/1900/610 3399/1901/609 3400/1898/609
f 3404/1902/611 3401/1903/610 3402/1900/610
f 3406/1904/612 3403/1905/611 3404/1902/611
f 3408/1906/613 3405/1907/612 3406/1904/612
f 3410/1908/614 3407/1909/613 3408/1906/613
f 3412/1910/615 3409/1911/614 3410/1908/614
f 3414/1912/616 3411/1913/615 3412/1910/615
f 3416/1914/617 3413/1915/616 3414/1912/616
f 3418/1916/618 3415/1917/617 3416/1914/617
f 3420/1918/619 3417/1919/618 3418/1916/618
f 3422/1920/620 3419/1921/619 3420/1918/619
f 3424/1922/621 3421/1923/620 3422/1920/620
f 3426/1924/622 3423/1925/621 3424/1922/621
f 3428/1926/623 3425/1927/622 3426/1924/622
f 3430/1928/624 3427/1929/625 3428/1926/623
f 3432/1930/626 3429/1931/624 3430/1928/624
f 3434/1932/627 3431/1933/626 3432/1930/626
f 3436/1934/628 3433/1935/627 3434/1932/627
f 3438/1936/629 3435/1937/628 3436/1934/628
f 3440/1938/630 3437/1939/629 3438/1936/629
f 3442/1940/631 3439/1941/630 3440/1938/630
f 3444/1942/632 3441/1943/631 3442/1940/631
f 3446/1944/633 3443/1945/632 3444/1942/632
f 3448/1946/634 3445/1947/633 3446/1944/633
f 3450/1948/635 3447/1949/634 3448/1946/634
f 3452/1950/636 3449/1951/635 3450/1948/635
f 3454/1952/637 3451/1953/636 3452/1950/636
f 3456/1954/638 3453/1955/637 3454/1952/637
f 3458/1956/639 3455/1957/638 3456/1954/638
f 3460/1958/640 3457/1959/639 3458/1956/639
f 3462/1960/641 3459/1961/640 3460/1958/640
f 3464/1962/642 3461/1963/641 3462/1960/641
f 3466/1964/643 3463/1965/642 3464/1962/642
f 3468/1966/644 3465/1967/643 3466/1964/643
f 3470/1968/645 3467/1969/644 3468/1966/644
f 3472/1970/646 3469/1971/645 3470/1968/645
f 3474/1972/647 3471/1973/646 3472/1970/646
f 3258/1092/538 3473/1974/647 3474/1972/647
f 3478/1975/648 3475/9/649 3476/1067/649
f 3480/1976/650 3477/1977/648 3478/1975/648
f 3482/1978/651 3479/1979/650 3480/1976/650
f 3484/1980/652 3481/1981/651 3482/1978/651
f 3486/1982/653 3483/1983/652 3484/1980/652
f 3488/1984/654 3485/1985/653 3486/1982/653
f 3490/1986/655 3487/1987/654 3488/1984/654
f 3492/1988/656 3489/1989/655 3490/1986/655
f 3494/1990/657 3491/1991/658 3492/1988/656
f 3496/1992/659 3493/1993/657 3494/1990/657
f 3498/1994/660 3495/1995/659 3496/1992/659
f 3500/1996/181 3497/1997/660 3498/1994/660
f 3502/1998/661 3499/1999/181 3500/1996/181
f 3504/2000/662 3501/2001/661 3502/1998/661
f 3506/2002/663 3503/2003/664 3504/2000/662
f 3508/2004/665 3505/2005/663 3506/2002/663
f 3510/2006/666 3507/2007/665 3508/2004/665
f 3512/2008/667 3509/2009/666 3510/2006/666
f 3514/2010/668 3511/2011/667 3512/2008/667
f 3516/2012/669 3513/2013/668 3514/2010/668
f 3518/2014/670 3515/2015/669 3516/2012/669
f 3520/2016/671 3517/2017/670 3518/2014/670
f 3522/2018/672 3519/2019/671 3520/2016/671
f 3524/2020/673 3521/2021/672 3522/2018/672
f 3526/2022/674 3523/2023/673 3524/2020/673
f 3528/2024/675 3525/2025/674 3526/2022/674
f 3530/2026/676 3527/2027/675 3528/2024/675
f 3532/2028/677 3529/2029/678 3530/2026/676
f 3534/2030/679 3531/2031/677 3532/2028/677
f 3536/2032/680 3533/2033/681 3534/2030/679
f 3538/2034/682 3535/2035/680 3536/2032/680
f 3540/2036/683 3537/2037/682 3538/2034/682
f 3542/2038/684 3539/2039/683 3540/2036/683
f 3544/2040/685 3541/2041/684 3542/2038/684
f 3546/2042/686 3543/2043/685 3544/2040/685
f 3548/2044/687 3545/2045/688 3546/2042/686
f 3550/2046/689 3547/2047/687 3548/2044/687
f 3552/2048/690 3549/2049/689 3550/2046/689
f 3554/2050/691 3551/2051/690 3552/2048/690
f 3556/2052/692 3553/2053/691 3554/2050/691
f 3558/2054/693 3555/2055/692 3556/2052/692
f 3560/2056/694 3557/2057/693 3558/2054/693
f 3562/2058/695 3559/2059/694 3560/2056/694
f 3564/2060/696 3561/2061/695 3562/2058/695
f 3566/2062/697 3563/2063/696 3564/2060/696
f 3568/2064/698 3565/2065/697 3566/2062/697
f 3570/2066/699 3567/2067/698 3568/2064/698
f 3572/2068/700 3569/2069/699 3570/2066/699
f 3574/2070/701 3571/2071/700 3572/2068/700
f 3576/2072/702 3573/2073/701 3574/2070/701
f 3578/2074/703 3575/2075/704 3576/2072/702
f 3580/2076/705 3577/2077/703 3578/2074/703
f 3582/2078/706 3579/2079/705 3580/2076/705
f 3584/2080/707 3581/2081/706 3582/2078/706
f 3586/2082/708 3583/2083/707 3584/2080/707
f 3588/2084/709 3585/2085/708 3586/2082/708
f 3590/2086/710 3587/2087/709 3588/2084/709
f 3592/2088/711 3589/2089/710 3590/2086/710
f 3594/2090/712 3591/2091/711 3592/2088/711
f 3596/2092/713 3593/2093/712 3594/2090/712
f 3598/2094/714 3595/2095/713 3596/2092/713
f 3600/2096/715 3597/2097/714 3598/2094/714
f 3602/2098/716 3599/2099/715 3600/2096/715
f 3604/2100/717 3601/2101/716 3602/2098/716
f 3606/2102/718 3603/2103/717 3604/2100/717
f 3608/2104/719 3605/2105/718 3606/2102/718
f 3610/2106/720 3607/2107/719 3608/2104/719
f 3612/2108/721 3609/2109/720 3610/2106/720
f 3614/2110/722 3611/2111/721 3612/2108/721
f 3616/2112/723 3613/2113/722 3614/2110/722
f 3618/2114/724 3615/2115/723 3616/2112/723
f 3620/2116/725 3617/2117/724 3618/2114/724
f 3622/2118/726 3619/2119/725 3620/2116/725
f 3624/2120/727 3621/2121/726 3622/2118/726
f 3626/2122/728 3623/2123/727 3624/2120/727
f 3628/2124/729 3625/2125/728 3626/2122/728
f 3630/2126/730 3627/2127/729 3628/2124/729
f 3632/2128/731 3629/2129/730 3630/2126/730
f 3634/2130/732 3631/2131/731 3632/2128/731
f 3636/2132/733 3633/2133/732 3634/2130/732
f 3638/2134/734 3635/2135/733 3636/2132/733
f 3640/2136/735 3637/2137/734 3638/2134/734
f 3642/2138/736 3639/2139/735 3640/2136/735
f 3644/2140/737 3641/2141/736 3642/2138/736
f 3646/2142/738 3643/2143/737 3644/2140/737
f 3648/2144/739 3645/2145/738 3646/2142/738
f 3650/2146/740 3647/2147/739 3648/2144/739
f 3652/2148/148 3649/2149/740 3650/2146/740
f 3654/2150/741 3651/2151/148 3652/2148/148
f 3656/2152/742 3653/2153/741 3654/2150/741
f 3658/2154/743 3655/2155/742 3656/2152/742
f 3660/2156/744 3657/2157/743 3658/2154/743
f 3662/2158/745 3659/2159/744 3660/2156/744
f 3664/2160/746 3661/2161/745 3662/2158/745
f 3666/2162/747 3663/2163/746 3664/2160/746
f 3668/2164/748 3665/2165/747 3666/2162/747
f 3670/2166/749 3667/2167/748 3668/2164/748
f 3672/2168/750 3669/2169/749 3670/2166/749
f 3674/2170/751 3671/2171/750 3672/2168/750
f 3676/2172/752 3673/2173/751 3674/2170/751
f 3678/2174/753 3675/2175/752 3676/2172/752
f 3680/2176/754 3677/2177/753 3678/2174/753
f 3476/1092/649 3679/2178/754 3680/2176/754
f 3684/1720/740 3681/9/661 3682/1067/661
f 3686/1496/740 3683/1009/740 3684/1720/740
f 3688/1731/661 3685/504/740 3686/1496/740
f 3690/1079/661 3687/1039/661 3688/1731/661
f 3692/1742/740 3689/412/661 3690/1079/661
f 3694/1641/148 3691/943/740 3692/1742/740
f 3696/1753/181 3693/612/148 3694/1641/148
f 3682/1092/661 3695/934/181 3696/1753/181
f 3700/1496/740 3697/9/661 3698/1067/661
f 3702/1079/148 3699/504/740 3700/1496/740
f 3704/1641/181 3701/412/148 3702/1079/148
f 3698/1092/661 3703/612/181 3704/1641/181
f 3708/1496/740 3705/9/661 3706/1067/661
f 3710/1079/148 3707/504/740 3708/1496/740
f 3712/1641/181 3709/412/148 3710/1079/148
f 3706/1092/661 3711/612/181 3712/1641/181
f 3716/1496/740 3713/9/148 3714/1067/148
f 3718/1079/661 3715/504/740 3716/1496/740
f 3720/1641/181 3717/412/661 3718/1079/661
f 3714/1092/148 3719/612/181 3720/1641/181
f 3724/1496/661 3721/9/740 3722/1067/740
f 3726/1079/181 3723/504/661 3724/1496/661
f 3728/1641/148 3725/412/181 3726/1079/181
f 3722/1092/740 3727/612/148 3728/1641/148
f 3732/1496/740 3729/9/148 3730/1067/148
f 3734/1079/661 3731/504/740 3732/1496/740
f 3736/1641/181 3733/412/661 3734/1079/661
f 3730/1092/148 3735/612/181 3736/1641/181
f 3740/1720/740 3737/9/661 3738/1067/661
f 3742/1496/740 3739/1009/740 3740/1720/740
f 3744/1731/661 3741/504/740 3742/1496/740
f 3746/1079/661 3743/1039/661 3744/1731/661
f 3748/1742/740 3745/412/661 3746/1079/661
f 3750/1641/148 3747/943/740 3748/1742/740
f 3752/1753/181 3749/612/148 3750/1641/148
f 3738/1092/661 3751/934/181 3752/1753/181
f 3756/2179/755 3753/9/756 3754/1067/757
f 3758/2180/758 3755/2181/755 3756/2179/755
f 3760/2182/759 3757/2183/758 3758/2180/758
f 3762/2184/760 3759/2185/759 3760/2182/759
f 3764/2186/761 3761/2187/762 3762/2184/760
f 3766/2188/763 3763/2189/761 3764/2186/761
f 3768/2190/764 3765/2191/763 3766/2188/763
f 3770/2192/765 3767/2193/764 3768/2190/764
f 3772/2194/766 3769/2195/767 3770/2192/765
f 3774/2196/768 3771/2197/766 3772/2194/766
f 3776/2198/769 3773/2199/770 3774/2196/768
f 3778/2200/771 3775/2201/769 3776/2198/769
f 3780/2202/772 3777/2203/771 3778/2200/771
f 3782/2204/773 3779/2205/772 3780/2202/772
f 3784/2206/774 3781/2207/773 3782/2204/773
f 3786/2208/775 3783/2209/774 3784/2206/774
f 3788/2210/776 3785/2211/775 3786/2208/775
f 3790/2212/777 3787/2213/776 3788/2210/776
f 3792/2214/778 3789/2215/777 3790/2212/777
f 3794/2216/779 3791/2217/780 3792/2214/778
f 3796/2218/781 3793/2219/779 3794/2216/779
f 3798/2220/782 3795/2221/781 3796/2218/781
f 3800/2222/783 3797/2223/782 3798/2220/782
f 3802/2224/784 3799/2225/783 3800/2222/783
f 3804/2226/785 3801/2227/784 3802/2224/784
f 3806/2228/786 3803/2229/785 3804/2226/785
f 3808/2230/787 3805/2231/786 3806/2228/786
f 3810/2232/788 3807/2233/787 3808/2230/787
f 3812/2234/789 3809/2235/790 3810/2232/788
f 3814/2236/791 3811/2237/792 3812/2234/789
f 3816/2238/793 3813/2239/791 3814/2236/791
f 3818/2240/794 3815/2241/793 3816/2238/793
f 3820/2242/795 3817/2243/794 3818/2240/794
f 3822/2244/796 3819/2245/797 3820/2242/795
f 3824/2246/798 3821/2247/799 3822/2244/796
f 3826/2248/800 3823/2249/798 3824/2246/798
f 3828/2250/801 3825/2251/800 3826/2248/800
f 3830/2252/802 3827/2253/801 3828/2250/801
f 3832/2254/803 3829/2255/804 3830/2252/802
f 3834/2256/805 3831/2257/806 3832/2254/803
f 3836/2258/807 3833/2259/808 3834/2256/805
f 3838/2260/809 3835/2261/807 3836/2258/807
f 3840/2262/810 3837/2263/809 3838/2260/809
f 3842/2264/811 3839/2265/810 3840/2262/810
f 3844/2266/812 3841/2267/811 3842/2264/811
f 3846/2268/813 3843/2269/812 3844/2266/812
f 3848/2270/814 3845/2271/813 3846/2268/813
f 3850/2272/815 3847/2273/814 3848/2270/814
f 3852/2274/816 3849/2275/815 3850/2272/815
f 3854/2276/817 3851/2277/816 3852/2274/816
f 3856/2278/818 3853/2279/817 3854/2276/817
f 3858/2280/819 3855/2281/818 3856/2278/818
f 3860/2282/820 3857/2283/819 3858/2280/819
f 3862/2284/821 3859/2285/820 3860/2282/820
f 3864/2286/822 3861/2287/821 3862/2284/821
f 3866/2288/823 3863/2289/822 3864/2286/822
f 3868/2290/824 3865/2291/823 3866/2288/823
f 3870/2292/825 3867/2293/824 3868/2290/824
f 3872/2294/826 3869/2295/825 3870/2292/825
f 3874/2296/827 3871/2297/826 3872/2294/826
f 3876/2298/828 3873/2299/827 3874/2296/827
f 3878/2300/829 3875/2301/828 3876/2298/828
f 3880/2302/830 3877/2303/829 3878/2300/829
f 3882/2304/831 3879/2305/832 3880/2302/830
f 3884/2306/833 3881/2307/831 3882/2304/831
f 3886/2308/834 3883/2309/835 3884/2306/833
f 3888/2310/836 3885/2311/834 3886/2308/834
f 3890/2312/837 3887/2313/838 3888/2310/836
f 3892/2314/839 3889/2315/837 3890/2312/837
f 3894/2316/840 3891/2317/839 3892/2314/839
f 3896/2318/841 3893/2319/840 3894/2316/840
f 3898/2320/842 3895/2321/841 3896/2318/841
f 3900/2322/843 3897/2323/844 3898/2320/842
f 3902/2324/845 3899/2325/846 3900/2322/843
f 3904/2326/847 3901/2327/845 3902/2324/845
f 3906/2328/848 3903/2329/847 3904/2326/847
f 3908/2330/849 3905/2331/848 3906/2328/848
f 3910/2332/850 3907/2333/849 3908/2330/849
f 3912/2334/851 3909/2335/850 3910/2332/850
f 3914/2336/852 3911/2337/851 3912/2334/851
f 3916/2338/853 3913/2339/852 3914/2336/852
f 3918/2340/854 3915/2341/853 3916/2338/853
f 3920/2342/855 3917/2343/854 3918/2340/854
f 3922/2344/856 3919/2345/855 3920/2342/855
f 3924/2346/857 3921/2347/856 3922/2344/856
f 3926/2348/858 3923/2349/857 3924/2346/857
f 3928/2350/859 3925/2351/860 3926/2348/858
f 3930/2352/861 3927/2353/859 3928/2350/859
f 3932/2354/862 3929/2355/861 3930/2352/861
f 3934/2356/863 3931/2357/862 3932/2354/862
f 3936/2358/864 3933/2359/865 3934/2356/863
f 3938/2360/866 3935/2361/864 3936/2358/864
f 3940/2362/867 3937/2363/866 3938/2360/866
f 3942/2364/868 3939/2365/867 3940/2362/867
f 3944/2366/869 3941/2367/868 3942/2364/868
f 3946/2368/870 3943/2369/871 3944/2366/869
f 3948/2370/872 3945/2371/873 3946/2368/870
f 3950/2372/874 3947/2373/872 3948/2370/872
f 3952/2374/875 3949/2375/876 3950/2372/874
f 3954/2376/877 3951/2377/878 3952/2374/875
f 3956/2378/879 3953/2379/880 3954/2376/877
f 3958/2380/881 3955/2381/879 3956/2378/879
f 3960/2382/882 3957/2383/881 3958/2380/881
f 3962/2384/883 3959/2385/884 3960/2382/882
f 3964/2386/885 3961/2387/886 3962/2384/883
f 3966/2388/887 3963/2389/888 3964/2386/885
f 3968/2390/889 3965/2391/887 3966/2388/887
f 3970/2392/890 3967/2393/889 3968/2390/889
f 3972/2394/891 3969/2395/890 3970/2392/890
f 3974/2396/892 3971/2397/891 3972/2394/891
f 3976/2398/893 3973/2399/892 3974/2396/892
f 3978/2400/894 3975/2401/893 3976/2398/893
f 3980/2402/895 3977/2403/894 3978/2400/894
f 3982/2404/896 3979/2405/895 3980/2402/895
f 3984/2406/897 3981/2407/896 3982/2404/896
f 3986/2408/898 3983/2409/897 3984/2406/897
f 3988/2410/899 3985/2411/898 3986/2408/898
f 3990/2412/900 3987/2413/899 3988/2410/899
f 3992/2414/901 3989/2415/900 3990/2412/900
f 3994/2416/902 3991/2417/901 3992/2414/901
f 3996/2418/903 3993/2419/904 3994/2416/902
f 3998/2420/905 3995/2421/903 3996/2418/903
f 4000/2422/906 3997/2423/905 3998/2420/905
f 4002/2424/907 3999/2425/908 4000/2422/906
f 4004/2426/909 4001/2427/907 4002/2424/907
f 4006/2428/910 4003/2429/909 4004/2426/909
f 4008/2430/911 4005/2431/910 4006/2428/910
f 4010/2432/912 4007/2433/911 4008/2430/911
f 4012/2434/913 4009/2435/912 4010/2432/912
f 4014/2436/914 4011/2437/913 4012/2434/913
f 4016/2438/915 4013/2439/914 4014/2436/914
f 4018/2440/916 4015/2441/915 4016/2438/915
f 4020/2442/917 4017/2443/916 4018/2440/916
f 4022/2444/661 4019/2445/917 4020/2442/917
f 4024/2446/661 4021/2447/661 4022/2444/661
f 4026/2448/740 4023/2449/661 4024/2446/661
f 4028/2450/148 4025/2451/740 4026/2448/740
f 4030/2452/918 4027/2453/148 4028/2450/148
f 3754/1092/757 4029/2454/918 4030/2452/918
f 4034/2455/740 4031/9/740 4032/1067/740
f 4036/2456/919 4033/2457/740 4034/2455/740
f 4038/2458/920 4035/2459/921 4036/2456/919
f 4040/2460/922 4037/2461/920 4038/2458/920
f 4042/2462/923 4039/2463/922 4040/2460/922
f 4044/2464/924 4041/2465/923 4042/2462/923
f 4046/2466/925 4043/2467/924 4044/2464/924
f 4048/2468/926 4045/2469/925 4046/2466/925
f 4050/2470/927 4047/2471/928 4048/2468/926
f 4052/2472/929 4049/2473/927 4050/2470/927
f 4054/2474/930 4051/2475/929 4052/2472/929
f 4056/2476/931 4053/2477/932 4054/2474/930
f 4058/2478/933 4055/2479/934 4056/2476/931
f 4060/2480/935 4057/2481/933 4058/2478/933
f 4062/2482/936 4059/2483/935 4060/2480/935
f 4064/2484/937 4061/2485/936 4062/2482/936
f 4066/2486/938 4063/2487/939 4064/2484/937
f 4068/2488/940 4065/2489/941 4066/2486/938
f 4070/2490/942 4067/2491/940 4068/2488/940
f 4072/2492/943 4069/2493/944 4070/2490/942
f 4074/2494/945 4071/2495/943 4072/2492/943
f 4076/2496/946 4073/2497/945 4074/2494/945
f 4078/2498/947 4075/2499/948 4076/2496/946
f 4080/2500/949 4077/2501/947 4078/2498/947
f 4082/2502/950 4079/2503/949 4080/2500/949
f 4084/2504/951 4081/2505/952 4082/2502/950
f 4086/2506/953 4083/2507/951 4084/2504/951
f 4088/2508/954 4085/2509/953 4086/2506/953
f 4090/2510/955 4087/2511/954 4088/2508/954
f 4092/2512/956 4089/2513/957 4090/2510/955
f 4094/2514/958 4091/2515/956 4092/2512/956
f 4096/2516/959 4093/2517/958 4094/2514/958
f 4098/2518/960 4095/2519/959 4096/2516/959
f 4100/2520/961 4097/2521/962 4098/2518/960
f 4102/2522/963 4099/2523/961 4100/2520/961
f 4104/2524/964 4101/2525/963 4102/2522/963
f 4106/2526/965 4103/2527/964 4104/2524/964
f 4108/2528/966 4105/2529/965 4106/2526/965
f 4110/2530/967 4107/2531/968 4108/2528/966
f 4112/2532/969 4109/2533/967 4110/2530/967
f 4114/2534/970 4111/2535/969 4112/2532/969
f 4116/2536/578 4113/2537/970 4114/2534/970
f 4118/2538/971 4115/2539/578 4116/2536/578
f 4120/2540/972 4117/2541/971 4118/2538/971
f 4122/2542/973 4119/2543/972 4120/2540/972
f 4124/2544/974 4121/2545/973 4122/2542/973
f 4126/2546/975 4123/2547/974 4124/2544/974
f 4128/2548/976 4125/2549/975 4126/2546/975
f 4130/2550/977 4127/2551/976 4128/2548/976
f 4132/2552/978 4129/2553/977 4130/2550/977
f 4134/2554/979 4131/2555/978 4132/2552/978
f 4136/2556/980 4133/2557/979 4134/2554/979
f 4138/2558/981 4135/2559/980 4136/2556/980
f 4140/2560/982 4137/2561/981 4138/2558/981
f 4142/2562/983 4139/2563/982 4140/2560/982
f 4144/2564/984 4141/2565/985 4142/2562/983
f 4146/2566/986 4143/2567/397 4144/2564/984
f 4148/2568/987 4145/2569/986 4146/2566/986
f 4150/2570/988 4147/2571/987 4148/2568/987
f 4152/2572/989 4149/2573/988 4150/2570/988
f 4154/2574/990 4151/2575/991 4152/2572/989
f 4156/2576/992 4153/2577/993 4154/2574/990
f 4158/2578/994 4155/2579/992 4156/2576/992
f 4160/2580/995 4157/2581/996 4158/2578/994
f 4162/2582/997 4159/2583/998 4160/2580/995
f 4164/2584/999 4161/2585/1000 4162/2582/997
f 4166/2586/1001 4163/2587/999 4164/2584/999
f 4168/2588/1002 4165/2589/1001 4166/2586/1001
f 4170/2590/1003 4167/2591/1002 4168/2588/1002
f 4172/2592/1004 4169/2593/1005 4170/2590/1003
f 4174/2594/1006 4171/2595/1007 4172/2592/1004
f 4176/2596/1008 4173/2597/1006 4174/2594/1006
f 4178/2598/1009 4175/2599/1008 4176/2596/1008
f 4180/2600/1010 4177/2601/1009 4178/2598/1009
f 4182/2602/1011 4179/2603/1012 4180/2600/1010
f 4184/2604/661 4181/2605/1011 4182/2602/1011
f 4186/2606/661 4183/2607/661 4184/2604/661
f 4188/2608/181 4185/2609/661 4186/2606/661
f 4190/2610/181 4187/2611/181 4188/2608/181
f 4192/2612/661 4189/2613/181 4190/2610/181
f 4194/2614/1013 4191/2615/661 4192/2612/661
f 4196/2616/1014 4193/2617/1015 4194/2614/1013
f 4198/2618/1016 4195/2619/1014 4196/2616/1014
f 4200/2620/1017 4197/2621/1016 4198/2618/1016
f 4202/2622/1018 4199/2623/1017 4200/2620/1017
f 4204/2624/1019 4201/2625/1018 4202/2622/1018
f 4206/2626/1020 4203/2627/1019 4204/2624/1019
f 4208/2628/1021 4205/2629/1020 4206/2626/1020
f 4210/2630/1022 4207/2631/1021 4208/2628/1021
f 4212/2632/1023 4209/2633/1022 4210/2630/1022
f 4214/2634/1024 4211/2635/1025 4212/2632/1023
f 4216/2636/1026 4213/2637/1024 4214/2634/1024
f 4218/2638/1027 4215/2639/1026 4216/2636/1026
f 4220/2640/1028 4217/2641/1029 4218/2638/1027
f 4222/2642/1030 4219/2643/1028 4220/2640/1028
f 4224/2644/1031 4221/2645/677 4222/2642/1030
f 4226/2646/1032 4223/2647/1031 4224/2644/1031
f 4228/2648/1033 4225/2649/1032 4226/2646/1032
f 4230/2650/1034 4227/2651/1033 4228/2648/1033
f 4232/2652/1035 4229/2653/1034 4230/2650/1034
f 4234/2654/1036 4231/2655/1037 4232/2652/1035
f 4236/2656/1038 4233/2657/1039 4234/2654/1036
f 4238/2658/1040 4235/2659/1038 4236/2656/1038
f 4240/2660/1041 4237/2661/1040 4238/2658/1040
f 4242/2662/1042 4239/2663/1041 4240/2660/1041
f 4244/2664/1043 4241/2665/1042 4242/2662/1042
f 4246/2666/1044 4243/2667/1043 4244/2664/1043
f 4248/2668/1045 4245/2669/1044 4246/2666/1044
f 4250/2670/1046 4247/2671/1045 4248/2668/1045
f 4252/2672/1047 4249/2673/1046 4250/2670/1046
f 4254/2674/1048 4251/2675/1047 4252/2672/1047
f 4256/2676/1049 4253/2677/1048 4254/2674/1048
f 4258/2678/1050 4255/2679/1051 4256/2676/1049
f 4260/2680/1052 4257/2681/1050 4258/2678/1050
f 4262/2682/1053 4259/2683/1052 4260/2680/1052
f 4264/2684/1054 4261/2685/1053 4262/2682/1053
f 4266/2686/1055 4263/2687/1054 4264/2684/1054
f 4268/2688/1056 4265/2689/1055 4266/2686/1055
f 4270/2690/1057 4267/2691/1056 4268/2688/1056
f 4272/2692/1058 4269/2693/1057 4270/2690/1057
f 4274/2694/1059 4271/2695/1058 4272/2692/1058
f 4276/2696/1060 4273/2697/1059 4274/2694/1059
f 4278/2698/1061 4275/2699/1060 4276/2696/1060
f 4280/2700/1062 4277/2701/1061 4278/2698/1061
f 4282/2702/1063 4279/2703/1062 4280/2700/1062
f 4284/2704/1064 4281/2705/1063 4282/2702/1063
f 4286/2706/1065 4283/2707/1064 4284/2704/1064
f 4288/2708/1066 4285/2709/1065 4286/2706/1065
f 4290/2710/1067 4287/2711/1066 4288/2708/1066
f 4292/2712/1068 4289/2713/1069 4290/2710/1067
f 4294/2714/1070 4291/2715/1071 4292/2712/1068
f 4296/2716/1072 4293/2717/1070 4294/2714/1070
f 4298/2718/1073 4295/2719/1072 4296/2716/1072
f 4300/2720/1074 4297/2721/1073 4298/2718/1073
f 4302/2722/1075 4299/2723/1074 4300/2720/1074
f 4304/2724/1076 4301/2725/1077 4302/2722/1075
f 4306/2726/1078 4303/2727/1076 4304/2724/1076
f 4308/2728/1079 4305/2729/1078 4306/2726/1078
f 4310/2730/1080 4307/2731/1079 4308/2728/1079
f 4312/2732/1081 4309/2733/1080 4310/2730/1080
f 4314/2734/1082 4311/2735/1081 4312/2732/1081
f 4316/2736/1083 4313/2737/1084 4314/2734/1082
f 4318/2738/1085 4315/2739/1083 4316/2736/1083
f 4320/2740/1086 4317/2741/1085 4318/2738/1085
f 4322/2742/1087 4319/2743/1086 4320/2740/1086
f 4324/2744/1088 4321/2745/1087 4322/2742/1087
f 4326/2746/1089 4323/2747/1088 4324/2744/1088
f 4328/2748/1090 4325/2749/1089 4326/2746/1089
f 4330/2750/1091 4327/2751/1090 4328/2748/1090
f 4332/2752/1092 4329/2753/1093 4330/2750/1091
f 4334/2754/1094 4331/2755/1092 4332/2752/1092
f 4336/2756/1095 4333/2757/1094 4334/2754/1094
f 4338/2758/1096 4335/2759/1095 4336/2756/1095
f 4340/2760/740 4337/2761/1096 4338/2758/1096
f 4342/2762/148 4339/2763/740 4340/2760/740
f 4344/2764/148 4341/2765/148 4342/2762/148
f 4032/1092/740 4343/2766/148 4344/2764/148
f 4348/2767/1097 4345/9/1098 4346/1067/1098
f 4350/2768/1099 4347/2769/1097 4348/2767/1097
f 4352/2770/1100 4349/2771/1099 4350/2768/1099
f 4354/2772/1101 4351/2773/1100 4352/2770/1100
f 4356/2774/1102 4353/2775/1101 4354/2772/1101
f 4358/2776/1103 4355/365/1102 4356/2774/1102
f 4360/2777/1104 4357/2778/1103 4358/2776/1103
f 4362/2779/305 4359/2780/1105 4360/2777/1104
f 4364/2781/1106 4361/2782/305 4362/2779/305
f 4366/2783/1107 4363/2784/1106 4364/2781/1106
f 4368/2785/1108 4365/374/1107 4366/2783/1107
f 4370/2786/1109 4367/2787/1108 4368/2785/1108
f 4372/2788/1110 4369/2789/1109 4370/2786/1109
f 4374/2790/1111 4371/2791/1110 4372/2788/1110
f 4376/2792/1112 4373/2793/1111 4374/2790/1111
f 4378/2794/1113 4375/350/1112 4376/2792/1112
f 4380/2795/1114 4377/2796/1113 4378/2794/1113
f 4382/2797/1115 4379/2798/1116 4380/2795/1114
f 4384/2799/1117 4381/2800/1115 4382/2797/1115
f 4386/2801/1118 4383/2802/1117 4384/2799/1117
f 4388/2803/1119 4385/354/1118 4386/2801/1118
f 4390/2804/1120 4387/2805/1119 4388/2803/1119
f 4392/2806/1121 4389/2807/1120 4390/2804/1120
f 4394/2808/1122 4391/2809/1121 4392/2806/1121
f 4346/1092/1098 4393/2810/1122 4394/2808/1122
f 4398/1717/1123 4395/9/962 4396/1067/1124
f 4400/1720/1125 4397/1032/1123 4398/1717/1123
f 4402/1723/1126 4399/1009/1127 4400/1720/1125
f 4404/1496/1128 4401/994/1129 4402/1723/1126
f 4406/1728/1130 4403/504/1128 4404/1496/1128
f 4408/1731/1131 4405/1048/1130 4406/1728/1130
f 4410/1734/1132 4407/1039/1131 4408/1731/1131
f 4412/1079/1133 4409/1002/1134 4410/1734/1132
f 4414/1739/1135 4411/412/1136 4412/1079/1133
f 4416/1742/1137 4413/959/1138 4414/1739/1135
f 4418/1745/1139 4415/943/1140 4416/1742/1137
f 4420/1641/1141 4417/925/1142 4418/1745/1139
f 4422/1750/740 4419/612/1143 4420/1641/1141
f 4424/1753/661 4421/893/740 4422/1750/740
f 4426/1756/181 4423/934/661 4424/1753/661
f 4396/1092/1124 4425/913/181 4426/1756/181
f 4430/2774/148 4427/9/1144 4428/1067/1144
f 4432/2783/740 4429/365/148 4430/2774/148
f 4434/2792/661 4431/374/740 4432/2783/740
f 4436/2801/178 4433/350/661 4434/2792/661
f 4428/1092/1144 4435/354/178 4436/2801/178
f 2222/1066/7 2221/578/7 2219/9/8
f 2224/1068/9 2223/590/9 2221/578/7
f 2226/1069/10 2225/568/10 2223/590/9
f 2228/1070/11 2227/542/11 2225/568/10
f 2230/1071/12 2229/516/12 2227/542/11
f 2232/1072/13 2231/492/13 2229/516/12
f 2234/1073/14 2233/523/14 2231/492/13
f 2236/1074/15 2235/550/17 2233/523/14
f 2238/1075/16 2237/596/16 2235/550/17
f 2240/1076/18 2239/614/18 2237/596/16
f 2242/1077/19 2241/581/19 2239/614/18
f 2244/1078/20 2243/541/20 2241/581/19
f 2246/1079/21 2245/412/21 2243/541/20
f 2248/1080/22 2247/479/22 2245/412/21
f 2250/1081/23 2249/503/25 2247/479/22
f 2252/1082/24 2251/553/27 2249/503/25
f 2254/1083/26 2253/601/26 2251/553/27
f 2256/1084/28 2255/624/28 2253/601/26
f 2258/1085/29 2257/617/29 2255/624/28
f 2260/1086/30 2259/606/30 2257/617/29
f 2262/1087/31 2261/579/31 2259/606/30
f 2264/1088/32 2263/546/32 2261/579/31
f 2266/1089/33 2265/511/33 2263/546/32
f 2268/1090/34 2267/489/34 2265/511/33
f 2270/1091/35 2269/521/35 2267/489/34
f 2220/1092/8 2219/160/8 2269/521/35
f 2274/1093/36 2273/1095/36 2271/9/37
f 2276/1094/38 2275/1097/38 2273/1095/36
f 2278/1096/39 2277/1099/39 2275/1097/38
f 2280/1098/40 2279/1101/40 2277/1099/39
f 2282/1100/41 2281/1103/41 2279/1101/40
f 2284/1102/42 2283/1105/42 2281/1103/41
f 2286/1104/43 2285/1107/43 2283/1105/42
f 2288/1106/44 2287/1109/44 2285/1107/43
f 2290/1108/45 2289/1111/45 2287/1109/44
f 2292/1110/46 2291/1113/46 2289/1111/45
f 2294/1112/47 2293/1115/47 2291/1113/46
f 2296/1114/48 2295/1117/48 2293/1115/47
f 2298/1116/49 2297/1119/49 2295/1117/48
f 2300/1118/50 2299/1121/50 2297/1119/49
f 2302/1120/51 2301/1123/53 2299/1121/50
f 2304/1122/52 2303/1125/52 2301/1123/53
f 2306/1124/54 2305/1127/54 2303/1125/52
f 2308/1126/55 2307/1129/55 2305/1127/54
f 2310/1128/56 2309/1131/56 2307/1129/55
f 2312/1130/57 2311/1133/59 2309/1131/56
f 2314/1132/58 2313/1135/58 2311/1133/59
f 2316/1134/60 2315/1137/62 2313/1135/58
f 2318/1136/61 2317/1139/64 2315/1137/62
f 2320/1138/63 2319/1141/63 2317/1139/64
f 2322/1140/65 2321/1143/65 2319/1141/63
f 2324/1142/66 2323/1145/66 2321/1143/65
f 2326/1144/67 2325/1147/67 2323/1145/66
f 2328/1146/68 2327/1149/70 2325/1147/67
f 2330/1148/69 2329/1151/72 2327/1149/70
f 2332/1150/71 2331/1153/74 2329/1151/72
f 2334/1152/73 2333/1155/73 2331/1153/74
f 2336/1154/75 2335/1157/75 2333/1155/73
f 2338/1156/76 2337/1159/76 2335/1157/75
f 2340/1158/77 2339/1161/77 2337/1159/76
f 2342/1160/78 2341/1163/78 2339/1161/77
f 2344/1162/79 2343/1165/79 2341/1163/78
f 2346/1164/80 2345/1167/80 2343/1165/79
f 2348/1166/81 2347/1169/81 2345/1167/80
f 2350/1168/82 2349/1171/82 2347/1169/81
f 2352/1170/83 2351/1173/83 2349/1171/82
f 2354/1172/84 2353/1175/84 2351/1173/83
f 2356/1174/85 2355/1177/85 2353/1175/84
f 2358/1176/86 2357/1179/86 2355/1177/85
f 2360/1178/87 2359/1181/87 2357/1179/86
f 2362/1180/88 2361/1183/88 2359/1181/87
f 2364/1182/89 2363/1185/89 2361/1183/88
f 2366/1184/90 2365/1187/90 2363/1185/89
f 2368/1186/91 2367/1189/91 2365/1187/90
f 2370/1188/92 2369/1191/92 2367/1189/91
f 2372/1190/93 2371/1193/95 2369/1191/92
f 2374/1192/94 2373/1195/94 2371/1193/95
f 2376/1194/96 2375/1197/96 2373/1195/94
f 2378/1196/97 2377/1199/97 2375/1197/96
f 2380/1198/98 2379/1201/98 2377/1199/97
f 2382/1200/99 2381/1203/99 2379/1201/98
f 2384/1202/100 2383/1205/100 2381/1203/99
f 2386/1204/101 2385/1207/101 2383/1205/100
f 2388/1206/102 2387/1209/102 2385/1207/101
f 2390/1208/103 2389/1211/103 2387/1209/102
f 2392/1210/104 2391/1213/104 2389/1211/103
f 2394/1212/105 2393/1215/105 2391/1213/104
f 2396/1214/106 2395/1217/106 2393/1215/105
f 2398/1216/107 2397/1219/107 2395/1217/106
f 2400/1218/108 2399/1221/108 2397/1219/107
f 2402/1220/109 2401/1223/109 2399/1221/108
f 2404/1222/110 2403/1225/112 2401/1223/109
f 2406/1224/111 2405/1227/111 2403/1225/112
f 2408/1226/113 2407/1229/113 2405/1227/111
f 2410/1228/114 2409/1231/114 2407/1229/113
f 2412/1230/115 2411/1233/115 2409/1231/114
f 2414/1232/116 2413/1235/116 2411/1233/115
f 2416/1234/117 2415/1237/117 2413/1235/116
f 2418/1236/118 2417/1239/118 2415/1237/117
f 2420/1238/119 2419/1241/119 2417/1239/118
f 2422/1240/120 2421/1243/120 2419/1241/119
f 2424/1242/121 2423/1245/121 2421/1243/120
f 2426/1244/121 2425/1247/121 2423/1245/121
f 2428/1246/121 2427/1249/121 2425/1247/121
f 2430/1248/121 2429/1251/121 2427/1249/121
f 2432/1250/121 2431/1253/121 2429/1251/121
f 2434/1252/121 2433/1255/121 2431/1253/121
f 2436/1254/121 2435/1257/121 2433/1255/121
f 2438/1256/121 2437/1259/121 2435/1257/121
f 2440/1258/121 2439/1261/121 2437/1259/121
f 2442/1260/121 2441/1263/121 2439/1261/121
f 2444/1262/121 2443/1265/121 2441/1263/121
f 2446/1264/122 2445/1267/122 2443/1265/121
f 2448/1266/123 2447/1269/123 2445/1267/122
f 2450/1268/124 2449/1271/124 2447/1269/123
f 2452/1270/125 2451/1273/125 2449/1271/124
f 2454/1272/126 2453/1275/126 2451/1273/125
f 2456/1274/127 2455/1277/127 2453/1275/126
f 2458/1276/128 2457/1279/128 2455/1277/127
f 2460/1278/129 2459/1281/129 2457/1279/128
f 2462/1280/130 2461/1283/130 2459/1281/129
f 2464/1282/131 2463/1285/131 2461/1283/130
f 2466/1284/132 2465/1287/132 2463/1285/131
f 2468/1286/133 2467/1289/133 2465/1287/132
f 2470/1288/134 2469/1291/134 2467/1289/133
f 2472/1290/135 2471/1293/135 2469/1291/134
f 2474/1292/136 2473/1295/136 2471/1293/135
f 2476/1294/137 2475/1297/137 2473/1295/136
f 2478/1296/138 2477/1299/138 2475/1297/137
f 2480/1298/139 2479/1301/139 2477/1299/138
f 2482/1300/140 2481/1303/140 2479/1301/139
f 2484/1302/141 2483/1305/141 2481/1303/140
f 2486/1304/142 2485/1307/142 2483/1305/141
f 2488/1306/143 2487/1309/143 2485/1307/142
f 2490/1308/144 2489/1311/144 2487/1309/143
f 2492/1310/145 2491/1313/145 2489/1311/144
f 2494/1312/146 2493/1315/146 2491/1313/145
f 2496/1314/147 2495/1317/147 2493/1315/146
f 2498/1316/148 2497/1319/148 2495/1317/147
f 2500/1318/149 2499/1321/149 2497/1319/148
f 2502/1320/150 2501/1323/150 2499/1321/149
f 2504/1322/151 2503/1325/151 2501/1323/150
f 2506/1324/152 2505/1327/154 2503/1325/151
f 2508/1326/153 2507/1329/153 2505/1327/154
f 2510/1328/155 2509/1331/155 2507/1329/153
f 2512/1330/156 2511/1333/158 2509/1331/155
f 2514/1332/157 2513/1335/157 2511/1333/158
f 2516/1334/159 2515/1337/161 2513/1335/157
f 2518/1336/160 2517/1339/163 2515/1337/161
f 2520/1338/162 2519/1341/165 2517/1339/163
f 2522/1340/164 2521/1343/164 2519/1341/165
f 2524/1342/166 2523/1345/168 2521/1343/164
f 2526/1344/167 2525/1347/167 2523/1345/168
f 2528/1346/169 2527/1349/169 2525/1347/167
f 2530/1348/170 2529/1351/170 2527/1349/169
f 2532/1350/171 2531/1353/171 2529/1351/170
f 2534/1352/172 2533/1355/172 2531/1353/171
f 2536/1354/173 2535/1357/173 2533/1355/172
f 2538/1356/174 2537/1359/174 2535/1357/173
f 2540/1358/175 2539/1361/175 2537/1359/174
f 2542/1360/176 2541/1363/176 2539/1361/175
f 2544/1362/177 2543/1365/177 2541/1363/176
f 2546/1364/178 2545/1367/178 2543/1365/177
f 2548/1366/179 2547/1369/179 2545/1367/178
f 2550/1368/180 2549/1371/180 2547/1369/179
f 2552/1370/181 2551/1373/181 2549/1371/180
f 2554/1372/182 2553/1375/182 2551/1373/181
f 2556/1374/183 2555/1377/183 2553/1375/182
f 2558/1376/184 2557/1379/184 2555/1377/183
f 2560/1378/185 2559/1381/185 2557/1379/184
f 2562/1380/186 2561/1383/186 2559/1381/185
f 2564/1382/187 2563/1385/187 2561/1383/186
f 2566/1384/188 2565/1387/188 2563/1385/187
f 2568/1386/189 2567/1389/189 2565/1387/188
f 2570/1388/190 2569/1391/190 2567/1389/189
f 2572/1390/191 2571/1393/191 2569/1391/190
f 2574/1392/192 2573/1395/192 2571/1393/191
f 2576/1394/193 2575/1397/193 2573/1395/192
f 2578/1396/194 2577/1399/194 2575/1397/193
f 2580/1398/195 2579/1401/197 2577/1399/194
f 2582/1400/196 2581/1403/198 2579/1401/197
f 2584/1402/196 2583/1405/196 2581/1403/198
f 2586/1404/199 2585/1407/199 2583/1405/196
f 2588/1406/200 2587/1409/200 2585/1407/199
f 2590/1408/201 2589/1411/201 2587/1409/200
f 2592/1410/202 2591/1413/202 2589/1411/201
f 2594/1412/203 2593/1415/205 2591/1413/202
f 2596/1414/204 2595/1417/204 2593/1415/205
f 2598/1416/206 2597/1419/206 2595/1417/204
f 2600/1418/207 2599/1421/207 2597/1419/206
f 2602/1420/208 2601/1423/208 2599/1421/207
f 2604/1422/209 2603/1424/209 2601/1423/208
f 2272/1092/37 2271/160/37 2603/1424/209
f 2608/1066/210 2607/578/210 2605/9/211
f 2610/1068/213 2609/590/213 2607/578/210
f 2612/1069/214 2611/568/214 2609/590/213
f 2614/1070/215 2613/542/215 2611/568/214
f 2616/1071/216 2615/516/216 2613/542/215
f 2618/1072/217 2617/492/217 2615/516/216
f 2620/1073/218 2619/523/218 2617/492/217
f 2622/1074/219 2621/550/219 2619/523/218
f 2624/1075/220 2623/596/220 2621/550/219
f 2626/1076/221 2625/614/223 2623/596/220
f 2628/1077/222 2627/581/222 2625/614/223
f 2630/1078/224 2629/541/226 2627/581/222
f 2632/1079/225 2631/412/225 2629/541/226
f 2634/1080/227 2633/479/227 2631/412/225
f 2636/1081/228 2635/503/228 2633/479/227
f 2638/1082/229 2637/553/231 2635/503/228
f 2640/1083/230 2639/601/230 2637/553/231
f 2642/1084/232 2641/624/232 2639/601/230
f 2644/1085/233 2643/617/233 2641/624/232
f 2646/1086/234 2645/606/234 2643/617/233
f 2648/1087/235 2647/579/235 2645/606/234
f 2650/1088/236 2649/546/236 2647/579/235
f 2652/1089/237 2651/511/237 2649/546/236
f 2654/1090/238 2653/489/238 2651/511/237
f 2656/1091/239 2655/521/239 2653/489/238
f 2606/1092/212 2605/160/211 2655/521/239
f 2660/1066/240 2659/578/240 2657/9/241
f 2662/1068/242 2661/590/242 2659/578/240
f 2664/1069/243 2663/568/243 2661/590/242
f 2666/1070/244 2665/542/244 2663/568/243
f 2668/1071/245 2667/516/245 2665/542/244
f 2670/1072/246 2669/492/246 2667/516/245
f 2672/1073/247 2671/523/247 2669/492/246
f 2674/1074/248 2673/550/248 2671/523/247
f 2676/1075/249 2675/596/251 2673/550/248
f 2678/1076/250 2677/614/250 2675/596/251
f 2680/1077/252 2679/581/252 2677/614/250
f 2682/1078/253 2681/541/253 2679/581/252
f 2684/1079/254 2683/412/254 2681/541/253
f 2686/1080/255 2685/479/255 2683/412/254
f 2688/1081/256 2687/503/258 2685/479/255
f 2690/1082/257 2689/553/260 2687/503/258
f 2692/1083/259 2691/601/259 2689/553/260
f 2694/1084/261 2693/624/261 2691/601/259
f 2696/1085/262 2695/617/262 2693/624/261
f 2698/1086/263 2697/606/263 2695/617/262
f 2700/1087/264 2699/579/264 2697/606/263
f 2702/1088/265 2701/546/265 2699/579/264
f 2704/1089/266 2703/511/266 2701/546/265
f 2706/1090/267 2705/489/267 2703/511/266
f 2708/1091/268 2707/521/268 2705/489/267
f 2658/1092/241 2657/160/241 2707/521/268
f 2712/1425/269 2711/1427/269 2709/9/270
f 2714/1426/271 2713/1429/271 2711/1427/269
f 2716/1428/272 2715/1431/272 2713/1429/271
f 2718/1430/273 2717/1433/273 2715/1431/272
f 2720/1432/274 2719/1435/274 2717/1433/273
f 2722/1434/275 2721/1437/275 2719/1435/274
f 2724/1436/276 2723/1439/276 2721/1437/275
f 2726/1438/277 2725/1441/277 2723/1439/276
f 2728/1440/278 2727/1443/278 2725/1441/277
f 2730/1442/279 2729/1445/279 2727/1443/278
f 2732/1444/280 2731/1447/280 2729/1445/279
f 2734/1446/281 2733/1449/281 2731/1447/280
f 2736/1448/282 2735/1451/282 2733/1449/281
f 2738/1450/283 2737/1453/283 2735/1451/282
f 2740/1452/284 2739/1455/284 2737/1453/283
f 2742/1454/285 2741/1457/285 2739/1455/284
f 2744/1456/286 2743/1459/286 2741/1457/285
f 2746/1458/287 2745/1461/287 2743/1459/286
f 2748/1460/288 2747/1463/288 2745/1461/287
f 2750/1462/289 2749/1465/289 2747/1463/288
f 2752/1464/290 2751/1467/290 2749/1465/289
f 2754/1466/291 2753/1469/291 2751/1467/290
f 2756/1468/292 2755/1471/294 2753/1469/291
f 2758/1470/293 2757/1473/296 2755/1471/294
f 2760/1472/295 2759/1475/298 2757/1473/296
f 2762/1474/297 2761/1477/297 2759/1475/298
f 2764/1476/299 2763/1479/299 2761/1477/297
f 2766/1478/300 2765/1481/300 2763/1479/299
f 2768/1480/301 2767/1483/301 2765/1481/300
f 2770/1482/302 2769/1485/302 2767/1483/301
f 2772/1484/303 2771/1487/303 2769/1485/302
f 2774/1486/304 2773/1489/306 2771/1487/303
f 2776/1488/305 2775/1491/305 2773/1489/306
f 2778/1490/307 2777/1493/307 2775/1491/305
f 2780/1492/308 2779/1495/308 2777/1493/307
f 2782/1494/309 2781/1497/309 2779/1495/308
f 2784/1496/310 2783/504/310 2781/1497/309
f 2786/1498/311 2785/1500/311 2783/504/310
f 2788/1499/312 2787/1502/312 2785/1500/311
f 2790/1501/313 2789/1504/313 2787/1502/312
f 2792/1503/314 2791/1506/314 2789/1504/313
f 2794/1505/315 2793/1508/315 2791/1506/314
f 2796/1507/316 2795/1510/316 2793/1508/315
f 2798/1509/317 2797/1512/317 2795/1510/316
f 2800/1511/318 2799/1514/318 2797/1512/317
f 2802/1513/319 2801/1516/319 2799/1514/318
f 2804/1515/320 2803/1518/320 2801/1516/319
f 2806/1517/321 2805/1520/321 2803/1518/320
f 2808/1519/322 2807/1522/322 2805/1520/321
f 2810/1521/323 2809/1524/323 2807/1522/322
f 2812/1523/324 2811/1526/324 2809/1524/323
f 2814/1525/325 2813/1528/325 2811/1526/324
f 2816/1527/326 2815/1530/326 2813/1528/325
f 2818/1529/327 2817/1532/327 2815/1530/326
f 2820/1531/328 2819/1534/328 2817/1532/327
f 2822/1533/329 2821/1536/329 2819/1534/328
f 2824/1535/330 2823/1538/330 2821/1536/329
f 2826/1537/331 2825/1540/331 2823/1538/330
f 2828/1539/332 2827/1542/332 2825/1540/331
f 2830/1541/333 2829/1544/333 2827/1542/332
f 2832/1543/334 2831/1546/334 2829/1544/333
f 2834/1545/335 2833/1548/335 2831/1546/334
f 2836/1547/336 2835/1550/336 2833/1548/335
f 2838/1549/337 2837/1552/339 2835/1550/336
f 2840/1551/338 2839/1554/338 2837/1552/339
f 2842/1553/340 2841/1556/340 2839/1554/338
f 2844/1555/341 2843/1558/341 2841/1556/340
f 2846/1557/342 2845/1560/342 2843/1558/341
f 2848/1559/343 2847/1562/343 2845/1560/342
f 2850/1561/344 2849/1564/344 2847/1562/343
f 2852/1563/345 2851/1566/347 2849/1564/344
f 2854/1565/346 2853/1568/346 2851/1566/347
f 2856/1567/348 2855/1569/348 2853/1568/346
f 2858/1079/121 2857/412/121 2855/1569/348
f 2860/1570/121 2859/1572/121 2857/412/121
f 2862/1571/121 2861/1574/121 2859/1572/121
f 2864/1573/121 2863/1576/121 2861/1574/121
f 2866/1575/121 2865/1578/121 2863/1576/121
f 2868/1577/121 2867/1580/121 2865/1578/121
f 2870/1579/121 2869/1582/121 2867/1580/121
f 2872/1581/121 2871/1584/121 2869/1582/121
f 2874/1583/121 2873/1586/121 2871/1584/121
f 2876/1585/121 2875/1588/121 2873/1586/121
f 2878/1587/121 2877/1590/121 2875/1588/121
f 2880/1589/349 2879/1592/349 2877/1590/121
f 2882/1591/350 2881/1594/350 2879/1592/349
f 2884/1593/351 2883/1596/351 2881/1594/350
f 2886/1595/352 2885/1598/352 2883/1596/351
f 2888/1597/353 2887/1600/353 2885/1598/352
f 2890/1599/354 2889/1602/354 2887/1600/353
f 2892/1601/355 2891/1604/355 2889/1602/354
f 2894/1603/356 2893/1606/356 2891/1604/355
f 2896/1605/357 2895/1608/357 2893/1606/356
f 2898/1607/358 2897/1610/358 2895/1608/357
f 2900/1609/359 2899/1612/359 2897/1610/358
f 2902/1611/360 2901/1614/360 2899/1612/359
f 2904/1613/361 2903/1616/363 2901/1614/360
f 2906/1615/362 2905/1618/362 2903/1616/363
f 2908/1617/364 2907/1620/364 2905/1618/362
f 2910/1619/365 2909/1622/365 2907/1620/364
f 2912/1621/366 2911/1624/366 2909/1622/365
f 2914/1623/367 2913/1626/367 2911/1624/366
f 2916/1625/368 2915/1628/368 2913/1626/367
f 2918/1627/369 2917/1630/369 2915/1628/368
f 2920/1629/370 2919/1632/370 2917/1630/369
f 2922/1631/371 2921/1634/371 2919/1632/370
f 2924/1633/372 2923/1636/372 2921/1634/371
f 2926/1635/373 2925/1638/373 2923/1636/372
f 2928/1637/374 2927/1640/374 2925/1638/373
f 2930/1639/146 2929/1642/146 2927/1640/374
f 2932/1641/375 2931/612/375 2929/1642/146
f 2934/1643/375 2933/1645/375 2931/612/375
f 2936/1644/375 2935/1647/375 2933/1645/375
f 2938/1646/375 2937/1649/375 2935/1647/375
f 2940/1648/375 2939/1651/375 2937/1649/375
f 2942/1650/375 2941/1653/375 2939/1651/375
f 2944/1652/375 2943/1655/375 2941/1653/375
f 2946/1654/375 2945/1657/375 2943/1655/375
f 2948/1656/375 2947/1659/375 2945/1657/375
f 2950/1658/375 2949/1661/375 2947/1659/375
f 2952/1660/375 2951/1663/375 2949/1661/375
f 2954/1662/376 2953/1665/376 2951/1663/375
f 2956/1664/377 2955/1667/377 2953/1665/376
f 2958/1666/378 2957/1669/378 2955/1667/377
f 2960/1668/379 2959/1671/379 2957/1669/378
f 2962/1670/380 2961/1673/380 2959/1671/379
f 2964/1672/381 2963/1675/381 2961/1673/380
f 2966/1674/382 2965/1677/382 2963/1675/381
f 2968/1676/383 2967/1679/383 2965/1677/382
f 2970/1678/384 2969/1681/384 2967/1679/383
f 2972/1680/385 2971/1683/385 2969/1681/384
f 2974/1682/386 2973/1685/386 2971/1683/385
f 2976/1684/387 2975/1687/389 2973/1685/386
f 2978/1686/388 2977/1689/388 2975/1687/389
f 2980/1688/390 2979/1691/390 2977/1689/388
f 2982/1690/391 2981/1693/391 2979/1691/390
f 2984/1692/392 2983/1695/392 2981/1693/391
f 2986/1694/393 2985/1697/395 2983/1695/392
f 2988/1696/394 2987/1699/397 2985/1697/395
f 2990/1698/396 2989/1701/396 2987/1699/397
f 2992/1700/398 2991/1703/398 2989/1701/396
f 2994/1702/399 2993/1705/399 2991/1703/398
f 2996/1704/400 2995/1707/402 2993/1705/399
f 2998/1706/401 2997/1709/404 2995/1707/402
f 3000/1708/403 2999/1711/403 2997/1709/404
f 3002/1710/405 3001/1713/405 2999/1711/403
f 3004/1712/406 3003/1714/406 3001/1713/405
f 2710/1092/270 2709/160/270 3003/1714/406
f 3008/1066/407 3007/578/407 3005/9/408
f 3010/1068/409 3009/590/409 3007/578/407
f 3012/1069/410 3011/568/410 3009/590/409
f 3014/1070/411 3013/542/411 3011/568/410
f 3016/1071/412 3015/516/412 3013/542/411
f 3018/1072/413 3017/492/413 3015/516/412
f 3020/1073/414 3019/523/414 3017/492/413
f 3022/1074/415 3021/550/415 3019/523/414
f 3024/1075/416 3023/596/416 3021/550/415
f 3026/1076/417 3025/614/417 3023/596/416
f 3028/1077/418 3027/581/418 3025/614/417
f 3030/1078/419 3029/541/419 3027/581/418
f 3032/1079/420 3031/412/420 3029/541/419
f 3034/1080/421 3033/479/421 3031/412/420
f 3036/1081/422 3035/503/422 3033/479/421
f 3038/1082/423 3037/553/423 3035/503/422
f 3040/1083/424 3039/601/424 3037/553/423
f 3042/1084/425 3041/624/425 3039/601/424
f 3044/1085/426 3043/617/426 3041/624/425
f 3046/1086/427 3045/606/427 3043/617/426
f 3048/1087/428 3047/579/428 3045/606/427
f 3050/1088/429 3049/546/429 3047/579/428
f 3052/1089/430 3051/511/430 3049/546/429
f 3054/1090/431 3053/489/431 3051/511/430
f 3056/1091/432 3055/521/432 3053/489/431
f 3006/1092/408 3005/160/408 3055/521/432
f 3060/1066/433 3059/578/433 3057/9/434
f 3062/1068/435 3061/590/435 3059/578/433
f 3064/1069/436 3063/568/436 3061/590/435
f 3066/1070/437 3065/542/437 3063/568/436
f 3068/1071/438 3067/516/438 3065/542/437
f 3070/1072/439 3069/492/441 3067/516/438
f 3072/1073/440 3071/523/440 3069/492/441
f 3074/1074/442 3073/550/442 3071/523/440
f 3076/1075/443 3075/596/443 3073/550/442
f 3078/1076/444 3077/614/444 3075/596/443
f 3080/1077/445 3079/581/445 3077/614/444
f 3082/1078/446 3081/541/446 3079/581/445
f 3084/1079/447 3083/412/449 3081/541/446
f 3086/1080/448 3085/479/448 3083/412/449
f 3088/1081/450 3087/503/450 3085/479/448
f 3090/1082/451 3089/553/451 3087/503/450
f 3092/1083/452 3091/601/452 3089/553/451
f 3094/1084/453 3093/624/453 3091/601/452
f 3096/1085/427 3095/617/427 3093/624/453
f 3098/1086/454 3097/606/454 3095/617/427
f 3100/1087/455 3099/579/455 3097/606/454
f 3102/1088/456 3101/546/456 3099/579/455
f 3104/1089/457 3103/511/457 3101/546/456
f 3106/1090/458 3105/489/458 3103/511/457
f 3108/1091/459 3107/521/459 3105/489/458
f 3058/1092/434 3057/160/434 3107/521/459
f 3112/1066/460 3111/578/460 3109/9/461
f 3114/1068/463 3113/590/463 3111/578/460
f 3116/1069/464 3115/568/464 3113/590/463
f 3118/1070/465 3117/542/465 3115/568/464
f 3120/1071/466 3119/516/466 3117/542/465
f 3122/1072/467 3121/492/467 3119/516/466
f 3124/1073/468 3123/523/468 3121/492/467
f 3126/1074/469 3125/550/469 3123/523/468
f 3128/1075/470 3127/596/470 3125/550/469
f 3130/1076/471 3129/614/471 3127/596/470
f 3132/1077/472 3131/581/472 3129/614/471
f 3134/1078/473 3133/541/475 3131/581/472
f 3136/1079/474 3135/412/474 3133/541/475
f 3138/1080/476 3137/479/476 3135/412/474
f 3140/1081/477 3139/503/477 3137/479/476
f 3142/1082/478 3141/553/478 3139/503/477
f 3144/1083/479 3143/601/479 3141/553/478
f 3146/1084/480 3145/624/480 3143/601/479
f 3148/1085/481 3147/617/481 3145/624/480
f 3150/1086/482 3149/606/482 3147/617/481
f 3152/1087/483 3151/579/483 3149/606/482
f 3154/1088/484 3153/546/484 3151/579/483
f 3156/1089/485 3155/511/485 3153/546/484
f 3158/1090/486 3157/489/486 3155/511/485
f 3160/1091/487 3159/521/487 3157/489/486
f 3110/1092/462 3109/160/461 3159/521/487
f 3164/1715/488 3163/1005/488 3161/9/489
f 3166/1716/490 3165/1016/490 3163/1005/488
f 3168/1717/491 3167/1032/491 3165/1016/490
f 3170/1718/492 3169/588/492 3167/1032/491
f 3172/1719/493 3171/1025/493 3169/588/492
f 3174/1720/494 3173/1009/494 3171/1025/493
f 3176/1721/495 3175/978/495 3173/1009/494
f 3178/1722/496 3177/416/496 3175/978/495
f 3180/1723/497 3179/994/497 3177/416/496
f 3182/1724/498 3181/1045/498 3179/994/497
f 3184/1725/499 3183/1053/499 3181/1045/498
f 3186/1496/500 3185/504/500 3183/1053/499
f 3188/1726/501 3187/1063/501 3185/504/500
f 3190/1727/502 3189/1056/502 3187/1063/501
f 3192/1728/503 3191/1048/503 3189/1056/502
f 3194/1729/504 3193/468/504 3191/1048/503
f 3196/1730/505 3195/1022/505 3193/468/504
f 3198/1731/506 3197/1039/506 3195/1022/505
f 3200/1732/507 3199/1031/507 3197/1039/506
f 3202/1733/508 3201/592/508 3199/1031/507
f 3204/1734/509 3203/1002/509 3201/592/508
f 3206/1735/510 3205/991/510 3203/1002/509
f 3208/1736/511 3207/985/511 3205/991/510
f 3210/1079/512 3209/412/512 3207/985/511
f 3212/1737/513 3211/968/513 3209/412/512
f 3214/1738/514 3213/963/514 3211/968/513
f 3216/1739/515 3215/959/515 3213/963/514
f 3218/1740/516 3217/510/516 3215/959/515
f 3220/1741/517 3219/949/517 3217/510/516
f 3222/1742/518 3221/943/518 3219/949/517
f 3224/1743/519 3223/938/519 3221/943/518
f 3226/1744/520 3225/465/520 3223/938/519
f 3228/1745/521 3227/925/521 3225/465/520
f 3230/1746/522 3229/933/522 3227/925/521
f 3232/1747/523 3231/908/523 3229/933/522
f 3234/1641/524 3233/612/524 3231/908/523
f 3236/1748/525 3235/894/525 3233/612/524
f 3238/1749/526 3237/888/526 3235/894/525
f 3240/1750/527 3239/893/527 3237/888/526
f 3242/1751/528 3241/406/528 3239/893/527
f 3244/1752/529 3243/907/531 3241/406/528
f 3246/1753/530 3245/934/530 3243/907/531
f 3248/1754/532 3247/926/532 3245/934/530
f 3250/1755/533 3249/491/533 3247/926/532
f 3252/1756/534 3251/913/534 3249/491/533
f 3254/1757/535 3253/950/535 3251/913/534
f 3256/1758/536 3255/969/536 3253/950/535
f 3162/1092/489 3161/160/489 3255/969/536
f 3260/1759/537 3259/1761/537 3257/9/538
f 3262/1760/539 3261/1763/539 3259/1761/537
f 3264/1762/540 3263/1765/540 3261/1763/539
f 3266/1764/541 3265/1767/541 3263/1765/540
f 3268/1766/542 3267/1769/542 3265/1767/541
f 3270/1768/543 3269/1771/543 3267/1769/542
f 3272/1770/544 3271/1773/544 3269/1771/543
f 3274/1772/545 3273/1775/545 3271/1773/544
f 3276/1774/546 3275/1777/546 3273/1775/545
f 3278/1776/547 3277/1779/547 3275/1777/546
f 3280/1778/548 3279/1781/548 3277/1779/547
f 3282/1780/549 3281/1783/549 3279/1781/548
f 3284/1782/550 3283/1785/550 3281/1783/549
f 3286/1784/551 3285/1787/551 3283/1785/550
f 3288/1786/552 3287/1789/552 3285/1787/551
f 3290/1788/553 3289/1791/553 3287/1789/552
f 3292/1790/554 3291/1793/554 3289/1791/553
f 3294/1792/555 3293/1795/555 3291/1793/554
f 3296/1794/556 3295/1797/556 3293/1795/555
f 3298/1796/557 3297/1799/557 3295/1797/556
f 3300/1798/558 3299/1801/558 3297/1799/557
f 3302/1800/559 3301/1803/559 3299/1801/558
f 3304/1802/560 3303/1805/560 3301/1803/559
f 3306/1804/561 3305/1807/561 3303/1805/560
f 3308/1806/562 3307/1809/562 3305/1807/561
f 3310/1808/563 3309/1811/563 3307/1809/562
f 3312/1810/564 3311/1813/564 3309/1811/563
f 3314/1812/565 3313/1815/565 3311/1813/564
f 3316/1814/566 3315/1817/566 3313/1815/565
f 3318/1816/567 3317/1819/567 3315/1817/566
f 3320/1818/568 3319/1821/568 3317/1819/567
f 3322/1820/569 3321/1823/569 3319/1821/568
f 3324/1822/570 3323/1825/570 3321/1823/569
f 3326/1824/571 3325/1827/571 3323/1825/570
f 3328/1826/572 3327/1829/572 3325/1827/571
f 3330/1828/573 3329/1831/573 3327/1829/572
f 3332/1830/574 3331/1833/574 3329/1831/573
f 3334/1832/575 3333/1835/575 3331/1833/574
f 3336/1834/576 3335/1837/576 3333/1835/575
f 3338/1836/577 3337/1839/577 3335/1837/576
f 3340/1838/578 3339/1841/578 3337/1839/577
f 3342/1840/579 3341/1843/579 3339/1841/578
f 3344/1842/580 3343/1845/580 3341/1843/579
f 3346/1844/581 3345/1847/581 3343/1845/580
f 3348/1846/582 3347/1849/582 3345/1847/581
f 3350/1848/583 3349/1851/583 3347/1849/582
f 3352/1850/584 3351/1853/584 3349/1851/583
f 3354/1852/585 3353/1855/585 3351/1853/584
f 3356/1854/586 3355/1857/586 3353/1855/585
f 3358/1856/587 3357/1859/587 3355/1857/586
f 3360/1858/588 3359/1861/588 3357/1859/587
f 3362/1860/589 3361/1863/589 3359/1861/588
f 3364/1862/590 3363/1865/590 3361/1863/589
f 3366/1864/591 3365/1867/591 3363/1865/590
f 3368/1866/592 3367/1869/592 3365/1867/591
f 3370/1868/593 3369/1871/593 3367/1869/592
f 3372/1870/594 3371/1873/594 3369/1871/593
f 3374/1872/595 3373/1875/595 3371/1873/594
f 3376/1874/596 3375/1877/596 3373/1875/595
f 3378/1876/597 3377/1879/599 3375/1877/596
f 3380/1878/598 3379/1881/598 3377/1879/599
f 3382/1880/600 3381/1883/600 3379/1881/598
f 3384/1882/601 3383/1885/601 3381/1883/600
f 3386/1884/602 3385/1887/602 3383/1885/601
f 3388/1886/603 3387/1889/603 3385/1887/602
f 3390/1888/604 3389/1891/604 3387/1889/603
f 3392/1890/605 3391/1893/605 3389/1891/604
f 3394/1892/606 3393/1895/606 3391/1893/605
f 3396/1894/607 3395/1897/607 3393/1895/606
f 3398/1896/608 3397/1899/608 3395/1897/607
f 3400/1898/609 3399/1901/609 3397/1899/608
f 3402/1900/610 3401/1903/610 3399/1901/609
f 3404/1902/611 3403/1905/611 3401/1903/610
f 3406/1904/612 3405/1907/612 3403/1905/611
f 3408/1906/613 3407/1909/613 3405/1907/612
f 3410/1908/614 3409/1911/614 3407/1909/613
f 3412/1910/615 3411/1913/615 3409/1911/614
f 3414/1912/616 3413/1915/616 3411/1913/615
f 3416/1914/617 3415/1917/617 3413/1915/616
f 3418/1916/618 3417/1919/618 3415/1917/617
f 3420/1918/619 3419/1921/619 3417/1919/618
f 3422/1920/620 3421/1923/620 3419/1921/619
f 3424/1922/621 3423/1925/621 3421/1923/620
f 3426/1924/622 3425/1927/622 3423/1925/621
f 3428/1926/623 3427/1929/625 3425/1927/622
f 3430/1928/624 3429/1931/624 3427/1929/625
f 3432/1930/626 3431/1933/626 3429/1931/624
f 3434/1932/627 3433/1935/627 3431/1933/626
f 3436/1934/628 3435/1937/628 3433/1935/627
f 3438/1936/629 3437/1939/629 3435/1937/628
f 3440/1938/630 3439/1941/630 3437/1939/629
f 3442/1940/631 3441/1943/631 3439/1941/630
f 3444/1942/632 3443/1945/632 3441/1943/631
f 3446/1944/633 3445/1947/633 3443/1945/632
f 3448/1946/634 3447/1949/634 3445/1947/633
f 3450/1948/635 3449/1951/635 3447/1949/634
f 3452/1950/636 3451/1953/636 3449/1951/635
f 3454/1952/637 3453/1955/637 3451/1953/636
f 3456/1954/638 3455/1957/638 3453/1955/637
f 3458/1956/639 3457/1959/639 3455/1957/638
f 3460/1958/640 3459/1961/640 3457/1959/639
f 3462/1960/641 3461/1963/641 3459/1961/640
f 3464/1962/642 3463/1965/642 3461/1963/641
f 3466/1964/643 3465/1967/643 3463/1965/642
f 3468/1966/644 3467/1969/644 3465/1967/643
f 3470/1968/645 3469/1971/645 3467/1969/644
f 3472/1970/646 3471/1973/646 3469/1971/645
f 3474/1972/647 3473/1974/647 3471/1973/646
f 3258/1092/538 3257/160/538 3473/1974/647
f 3478/1975/648 3477/1977/648 3475/9/649
f 3480/1976/650 3479/1979/650 3477/1977/648
f 3482/1978/651 3481/1981/651 3479/1979/650
f 3484/1980/652 3483/1983/652 3481/1981/651
f 3486/1982/653 3485/1985/653 3483/1983/652
f 3488/1984/654 3487/1987/654 3485/1985/653
f 3490/1986/655 3489/1989/655 3487/1987/654
f 3492/1988/656 3491/1991/658 3489/1989/655
f 3494/1990/657 3493/1993/657 3491/1991/658
f 3496/1992/659 3495/1995/659 3493/1993/657
f 3498/1994/660 3497/1997/660 3495/1995/659
f 3500/1996/181 3499/1999/181 3497/1997/660
f 3502/1998/661 3501/2001/661 3499/1999/181
f 3504/2000/662 3503/2003/664 3501/2001/661
f 3506/2002/663 3505/2005/663 3503/2003/664
f 3508/2004/665 3507/2007/665 3505/2005/663
f 3510/2006/666 3509/2009/666 3507/2007/665
f 3512/2008/667 3511/2011/667 3509/2009/666
f 3514/2010/668 3513/2013/668 3511/2011/667
f 3516/2012/669 3515/2015/669 3513/2013/668
f 3518/2014/670 3517/2017/670 3515/2015/669
f 3520/2016/671 3519/2019/671 3517/2017/670
f 3522/2018/672 3521/2021/672 3519/2019/671
f 3524/2020/673 3523/2023/673 3521/2021/672
f 3526/2022/674 3525/2025/674 3523/2023/673
f 3528/2024/675 3527/2027/675 3525/2025/674
f 3530/2026/676 3529/2029/678 3527/2027/675
f 3532/2028/677 3531/2031/677 3529/2029/678
f 3534/2030/679 3533/2033/681 3531/2031/677
f 3536/2032/680 3535/2035/680 3533/2033/681
f 3538/2034/682 3537/2037/682 3535/2035/680
f 3540/2036/683 3539/2039/683 3537/2037/682
f 3542/2038/684 3541/2041/684 3539/2039/683
f 3544/2040/685 3543/2043/685 3541/2041/684
f 3546/2042/686 3545/2045/688 3543/2043/685
f 3548/2044/687 3547/2047/687 3545/2045/688
f 3550/2046/689 3549/2049/689 3547/2047/687
f 3552/2048/690 3551/2051/690 3549/2049/689
f 3554/2050/691 3553/2053/691 3551/2051/690
f 3556/2052/692 3555/2055/692 3553/2053/691
f 3558/2054/693 3557/2057/693 3555/2055/692
f 3560/2056/694 3559/2059/694 3557/2057/693
f 3562/2058/695 3561/2061/695 3559/2059/694
f 3564/2060/696 3563/2063/696 3561/2061/695
f 3566/2062/697 3565/2065/697 3563/2063/696
f 3568/2064/698 3567/2067/698 3565/2065/697
f 3570/2066/699 3569/2069/699 3567/2067/698
f 3572/2068/700 3571/2071/700 3569/2069/699
f 3574/2070/701 3573/2073/701 3571/2071/700
f 3576/2072/702 3575/2075/704 3573/2073/701
f 3578/2074/703 3577/2077/703 3575/2075/704
f 3580/2076/705 3579/2079/705 3577/2077/703
f 3582/2078/706 3581/2081/706 3579/2079/705
f 3584/2080/707 3583/2083/707 3581/2081/706
f 3586/2082/708 3585/2085/708 3583/2083/707
f 3588/2084/709 3587/2087/709 3585/2085/708
f 3590/2086/710 3589/2089/710 3587/2087/709
f 3592/2088/711 3591/2091/711 3589/2089/710
f 3594/2090/712 3593/2093/712 3591/2091/711
f 3596/2092/713 3595/2095/713 3593/2093/712
f 3598/2094/714 3597/2097/714 3595/2095/713
f 3600/2096/715 3599/2099/715 3597/2097/714
f 3602/2098/716 3601/2101/716 3599/2099/715
f 3604/2100/717 3603/2103/717 3601/2101/716
f 3606/2102/718 3605/2105/718 3603/2103/717
f 3608/2104/719 3607/2107/719 3605/2105/718
f 3610/2106/720 3609/2109/720 3607/2107/719
f 3612/2108/721 3611/2111/721 3609/2109/720
f 3614/2110/722 3613/2113/722 3611/2111/721
f 3616/2112/723 3615/2115/723 3613/2113/722
f 3618/2114/724 3617/2117/724 3615/2115/723
f 3620/2116/725 3619/2119/725 3617/2117/724
f 3622/2118/726 3621/2121/726 3619/2119/725
f 3624/2120/727 3623/2123/727 3621/2121/726
f 3626/2122/728 3625/2125/728 3623/2123/727
f 3628/2124/729 3627/2127/729 3625/2125/728
f 3630/2126/730 3629/2129/730 3627/2127/729
f 3632/2128/731 3631/2131/731 3629/2129/730
f 3634/2130/732 3633/2133/732 3631/2131/731
f 3636/2132/733 3635/2135/733 3633/2133/732
f 3638/2134/734 3637/2137/734 3635/2135/733
f 3640/2136/735 3639/2139/735 3637/2137/734
f 3642/2138/736 3641/2141/736 3639/2139/735
f 3644/2140/737 3643/2143/737 3641/2141/736
f 3646/2142/738 3645/2145/738 3643/2143/737
f 3648/2144/739 3647/2147/739 3645/2145/738
f 3650/2146/740 3649/2149/740 3647/2147/739
f 3652/2148/148 3651/2151/148 3649/2149/740
f 3654/2150/741 3653/2153/741 3651/2151/148
f 3656/2152/742 3655/2155/742 3653/2153/741
f 3658/2154/743 3657/2157/743 3655/2155/742
f 3660/2156/744 3659/2159/744 3657/2157/743
f 3662/2158/745 3661/2161/745 3659/2159/744
f 3664/2160/746 3663/2163/746 3661/2161/745
f 3666/2162/747 3665/2165/747 3663/2163/746
f 3668/2164/748 3667/2167/748 3665/2165/747
f 3670/2166/749 3669/2169/749 3667/2167/748
f 3672/2168/750 3671/2171/750 3669/2169/749
f 3674/2170/751 3673/2173/751 3671/2171/750
f 3676/2172/752 3675/2175/752 3673/2173/751
f 3678/2174/753 3677/2177/753 3675/2175/752
f 3680/2176/754 3679/2178/754 3677/2177/753
f 3476/1092/649 3475/160/649 3679/2178/754
f 3684/1720/740 3683/1009/740 3681/9/661
f 3686/1496/740 3685/504/740 3683/1009/740
f 3688/1731/661 3687/1039/661 3685/504/740
f 3690/1079/661 3689/412/661 3687/1039/661
f 3692/1742/740 3691/943/740 3689/412/661
f 3694/1641/148 3693/612/148 3691/943/740
f 3696/1753/181 3695/934/181 3693/612/148
f 3682/1092/661 3681/160/661 3695/934/181
f 3700/1496/740 3699/504/740 3697/9/661
f 3702/1079/148 3701/412/148 3699/504/740
f 3704/1641/181 3703/612/181 3701/412/148
f 3698/1092/661 3697/160/661 3703/612/181
f 3708/1496/740 3707/504/740 3705/9/661
f 3710/1079/148 3709/412/148 3707/504/740
f 3712/1641/181 3711/612/181 3709/412/148
f 3706/1092/661 3705/160/661 3711/612/181
f 3716/1496/740 3715/504/740 3713/9/148
f 3718/1079/661 3717/412/661 3715/504/740
f 3720/1641/181 3719/612/181 3717/412/661
f 3714/1092/148 3713/160/148 3719/612/181
f 3724/1496/661 3723/504/661 3721/9/740
f 3726/1079/181 3725/412/181 3723/504/661
f 3728/1641/148 3727/612/148 3725/412/181
f 3722/1092/740 3721/160/740 3727/612/148
f 3732/1496/740 3731/504/740 3729/9/148
f 3734/1079/661 3733/412/661 3731/504/740
f 3736/1641/181 3735/612/181 3733/412/661
f 3730/1092/148 3729/160/148 3735/612/181
f 3740/1720/740 3739/1009/740 3737/9/661
f 3742/1496/740 3741/504/740 3739/1009/740
f 3744/1731/661 3743/1039/661 3741/504/740
f 3746/1079/661 3745/412/661 3743/1039/661
f 3748/1742/740 3747/943/740 3745/412/661
f 3750/1641/148 3749/612/148 3747/943/740
f 3752/1753/181 3751/934/181 3749/612/148
f 3738/1092/661 3737/160/661 3751/934/181
f 3756/2179/755 3755/2181/755 3753/9/756
f 3758/2180/758 3757/2183/758 3755/2181/755
f 3760/2182/759 3759/2185/759 3757/2183/758
f 3762/2184/760 3761/2187/762 3759/2185/759
f 3764/2186/761 3763/2189/761 3761/2187/762
f 3766/2188/763 3765/2191/763 3763/2189/761
f 3768/2190/764 3767/2193/764 3765/2191/763
f 3770/2192/765 3769/2195/767 3767/2193/764
f 3772/2194/766 3771/2197/766 3769/2195/767
f 3774/2196/768 3773/2199/770 3771/2197/766
f 3776/2198/769 3775/2201/769 3773/2199/770
f 3778/2200/771 3777/2203/771 3775/2201/769
f 3780/2202/772 3779/2205/772 3777/2203/771
f 3782/2204/773 3781/2207/773 3779/2205/772
f 3784/2206/774 3783/2209/774 3781/2207/773
f 3786/2208/775 3785/2211/775 3783/2209/774
f 3788/2210/776 3787/2213/776 3785/2211/775
f 3790/2212/777 3789/2215/777 3787/2213/776
f 3792/2214/778 3791/2217/780 3789/2215/777
f 3794/2216/779 3793/2219/779 3791/2217/780
f 3796/2218/781 3795/2221/781 3793/2219/779
f 3798/2220/782 3797/2223/782 3795/2221/781
f 3800/2222/783 3799/2225/783 3797/2223/782
f 3802/2224/784 3801/2227/784 3799/2225/783
f 3804/2226/785 3803/2229/785 3801/2227/784
f 3806/2228/786 3805/2231/786 3803/2229/785
f 3808/2230/787 3807/2233/787 3805/2231/786
f 3810/2232/788 3809/2235/790 3807/2233/787
f 3812/2234/789 3811/2237/792 3809/2235/790
f 3814/2236/791 3813/2239/791 3811/2237/792
f 3816/2238/793 3815/2241/793 3813/2239/791
f 3818/2240/794 3817/2243/794 3815/2241/793
f 3820/2242/795 3819/2245/797 3817/2243/794
f 3822/2244/796 3821/2247/799 3819/2245/797
f 3824/2246/798 3823/2249/798 3821/2247/799
f 3826/2248/800 3825/2251/800 3823/2249/798
f 3828/2250/801 3827/2253/801 3825/2251/800
f 3830/2252/802 3829/2255/804 3827/2253/801
f 3832/2254/803 3831/2257/806 3829/2255/804
f 3834/2256/805 3833/2259/808 3831/2257/806
f 3836/2258/807 3835/2261/807 3833/2259/808
f 3838/2260/809 3837/2263/809 3835/2261/807
f 3840/2262/810 3839/2265/810 3837/2263/809
f 3842/2264/811 3841/2267/811 3839/2265/810
f 3844/2266/812 3843/2269/812 3841/2267/811
f 3846/2268/813 3845/2271/813 3843/2269/812
f 3848/2270/814 3847/2273/814 3845/2271/813
f 3850/2272/815 3849/2275/815 3847/2273/814
f 3852/2274/816 3851/2277/816 3849/2275/815
f 3854/2276/817 3853/2279/817 3851/2277/816
f 3856/2278/818 3855/2281/818 3853/2279/817
f 3858/2280/819 3857/2283/819 3855/2281/818
f 3860/2282/820 3859/2285/820 3857/2283/819
f 3862/2284/821 3861/2287/821 3859/2285/820
f 3864/2286/822 3863/2289/822 3861/2287/821
f 3866/2288/823 3865/2291/823 3863/2289/822
f 3868/2290/824 3867/2293/824 3865/2291/823
f 3870/2292/825 3869/2295/825 3867/2293/824
f 3872/2294/826 3871/2297/826 3869/2295/825
f 3874/2296/827 3873/2299/827 3871/2297/826
f 3876/2298/828 3875/2301/828 3873/2299/827
f 3878/2300/829 3877/2303/829 3875/2301/828
f 3880/2302/830 3879/2305/832 3877/2303/829
f 3882/2304/831 3881/2307/831 3879/2305/832
f 3884/2306/833 3883/2309/835 3881/2307/831
f 3886/2308/834 3885/2311/834 3883/2309/835
f 3888/2310/836 3887/2313/838 3885/2311/834
f 3890/2312/837 3889/2315/837 3887/2313/838
f 3892/2314/839 3891/2317/839 3889/2315/837
f 3894/2316/840 3893/2319/840 3891/2317/839
f 3896/2318/841 3895/2321/841 3893/2319/840
f 3898/2320/842 3897/2323/844 3895/2321/841
f 3900/2322/843 3899/2325/846 3897/2323/844
f 3902/2324/845 3901/2327/845 3899/2325/846
f 3904/2326/847 3903/2329/847 3901/2327/845
f 3906/2328/848 3905/2331/848 3903/2329/847
f 3908/2330/849 3907/2333/849 3905/2331/848
f 3910/2332/850 3909/2335/850 3907/2333/849
f 3912/2334/851 3911/2337/851 3909/2335/850
f 3914/2336/852 3913/2339/852 3911/2337/851
f 3916/2338/853 3915/2341/853 3913/2339/852
f 3918/2340/854 3917/2343/854 3915/2341/853
f 3920/2342/855 3919/2345/855 3917/2343/854
f 3922/2344/856 3921/2347/856 3919/2345/855
f 3924/2346/857 3923/2349/857 3921/2347/856
f 3926/2348/858 3925/2351/860 3923/2349/857
f 3928/2350/859 3927/2353/859 3925/2351/860
f 3930/2352/861 3929/2355/861 3927/2353/859
f 3932/2354/862 3931/2357/862 3929/2355/861
f 3934/2356/863 3933/2359/865 3931/2357/862
f 3936/2358/864 3935/2361/864 3933/2359/865
f 3938/2360/866 3937/2363/866 3935/2361/864
f 3940/2362/867 3939/2365/867 3937/2363/866
f 3942/2364/868 3941/2367/868 3939/2365/867
f 3944/2366/869 3943/2369/871 3941/2367/868
f 3946/2368/870 3945/2371/873 3943/2369/871
f 3948/2370/872 3947/2373/872 3945/2371/873
f 3950/2372/874 3949/2375/876 3947/2373/872
f 3952/2374/875 3951/2377/878 3949/2375/876
f 3954/2376/877 3953/2379/880 3951/2377/878
f 3956/2378/879 3955/2381/879 3953/2379/880
f 3958/2380/881 3957/2383/881 3955/2381/879
f 3960/2382/882 3959/2385/884 3957/2383/881
f 3962/2384/883 3961/2387/886 3959/2385/884
f 3964/2386/885 3963/2389/888 3961/2387/886
f 3966/2388/887 3965/2391/887 3963/2389/888
f 3968/2390/889 3967/2393/889 3965/2391/887
f 3970/2392/890 3969/2395/890 3967/2393/889
f 3972/2394/891 3971/2397/891 3969/2395/890
f 3974/2396/892 3973/2399/892 3971/2397/891
f 3976/2398/893 3975/2401/893 3973/2399/892
f 3978/2400/894 3977/2403/894 3975/2401/893
f 3980/2402/895 3979/2405/895 3977/2403/894
f 3982/2404/896 3981/2407/896 3979/2405/895
f 3984/2406/897 3983/2409/897 3981/2407/896
f 3986/2408/898 3985/2411/898 3983/2409/897
f 3988/2410/899 3987/2413/899 3985/2411/898
f 3990/2412/900 3989/2415/900 3987/2413/899
f 3992/2414/901 3991/2417/901 3989/2415/900
f 3994/2416/902 3993/2419/904 3991/2417/901
f 3996/2418/903 3995/2421/903 3993/2419/904
f 3998/2420/905 3997/2423/905 3995/2421/903
f 4000/2422/906 3999/2425/908 3997/2423/905
f 4002/2424/907 4001/2427/907 3999/2425/908
f 4004/2426/909 4003/2429/909 4001/2427/907
f 4006/2428/910 4005/2431/910 4003/2429/909
f 4008/2430/911 4007/2433/911 4005/2431/910
f 4010/2432/912 4009/2435/912 4007/2433/911
f 4012/2434/913 4011/2437/913 4009/2435/912
f 4014/2436/914 4013/2439/914 4011/2437/913
f 4016/2438/915 4015/2441/915 4013/2439/914
f 4018/2440/916 4017/2443/916 4015/2441/915
f 4020/2442/917 4019/2445/917 4017/2443/916
f 4022/2444/661 4021/2447/661 4019/2445/917
f 4024/2446/661 4023/2449/661 4021/2447/661
f 4026/2448/740 4025/2451/740 4023/2449/661
f 4028/2450/148 4027/2453/148 4025/2451/740
f 4030/2452/918 4029/2454/918 4027/2453/148
f 3754/1092/757 3753/160/756 4029/2454/918
f 4034/2455/740 4033/2457/740 4031/9/740
f 4036/2456/919 4035/2459/921 4033/2457/740
f 4038/2458/920 4037/2461/920 4035/2459/921
f 4040/2460/922 4039/2463/922 4037/2461/920
f 4042/2462/923 4041/2465/923 4039/2463/922
f 4044/2464/924 4043/2467/924 4041/2465/923
f 4046/2466/925 4045/2469/925 4043/2467/924
f 4048/2468/926 4047/2471/928 4045/2469/925
f 4050/2470/927 4049/2473/927 4047/2471/928
f 4052/2472/929 4051/2475/929 4049/2473/927
f 4054/2474/930 4053/2477/932 4051/2475/929
f 4056/2476/931 4055/2479/934 4053/2477/932
f 4058/2478/933 4057/2481/933 4055/2479/934
f 4060/2480/935 4059/2483/935 4057/2481/933
f 4062/2482/936 4061/2485/936 4059/2483/935
f 4064/2484/937 4063/2487/939 4061/2485/936
f 4066/2486/938 4065/2489/941 4063/2487/939
f 4068/2488/940 4067/2491/940 4065/2489/941
f 4070/2490/942 4069/2493/944 4067/2491/940
f 4072/2492/943 4071/2495/943 4069/2493/944
f 4074/2494/945 4073/2497/945 4071/2495/943
f 4076/2496/946 4075/2499/948 4073/2497/945
f 4078/2498/947 4077/2501/947 4075/2499/948
f 4080/2500/949 4079/2503/949 4077/2501/947
f 4082/2502/950 4081/2505/952 4079/2503/949
f 4084/2504/951 4083/2507/951 4081/2505/952
f 4086/2506/953 4085/2509/953 4083/2507/951
f 4088/2508/954 4087/2511/954 4085/2509/953
f 4090/2510/955 4089/2513/957 4087/2511/954
f 4092/2512/956 4091/2515/956 4089/2513/957
f 4094/2514/958 4093/2517/958 4091/2515/956
f 4096/2516/959 4095/2519/959 4093/2517/958
f 4098/2518/960 4097/2521/962 4095/2519/959
f 4100/2520/961 4099/2523/961 4097/2521/962
f 4102/2522/963 4101/2525/963 4099/2523/961
f 4104/2524/964 4103/2527/964 4101/2525/963
f 4106/2526/965 4105/2529/965 4103/2527/964
f 4108/2528/966 4107/2531/968 4105/2529/965
f 4110/2530/967 4109/2533/967 4107/2531/968
f 4112/2532/969 4111/2535/969 4109/2533/967
f 4114/2534/970 4113/2537/970 4111/2535/969
f 4116/2536/578 4115/2539/578 4113/2537/970
f 4118/2538/971 4117/2541/971 4115/2539/578
f 4120/2540/972 4119/2543/972 4117/2541/971
f 4122/2542/973 4121/2545/973 4119/2543/972
f 4124/2544/974 4123/2547/974 4121/2545/973
f 4126/2546/975 4125/2549/975 4123/2547/974
f 4128/2548/976 4127/2551/976 4125/2549/975
f 4130/2550/977 4129/2553/977 4127/2551/976
f 4132/2552/978 4131/2555/978 4129/2553/977
f 4134/2554/979 4133/2557/979 4131/2555/978
f 4136/2556/980 4135/2559/980 4133/2557/979
f 4138/2558/981 4137/2561/981 4135/2559/980
f 4140/2560/982 4139/2563/982 4137/2561/981
f 4142/2562/983 4141/2565/985 4139/2563/982
f 4144/2564/984 4143/2567/397 4141/2565/985
f 4146/2566/986 4145/2569/986 4143/2567/397
f 4148/2568/987 4147/2571/987 4145/2569/986
f 4150/2570/988 4149/2573/988 4147/2571/987
f 4152/2572/989 4151/2575/991 4149/2573/988
f 4154/2574/990 4153/2577/993 4151/2575/991
f 4156/2576/992 4155/2579/992 4153/2577/993
f 4158/2578/994 4157/2581/996 4155/2579/992
f 4160/2580/995 4159/2583/998 4157/2581/996
f 4162/2582/997 4161/2585/1000 4159/2583/998
f 4164/2584/999 4163/2587/999 4161/2585/1000
f 4166/2586/1001 4165/2589/1001 4163/2587/999
f 4168/2588/1002 4167/2591/1002 4165/2589/1001
f 4170/2590/1003 4169/2593/1005 4167/2591/1002
f 4172/2592/1004 4171/2595/1007 4169/2593/1005
f 4174/2594/1006 4173/2597/1006 4171/2595/1007
f 4176/2596/1008 4175/2599/1008 4173/2597/1006
f 4178/2598/1009 4177/2601/1009 4175/2599/1008
f 4180/2600/1010 4179/2603/1012 4177/2601/1009
f 4182/2602/1011 4181/2605/1011 4179/2603/1012
f 4184/2604/661 4183/2607/661 4181/2605/1011
f 4186/2606/661 4185/2609/661 4183/2607/661
f 4188/2608/181 4187/2611/181 4185/2609/661
f 4190/2610/181 4189/2613/181 4187/2611/181
f 4192/2612/661 4191/2615/661 4189/2613/181
f 4194/2614/1013 4193/2617/1015 4191/2615/661
f 4196/2616/1014 4195/2619/1014 4193/2617/1015
f 4198/2618/1016 4197/2621/1016 4195/2619/1014
f 4200/2620/1017 4199/2623/1017 4197/2621/1016
f 4202/2622/1018 4201/2625/1018 4199/2623/1017
f 4204/2624/1019 4203/2627/1019 4201/2625/1018
f 4206/2626/1020 4205/2629/1020 4203/2627/1019
f 4208/2628/1021 4207/2631/1021 4205/2629/1020
f 4210/2630/1022 4209/2633/1022 4207/2631/1021
f 4212/2632/1023 4211/2635/1025 4209/2633/1022
f 4214/2634/1024 4213/2637/1024 4211/2635/1025
f 4216/2636/1026 4215/2639/1026 4213/2637/1024
f 4218/2638/1027 4217/2641/1029 4215/2639/1026
f 4220/2640/1028 4219/2643/1028 4217/2641/1029
f 4222/2642/1030 4221/2645/677 4219/2643/1028
f 4224/2644/1031 4223/2647/1031 4221/2645/677
f 4226/2646/1032 4225/2649/1032 4223/2647/1031
f 4228/2648/1033 4227/2651/1033 4225/2649/1032
f 4230/2650/1034 4229/2653/1034 4227/2651/1033
f 4232/2652/1035 4231/2655/1037 4229/2653/1034
f 4234/2654/1036 4233/2657/1039 4231/2655/1037
f 4236/2656/1038 4235/2659/1038 4233/2657/1039
f 4238/2658/1040 4237/2661/1040 4235/2659/1038
f 4240/2660/1041 4239/2663/1041 4237/2661/1040
f 4242/2662/1042 4241/2665/1042 4239/2663/1041
f 4244/2664/1043 4243/2667/1043 4241/2665/1042
f 4246/2666/1044 4245/2669/1044 4243/2667/1043
f 4248/2668/1045 4247/2671/1045 4245/2669/1044
f 4250/2670/1046 4249/2673/1046 4247/2671/1045
f 4252/2672/1047 4251/2675/1047 4249/2673/1046
f 4254/2674/1048 4253/2677/1048 4251/2675/1047
f 4256/2676/1049 4255/2679/1051 4253/2677/1048
f 4258/2678/1050 4257/2681/1050 4255/2679/1051
f 4260/2680/1052 4259/2683/1052 4257/2681/1050
f 4262/2682/1053 4261/2685/1053 4259/2683/1052
f 4264/2684/1054 4263/2687/1054 4261/2685/1053
f 4266/2686/1055 4265/2689/1055 4263/2687/1054
f 4268/2688/1056 4267/2691/1056 4265/2689/1055
f 4270/2690/1057 4269/2693/1057 4267/2691/1056
f 4272/2692/1058 4271/2695/1058 4269/2693/1057
f 4274/2694/1059 4273/2697/1059 4271/2695/1058
f 4276/2696/1060 4275/2699/1060 4273/2697/1059
f 4278/2698/1061 4277/2701/1061 4275/2699/1060
f 4280/2700/1062 4279/2703/1062 4277/2701/1061
f 4282/2702/1063 4281/2705/1063 4279/2703/1062
f 4284/2704/1064 4283/2707/1064 4281/2705/1063
f 4286/2706/1065 4285/2709/1065 4283/2707/1064
f 4288/2708/1066 4287/2711/1066 4285/2709/1065
f 4290/2710/1067 4289/2713/1069 4287/2711/1066
f 4292/2712/1068 4291/2715/1071 4289/2713/1069
f 4294/2714/1070 4293/2717/1070 4291/2715/1071
f 4296/2716/1072 4295/2719/1072 4293/2717/1070
f 4298/2718/1073 4297/2721/1073 4295/2719/1072
f 4300/2720/1074 4299/2723/1074 4297/2721/1073
f 4302/2722/1075 4301/2725/1077 4299/2723/1074
f 4304/2724/1076 4303/2727/1076 4301/2725/1077
f 4306/2726/1078 4305/2729/1078 4303/2727/1076
f 4308/2728/1079 4307/2731/1079 4305/2729/1078
f 4310/2730/1080 4309/2733/1080 4307/2731/1079
f 4312/2732/1081 4311/2735/1081 4309/2733/1080
f 4314/2734/1082 4313/2737/1084 4311/2735/1081
f 4316/2736/1083 4315/2739/1083 4313/2737/1084
f 4318/2738/1085 4317/2741/1085 4315/2739/1083
f 4320/2740/1086 4319/2743/1086 4317/2741/1085
f 4322/2742/1087 4321/2745/1087 4319/2743/1086
f 4324/2744/1088 4323/2747/1088 4321/2745/1087
f 4326/2746/1089 4325/2749/1089 4323/2747/1088
f 4328/2748/1090 4327/2751/1090 4325/2749/1089
f 4330/2750/1091 4329/2753/1093 4327/2751/1090
f 4332/2752/1092 4331/2755/1092 4329/2753/1093
f 4334/2754/1094 4333/2757/1094 4331/2755/1092
f 4336/2756/1095 4335/2759/1095 4333/2757/1094
f 4338/2758/1096 4337/2761/1096 4335/2759/1095
f 4340/2760/740 4339/2763/740 4337/2761/1096
f 4342/2762/148 4341/2765/148 4339/2763/740
f 4344/2764/148 4343/2766/148 4341/2765/148
f 4032/1092/740 4031/160/740 4343/2766/148
f 4348/2767/1097 4347/2769/1097 4345/9/1098
f 4350/2768/1099 4349/2771/1099 4347/2769/1097
f 4352/2770/1100 4351/2773/1100 4349/2771/1099
f 4354/2772/1101 4353/2775/1101 4351/2773/1100
f 4356/2774/1102 4355/365/1102 4353/2775/1101
f 4358/2776/1103 4357/2778/1103 4355/365/1102
f 4360/2777/1104 4359/2780/1105 4357/2778/1103
f 4362/2779/305 4361/2782/305 4359/2780/1105
f 4364/2781/1106 4363/2784/1106 4361/2782/305
f 4366/2783/1107 4365/374/1107 4363/2784/1106
f 4368/2785/1108 4367/2787/1108 4365/374/1107
f 4370/2786/1109 4369/2789/1109 4367/2787/1108
f 4372/2788/1110 4371/2791/1110 4369/2789/1109
f 4374/2790/1111 4373/2793/1111 4371/2791/1110
f 4376/2792/1112 4375/350/1112 4373/2793/1111
f 4378/2794/1113 4377/2796/1113 4375/350/1112
f 4380/2795/1114 4379/2798/1116 4377/2796/1113
f 4382/2797/1115 4381/2800/1115 4379/2798/1116
f 4384/2799/1117 4383/2802/1117 4381/2800/1115
f 4386/2801/1118 4385/354/1118 4383/2802/1117
f 4388/2803/1119 4387/2805/1119 4385/354/1118
f 4390/2804/1120 4389/2807/1120 4387/2805/1119
f 4392/2806/1121 4391/2809/1121 4389/2807/1120
f 4394/2808/1122 4393/2810/1122 4391/2809/1121
f 4346/1092/1098 4345/160/1098 4393/2810/1122
f 4398/1717/1123 4397/1032/1123 4395/9/962
f 4400/1720/1125 4399/1009/1127 4397/1032/1123
f 4402/1723/1126 4401/994/1129 4399/1009/1127
f 4404/1496/1128 4403/504/1128 4401/994/1129
f 4406/1728/1130 4405/1048/1130 4403/504/1128
f 4408/1731/1131 4407/1039/1131 4405/1048/1130
f 4410/1734/1132 4409/1002/1134 4407/1039/1131
f 4412/1079/1133 4411/412/1136 4409/1002/1134
f 4414/1739/1135 4413/959/1138 4411/412/1136
f 4416/1742/1137 4415/943/1140 4413/959/1138
f 4418/1745/1139 4417/925/1142 4415/943/1140
f 4420/1641/1141 4419/612/1143 4417/925/1142
f 4422/1750/740 4421/893/740 4419/612/1143
f 4424/1753/661 4423/934/661 4421/893/740
f 4426/1756/181 4425/913/181 4423/934/661
f 4396/1092/1124 4395/160/962 4425/913/181
f 4430/2774/148 4429/365/148 4427/9/1144
f 4432/2783/740 4431/374/740 4429/365/148
f 4434/2792/661 4433/350/661 4431/374/740
f 4436/2801/178 4435/354/178 4433/350/661
f 4428/1092/1144 4427/160/1144 4435/354/178
